,Group Name,Articles,HS Words
0,lellahutanpage,‡∂Ø‡∑ê‡∂Ç ‡∂â‡∂≠‡∑í‡∂±‡∑ä ‡∑Ä‡∑Ä‡∑è‡∂ú‡∑ô‡∂± ‡∂ö‡∑è‡∂Ω‡∑è ‡∂¥‡∑ô‡∂ª‡∑è‡∂ú‡∑ô‡∂± ‡∂∂‡∑ú‡∂±‡∑ä‡∂± ‡∑Ä‡∑ô‡∂±‡∑ä‡∂±‡∑ô üòÇ,0
1,lellahutanpage,"‡∂Ö‡∂Ø‡∑í‡∂±‡∑ä ‡∑Ä‡∑í‡∑Å‡∑ä‚Äç‡∂ª‡∑è‡∂∏ ‡∂∫‡∂± ‡∂¢‡∑ô‡∂±‡∂ª‡∑è‡∂Ω‡∑ä ‡∑Å‡∑Ä‡∑ö‡∂±‡∑ä‡∂Ø‡∑ä‚Äç‡∂ª ‡∑É‡∑í‡∂Ω‡∑ä‡∑Ä‡∑è ‡∂∏‡∑Ñ‡∂≠‡∑ä‡∂∏‡∂∫‡∑è ‡∂∏‡∂∏ ‡∂Ø‡∂ö‡∑í‡∂±‡∑ä‡∂±‡∑ö ‡∑Ñ‡∂∏‡∑î‡∂Ø‡∑è‡∑Ä‡∑ô‡∂±‡∑ä ‡∂¥‡∑í‡∂ß ‡∂ë‡∂Ω‡∑í‡∂∫‡∑ö ‡∂∏‡∑í‡∂±‡∑í‡∑É‡∑ä‡∑É‡∑î ‡∂ë‡∂ö‡∑ä‡∂ö ‡∂∏‡∑è‡∂∞‡∑ä‚Äç‡∂∫ ‡∂ë‡∂ö‡∑ä‡∂ö ‡∑Ñ‡∑ú‡∂≥‡∂ß ‡∑Ä‡∑ê‡∂© ‡∂ö‡∂ª‡∂±‡∑ä‡∂± ‡∂¥‡∑î‡∂Ω‡∑î‡∑Ä‡∂±‡∑ä ‡∂Ö‡∂≠‡∂Ω‡∑ú‡∑É‡∑ä‡∑É‡∂ö‡∑ä ‡∑Ä‡∑ñ ‡∑Ñ‡∂∏‡∑î‡∂Ø‡∑è ‡∂±‡∑í‡∂Ω‡∂∞‡∑è‡∂ª‡∑ì‡∂±‡∑ä‡∂ú‡∑ô‡∂±‡∑ä ‡∂ö‡∑ô‡∂±‡∑ô‡∂ö‡∑ä ‡∑Ä‡∑í‡∂Ø‡∑í‡∂∫‡∂ß..

‡∂∫‡∑î‡∂Ø‡∑ä‡∂∞‡∂∫ ‡∂ö‡∑è‡∂Ω‡∑ö ‡∂¥‡∑ä‚Äç‡∂ª‡∂∞‡∑è‡∂± ‡∂¥‡∑ä‚Äç‡∂ª‡∑Ñ‡∑è‡∂ª‡∂ö ‡∑É‡∑ö‡∂±‡∑è‡∂Ç‡∂ö 5‡∂ö‡∑ä ‡∑Ä‡∂±‡∑ä‡∂±‡∑í ‡∂∏‡∑è‡∂±‡∑î‡∑Ç‡∑í‡∂∫ ‡∂∏‡∑ô‡∑Ñ‡∑ô‡∂∫‡∑î‡∂∏‡∂ß ‡∂ë‡∂ö‡∂≠‡∑î‡∑Ä‡∑î‡∂±‡∑è. ‡∂í ‡∑É‡∑ö‡∂±‡∑è‡∂Ç‡∂ö‡∂∫‡∂ö‡∑ä ‡∂∏‡∑ô‡∑Ñ‡∑ô‡∂∫‡∑Ä‡∂¥‡∑î ‡∂Ω‡∑è‡∂∂‡∑è‡∂Ω‡∂∏ ‡∑É‡∑ö‡∂±‡∑è‡∂Ç‡∂ö‡∑è‡∂∞‡∑í‡∂¥‡∂≠‡∑í‡∂≠‡∑î‡∂∏
‡∑è...",0
2,lellahutanpage,üòÅüòÅ,0
3,lellahutanpage,"‡∑É‡∂∂‡∂±‡∑ä ‡∂≠‡∑ú‡∂ú ‡∂¥‡∑í‡∂ß‡∑í‡∂±‡∑ä ‡∂ã‡∑É‡∑ä‡∑É‡∂Ç ‡∂ú‡∑í‡∂∫‡∂¥‡∑î ‡∂∏‡∑í‡∂±‡∑í‡∑É‡∑ä‡∑É‡∑î ‡∂â‡∂±‡∑ä‡∂± ‡∂ª‡∂ß‡∂ö‡∑ä ‡∂∏‡∑ö‡∂ö

This is a country where there are people who carried soap stocks",0
4,lellahutanpage,üòÇüòÇ,0
5,lellahutanpage,Lella Hutan,0
6,lellahutanpage,Lella Hutan,0
7,lellahutanpage,"‡∂Ö‡∂©‡∑ù üòê ‡∑Ü‡∑ö‡∑É‡∑ä‡∂∂‡∑î‡∂ö‡∑ä ‡∂ë‡∂ö‡∑ö ‡∂Ø‡∑ê‡∂ö‡∂¥‡∑î ‡∑É‡∑î‡∂¥‡∑í‡∂ª‡∑í‡∂∏ ‡∂ö‡∂≠‡∑è‡∑Ä üòé‚ù§Ô∏è

Ado üòê The best story seen on Facebook üòé ‚ù§Ô∏è

‡∑Ñ‡∑ò‡∂Ø‡∑É‡∑è‡∂ö‡∑ä‡∑Ç‡∑í‡∂∫

‡∑Ñ‡∑ò‡∂Ø‡∑É‡∑è‡∂ö‡∑ä‡∑Ç‡∑í‡∂∫

‡∑Ñ‡∑í‡∂≠‡∂±‡∑ä‡∂± ‡∂¥‡∑î‡∂Ω‡∑î‡∑Ä‡∂±‡∑ä ‡∑Ä‡∑ô‡∂±‡∑ä‡∂±‡∑ô ‡∂ö‡∑Ä‡∂Ø‡∑ä‡∂Ø ?
...............
...............
...............
...............
..

‡∂Ö‡∂¥‡∑ö ‡∂ª‡∂ß‡∑ö ‡∂ë‡∂ö ‡∂ë‡∂ö ‡∂Ω‡∑ú‡∂ö‡∑î ‡∂Ω‡∑ú‡∂ö‡∑î ‡∂¥‡∑ä‚Äç‡∂ª‡∑Å‡∑ä‡∂± ‡∑É‡∑Ñ ‡∑Ä‡∑í‡∑É‡∂Ø‡∑î‡∂∏‡∑ä ‡∂¥‡∑ô‡∂±‡∑ä‡∂±‡∑î‡∑Ä‡∑è‡∂ß ‡∂á‡∂≠‡∑ä‡∂≠‡∂ß‡∂∏ ‡∂Ö‡∂¥‡∑ö ‡∂ª‡∂ß‡∑ö ‡∂≠‡∑í‡∂∫‡∑ô‡∂±‡∑ä‡∂±‡∑ô ‡∑Ñ‡∑í‡∂≠‡∂±‡∑ä‡∂± ‡∂∂‡∑ê‡∂ª‡∑í ‡∂∏‡∑í‡∂±‡∑í‡∑É‡∑ä‡∑É‡∑î ‡∂â‡∂±‡∑ä‡∂± ‡∂¥‡∑ä‚Äç‡∂ª‡∑Å‡∑ä‡∂±‡∂∫‡∂ö‡∑ä

‡∂∏‡∑í‡∂±‡∑í‡∑É‡∑ä‡∑É‡∑î ‡∂∏‡∑ú‡∂Ω‡∂∫‡∂ö‡∑ä ‡∂≠‡∑í‡∂∫‡∑ô‡∂±‡∑Ä ‡∑Ñ‡∑í‡∂≠‡∂±‡∑ä‡∂± ‡∂¥‡∑î‡∂Ω‡∑î‡∑Ä‡∂±‡∑ä ‡∑Ñ‡∑ê‡∂ö‡∑í‡∂∫‡∑è‡∑Ä‡∂ö‡∑ä ‡∂≠‡∑í‡∂∫‡∑ô‡∂±‡∑Ä ‡∂ö‡∑í‡∂∫‡∂Ω‡∑è ‡∑Ñ‡∑ê‡∂∏‡∑ù‡∂∏ ‡∂ö‡∑í‡∑Ä‡∑ä‡∑Ä‡∂ß ‡∂á‡∂≠‡∑ä‡∂≠‡∂ß‡∂∏ ‡∂î‡∂∫‡∑è‡∂ß ‡∑Ñ‡∑í‡∂≠‡∂±‡∑ä‡∂±...",0
8,lellahutanpage,Lella Hutan,0
9,lellahutanpage,‚ù§Ô∏è,0
10,lellahutanpage,"‚ù§Ô∏è

Suvin Muthukumarana

Suvin Muthukumarana

‡∂∏‡∑è‡∂±‡∑î‡∑Ç‡∑í‡∂∫ ‡∂∏‡∑ô‡∑Ñ‡∑ô‡∂∫‡∑î‡∂∏‡∑ö ‡∂∂‡∂Ω‡∑Ä‡∂≠‡∑ä‡∂∏ ‡∑É‡∑ö‡∂±‡∑è‡∂Ç‡∂ö‡∂∫ ‡∑Ä‡∑ñ‡∂∫‡∑ö 58‡∑Ä‡∂± ‡∑É‡∑ö‡∂±‡∑è‡∂Ç‡∂ö‡∂∫‡∂∫‡∑í.‡∂∏‡∂±‡∑ä‡∂±‡∑è
‡∂ª‡∂∏ ‡∑É‡∑Ñ‡∂Ω‡∑ä ‡∑Ñ‡∑ê‡∂Ω‡∑í‡∂∫ ‡∑Ñ‡∂ª‡∑Ñ‡∑è ‡∑Ä‡∑ô‡∂©‡∑í‡∂≠‡∂Ω‡∂≠‡∑í‡∑Ä‡∑ä ‡∑Ñ‡∂ª‡∑Ñ‡∑è ‡∂±‡∂±‡∑ä‡∂Ø‡∑í‡∂ö‡∂©‡∑è‡∂Ω‡∑ä ‡∂Ø‡∂ö‡∑ä‡∑Ä‡∑è ‡∂Ü ‡∂ú‡∂∏‡∂± ‡∂Ö‡∂Ø‡∂ß‡∂≠‡∑ä ‡∂â‡∂≠‡∑í‡∑Ñ‡∑è‡∑É‡∂∫‡∑ö ‡∂ª‡∂±‡∑ä ‡∂Ö‡∂ö‡∑î‡∂ª‡∑í‡∂±‡∑ä ‡∂Ω‡∑í‡∂∫‡∑Ä‡∑ì ‡∂≠‡∑í‡∂∂‡∑ö.

‡∑É‡∂ß‡∂±‡∑ä ‡∑Ä‡∑í‡∂ª‡∑è‡∂∏ ‡∂ú‡∑í‡∑Ä‡∑í‡∑É‡∑î‡∂∏ ‡∂Ö‡∂≠‡∑ä‡∑É‡∂±‡∑ä ‡∂ö‡∂ª‡∂± ‡∂∏‡∑ú‡∑Ñ‡∑ô‡∂≠‡∑ö‡∂Ø‡∑í‡∂≠‡∑ä ‡∂¥‡∑Ä‡∑è LTTE ‡∂±‡∑è‡∂∫‡∂ö‡∂∫‡∑í‡∂±‡∑ä‡∂ß ‡∂Ö‡∂≠‡∂ß ‡∂Ö‡∂≠ ‡∂Ø‡∑ì‡∂∏ ‡∂¥‡∑ä‚Äç‡∂ª‡∂≠‡∑í‡∂ö‡∑ä‡∑Ç‡∑ö‡∂¥ ‡∂ö‡∂Ω ‡∑Ä‡∑í‡∂ª‡∑î‡∑Ä‡∑è ‡∂î‡∑Ñ‡∑î‡∂∫‡∑í.

‡∂Ø‡∑ö‡∑Å‡∂¥‡∑è‡∂Ω‡∂ö‡∂∫‡∑í‡∂±‡∑ä‡∂ß ‡∂Ü‡∂ª‡∂ö‡∑ä‡∑Ç‡∑è‡∑Ä ‡∂±‡∑ô‡∑è‡∂Ø‡∑î‡∂±‡∑ä‡∂±‡∑è ‡∂∫‡∑ê‡∂∫‡∑í ‡∂ö‡∑í‡∂∫‡∑è ‡∂†‡∑ù‡∂Ø‡∂±‡∑è...

The 58th army was the most powerful army of the Humanity operation. The journey through Mannar Rice Haliya to Nandikadal via Gedithalativu is still written in golden letters in history.

He is the hero who refused to give hand to LTTE leaders even when the ceasefire agreement was signed.

There are reports that those of you accusing politicians of not giving security will resign as Commander next week.

Even if they are not true, the Sri Lankan nation will never forget the service you did for the country.

Note: Suvin Muthukumarana

#Ika",0
11,lellahutanpage,Finance minister Ranil üòÇ,0
12,lellahutanpage,"We are not JVP, this government is making us JVP.",0
13,lellahutanpage,"üòÇüòÇ ‡∂∏‡∑î‡∂Ç ‡∑Ñ‡∑ê‡∂∏ ‡∂∏‡∂ú‡∑î‡∂Ω‡∂ß‡∂∏ ‡∂ª‡∑í‡∂Ç‡∂ú‡∂±‡∑ä‡∂± ‡∂Ö‡∂ª‡∂Ç

üòÇ üòÇ These guys have crawled into everything",0
14,lellahutanpage,"‡∂¥‡∑í‡∂ß‡∂ª‡∂ß ‡∑Ä‡∂Ω ‡∑Ö‡∂∏‡∂∫‡∑í‡∂±‡∑ä‡∂ß ‡∂í ‡∂â‡∑É‡∑ä‡∂ö‡∑ù‡∂Ω ‡∑Ä‡∂Ω,

‡∑É‡∑ô‡∂Ω‡∑ä‡∂Ω‡∂∏‡∑ä ‡∂∂‡∂©‡∑î ‡∑Ñ‡∂Ø‡∂±‡∑ä‡∂± ‡∂¥‡∑î‡∂ª‡∑î‡∂Ø‡∑î ‡∂ö‡∂ª‡∂±‡∑Ä‡∑è,‡∂í‡∑Ä‡∑è ‡∂≠‡∂∏‡∑è ‡∂Ö‡∂¥‡∑ö ‡∂ª‡∂ß‡∑ô‡∂≠‡∑ä ‡∑Ä‡∑í‡∂ö‡∑î‡∂±‡∂±‡∑ä‡∂±‡∑ô

‡∂¥‡∑ú‡∂©‡∑í ‡∂¥‡∑ú‡∂©‡∑í ‡∂ª‡∑ú‡∂∂‡∑ù‡∑Ä‡∂ª‡∑î,‡∂≠‡∑è‡∂ö‡∑ä‡∑Ç‡∂´‡∑í
‡∂ö ‡∂ã‡∂¥‡∂ö‡∂ª‡∂´ ‡∑Ñ‡∂Ø‡∂±‡∑ä‡∂± ‡∂¥‡∑î‡∂ª‡∑î‡∂Ø‡∑î ‡∂ö‡∂ª‡∂±‡∑Ä‡∑è

‡∂Ω‡∑ú‡∂ö‡∑î ‡∂Ω‡∑ú‡∂ö‡∑î ‡∑Ä‡∑í‡∂Ø‡∑ä‚Äç‡∂∫‡∑è‡∂≠‡∑ä‡∂∏‡∂ö ‡∂ö‡∂ª‡∑î‡∂´‡∑î ‡∂ã‡∂ú‡∂±‡∑ä‡∂±‡∂±‡∑Ä‡∑è

‡∂≠‡∑è‡∂ö‡∑ä‡∑Ç‡∂±‡∑ö ‡∂ö‡∑ò‡∑Ç‡∑í‡∂ö‡∂ª‡∑ä‡∂∏‡∂∫‡∂ß ‡∂¥‡∑è‡∑Ä‡∑í‡∂†‡∑ä‡∂†‡∑í ‡∂ö‡∂ª‡∂±‡∑ä‡∂± ‡∂ã‡∂ú‡∂±‡∑ä‡∂±‡∂±‡∑ä‡∑Ä‡∑è

‡∂í ‡∑Ö‡∂∏‡∂∫‡∑í‡∂±‡∑ä‡∂ß ‡∂ã‡∂ú‡∂±‡∑ä‡∂±‡∂± ‡∂í‡∑Ä‡∑è ‡∂í ‡∂Ω‡∂∏‡∂∫‡∑í ‡∂â‡∑É‡∑ä‡∂ö‡∑ù‡∂Ω‡∑ô‡∂±‡∑ä ‡∂Ö‡∂∫‡∑í‡∂±‡∑ä ‡∂ã‡∂±‡∑è‡∂ß ‡∂¥‡∑É‡∑ä‡∑É‡∑ô ‡∑É‡∑ò‡∂¢‡∑î‡∑Ä‡∂∏ ‡∂Ü‡∂ª‡∑ä‡∂≠‡∑í‡∂ö ‡∂ö‡∂ß‡∂∫‡∑î‡∂≠‡∑î ‡∑Ä‡∂Ω‡∂ß ‡∂∫‡∑ú‡∂Ø‡∑è ‡∂ú‡∂±‡∑ä‡∂± ‡∂¥‡∑î‡∂Ω‡∑î‡∑Ä‡∂±‡∑ä
...",0
15,lellahutanpage,"In the past, Ioc was the first to increase üòÇ Now the Sipetco is the first to increase ü§®",0
16,lellahutanpage,Oil prices again üò• ‚¨ÜÔ∏è,0
17,lellahutanpage,"‡∂±‡∑Ä ‡∑É‡∑Ñ‡∂± ‡∂Ö‡∂∫‡∑Ä‡∑ê‡∂∫‡∂ö‡∑ä -

01.‡∂ª‡∑è‡∂¢‡∑ä‚Äç‡∂∫ ‡∑É‡∑ö‡∑Ä‡∂ö ‡∑Ä‡∑ê‡∂ß‡∑î‡∂¥‡∑ä ‡∂ª‡∑î‡∂¥‡∑í‡∂∫‡∂Ω‡∑ä 20,000‡∂ö‡∑í‡∂±‡∑ä ‡∂â‡∑Ñ‡∑Ö‡∂ß

02.‡∑Å‡∑ä‚Äç‡∂ª‡∑í ‡∂Ω‡∂Ç‡∂ö‡∂±‡∑ä ‡∂á‡∂≠‡∑î‡∑Ö‡∑î ‡∂ª‡∑è‡∂¢‡∑ä‚Äç‡∂∫ ‡∂Ü‡∂∫‡∂≠‡∂± 05‡∂ö‡∑ä ‡∂¥‡∑û‡∂Ø‡∑ä‡∂ú‡∂Ω‡∑í‡∂ö‡∂ª‡∂´‡∂∫‡∂ß ‡∂¥‡∑í‡∂∫‡∑Ä‡∂ª

03.‡∑Ä‡∂≠‡∑î‡∂ö‡∂∏‡∑ä‡∂ö‡∂ª‡∑î ‡∂Ø‡∑õ‡∂±‡∑í‡∂ö ‡∑Ä‡∑ê‡∂ß‡∑î‡∂¥ ‡∂ª‡∑î‡∂¥‡∑í‡∂∫‡∂Ω‡∑ä 1500 ‡∂Ø‡∂ö‡∑ä‡∑Ä‡∑è ‡∂â‡∑Ñ‡∑Ö‡∂ß.

04.‡∑Ä‡∑í‡∂Ø‡∑ö‡∑Å‡∑í‡∂ö‡∂∫‡∑í‡∂±‡∑ä‡∂ß
‡∑Å‡∑ä‚Äç‡∂ª‡∑í ‡∂Ω‡∂Ç‡∂ö‡∑è‡∑Ä‡∑ö ‡∂â‡∂©‡∂∏‡∑ä ‡∂∏‡∑í‡∂Ω‡∂Ø‡∑ì ‡∂ú‡∑ê‡∂±‡∑ì‡∂∏‡∂ß ‡∂Ö‡∑Ä‡∑É‡∂ª

Ceylon today

A new relief budget -

01. Government servants salary increased by Rs 20,000

02. Steps to privatize 5 government institutions including Sri Lankan

03. Estateman's daily salary increased up to Rs 1500.

04. Foreigners allowed to buy land in Sri Lanka

Ceylon today",0
18,lellahutanpage,"‡∂¢‡∑è‡∂≠‡∑í‡∂ö ‡∑Ä‡∑ì‡∂ª‡∂∫‡∑ù ‡∑Ä‡∂ú‡∑ö üòÇüòÇüòÇ

Like national heroes üòÇ üòÇ üòÇ",0
19,lellahutanpage,"‡∂∏‡∑í‡∂±‡∑í‡∑É‡∑ä‡∑É‡∑î üòç ‚ù§Ô∏è‚ù§Ô∏è

People üòç ‚ù§Ô∏è‚ù§Ô∏è",0
20,lellahutanpage,Will that Wijayadasa's son Rakitha Rajapaksha not say Gota go home again? üòÇ,0
21,lellahutanpage,"‡∂¢‡∂±‡∑è‡∂∞‡∑í‡∂¥‡∂≠‡∑í ‡∂ú‡∑ô ‡∂∏‡∑ñ‡∂±‡∑Ä‡∂≠‡∑ä ‡∂±‡∑ú‡∂∂‡∂Ω‡∑è ‡∂¥‡∑í#‡∂ö‡∑î‡∂Ω‡∑ô‡∂±‡∑ä ‡∂ú‡∂≠‡∑ä‡∂≠‡∑è ‡∂ö‡∑í‡∂∫‡∂¥‡∑î ‡∂¥‡∑ú‡∂ª,‡∂Ö‡∂ª‡∂Ç ‡∂≠‡∑í‡∂∫‡∑ô‡∂± ‡∑Ñ‡∑ê‡∂ß‡∑í ‡∂∂‡∂Ω‡∑è‡∂Ç‡∂ö‡∑ú üòÇüòÇüòÇ",0
22,lellahutanpage,"‡∑É‡∑í‡∂ª‡∑è‡∑Ä‡∂ß‡∂∏ ‡∂∫‡∂ß ‡∂ã‡∂±‡∑ä ‡∂ß‡∑í‡∂ö ‡∂¥‡∑Ä‡∑ä üòÇüòÇ

Seriously, poor those who are under üòÇ üòÇ",0
23,lellahutanpage,Harin who said that he will light the night until the end of the aragale is today minister üôÇ,0
24,lellahutanpage,Lella Hutan,0
25,lellahutanpage,"‡∂í‡∑Ä‡∑è ‡∂±‡∂∏‡∑ä ‡∑É‡∑î‡∂¥‡∑í‡∂ª‡∑í ‡∂ª‡∂ß‡∑Ä‡∂Ω‡∑ä ‡∂∂‡∂Ç üòÇ

Those are super countries man üòÇ",0
26,lellahutanpage,"* ‡∑É ‡∑Ü‡∑ö‡∂Ω‡∑ä, ‡∑É ‡∂ß ‡∑Ä‡∑ê‡∂© ‡∂∂‡∑ë ‡∂ö‡∑í‡∂∫‡∂¥‡∑î ‡∑Ñ‡∂ª‡∑ì‡∂±‡∑ä ‡∑É ‡∂ú‡∑ô ‡∂ö‡∑ê‡∂∂‡∑í‡∂±‡∂ß‡∑ä ‡∂á‡∂∏‡∂≠‡∑í.(‡∂≠‡∑è‡∂≠‡∑ä‡∂≠‡∑è ‡∂ö‡∑í‡∂∫‡∂¥‡∑î ‡∂±‡∑í‡∑É‡∑è ‡∑Ä‡∑ô‡∂±‡∑ä‡∂±‡∑ê‡∂≠‡∑í)
* ‡∑É ‡∂ª‡∑è‡∂¢‡∑ä‚Äç‡∂∫ ‡∂á‡∂∏‡∂≠‡∑í‡∂ö‡∂∏‡∑ô‡∂±‡∑ä ‡∂¥‡∂±‡∑ä‡∂±‡∂¥‡∑î ‡∑É‡∑î‡∑É‡∑í‡∂Ω‡∑ä ‡∂Ü‡∂¥‡∑Ñ‡∑î ‡∂ö‡∑ê‡∂∂‡∑í‡∂±‡∂ß‡∑ä ‡∂á‡∂∏‡∂≠‡∑í.
* ‡∂ë‡∑Ñ‡∑ô‡∂ß ‡∂∏‡∑ô‡∑Ñ‡∑ô‡∂ß ‡∂¥‡∂±‡∑í‡∂± ‡∂∏‡∂±‡∑ñ‡∑Ç ‡∂Ü‡∂¥‡∑Ñ‡∑î ‡∂¥‡∑ê‡∂±‡∂Ω‡∑è ‡∂ö‡∑ê‡∂∂‡∑í‡∂±‡∂ß‡∑ä ‡∂á‡∂∏‡∂≠‡∑í.
* ‡∂¥‡∑è‡∂ª‡∑ä‡∂Ω‡∑í‡∂∏‡∑ö‡∂±‡∑ä‡∂≠‡∑î‡∑Ä‡∑ö ‡∂ö‡∑í‡∑É‡∑í‡∂∏ ‡∂Ø‡∑Ä‡∑É‡∂ö ‡∂ö‡∂≠‡∑è ‡∂ö‡∂ª‡∂Ω‡∑è ‡∂±‡∑ê‡∂≠‡∑í, ‡∂∏‡∑ô‡∂Ω‡∑ù ‡∑Ä‡∑ê‡∂©‡∂ö‡∂ß ‡∂±‡∑ê‡∂≠‡∑í ‡∂ö‡∑î‡∂¥‡∑ä‚Äç‡∂ª‡∂ö‡∂ß ‡∂ß‡∑í‡∂ª‡∑è‡∂±‡∑ä ‡∂Ö‡∂Ω‡∑É‡∑ä ‡∂ö‡∑ê‡∂∂‡∑í‡∂±‡∂ß‡∑ä ‡∂á‡∂∏‡∂≠‡∑í.
* ‡∂±‡∑í‡∂∏‡∂Ω‡∑ä ‡∑É‡∑í‡∂ª‡∑í‡∂¥‡∑è‡∂Ω...‡∂ë‡∂∫‡∑è ‡∑Ñ‡∑ê‡∂∏‡∂Ø‡∑è‡∂∏ ‡∂ö‡∑ê‡∂∂‡∑í‡∂±‡∂ß‡∑ä ‡∂á‡∂∏‡∂≠‡∑í.
* ‡∂ö‡∑ê‡∂∂‡∑í‡∂±‡∂ß‡∑ä ‡∂á‡∂∏‡∂≠‡∑í‡∂ö‡∂∏ ‡∂Ø‡∑î‡∂±‡∑ä‡∂±‡∑ô ‡∂±‡∑ë ‡∂ö‡∑í‡∂∫‡∂Ω‡∑è ‡∂ë‡∑Ö‡∑í‡∂∫‡∂ß ‡∂ú‡∑í‡∑Ñ‡∑í‡∂±‡∑ä ‡∂¥‡∂ß‡∑ä‡∂ß ‡∂ú‡∑Ñ‡∂¥‡∑î ‡∑Ä‡∑í‡∂¢‡∑ö‡∂Ø‡∑è‡∑É (‡∂â‡∑É‡∑ä‡∑É‡∂ª ‡∂©‡∑ì‡∂Ω‡∑ä ‡∂Ø‡∑è‡∑É) ‡∂ö‡∑ê‡∂∂‡∑í‡∂±‡∂ß‡∑ä ‡∂á‡∂∏‡∂≠‡∑í.

‡∂∏‡∂ª‡∑î...

*Sa failed, Harin Sa's cabinet minister who said Sa cannot work. (Maybe because father said it)
* Susil, who was kicked out of the state minister post, is back to the cabinet minister.
* The people who jump here and there have jumped back, Cabinet Minister.
* The useless and useless Cabinet Minister who has never spoken in the Parliament.
* Nimal Siripala... He will always be the cabinet minister.
* Wijedasa (deal dasa) Cabinet minister who went out and played well saying he didn't give cabinet minister post.

Nice...",0
27,lellahutanpage,"Now there is no need to come to TV shows and say Sir Fail, no human üòÇ",0
28,lellahutanpage,üòÇüòÇüòÇ,0
29,lellahutanpage,Harin is tourism cabinet minister üòÇ,0
30,lellahutanpage,üôÇ,0
31,lellahutanpage,"‡∂¥‡∑í‡∂ß‡∑í ‡∂ö‡∑í‡∂Ω‡∑ù‡∑Ä 40 ‡∂ö‡∑í‡∂±‡∑ä ‡∑Ä‡∑ê‡∂©‡∑í ‡∂ã‡∂±‡∑è‡∂∏ ‡∂¥‡∑è‡∂Ç ‡∂ë‡∂ö 30 ‡∂ö‡∑í‡∂±‡∑ä ‡∑Ä‡∑ê‡∂©‡∑í ‡∂ö‡∂ª‡∂± ‡∂∂‡∑ö‡∂ö‡∂ª‡∑í ‡∂ö‡∑è‡∂ª‡∂∫‡∑ù,‡∂¥‡∑í‡∂ß‡∑í ‡∂ö‡∑í‡∂Ω‡∑ù‡∑Ä 50 ‡∂ö‡∑í‡∂±‡∑ä ‡∂Ö‡∂©‡∑î ‡∂ã‡∂±‡∂≠‡∑ä ‡∂ª‡∑î‡∂¥‡∑í‡∂∫‡∂Ω‡∑ä 5 ‡∂ö‡∂ß ‡∑Ä‡∂©‡∑è ‡∂Ö‡∂©‡∑î ‡∂ö‡∂ª‡∂±‡∑ä‡∂±‡∑ë ‡∂¥‡∑è‡∂Ç

‡∂Ø‡∑è‡∑Ñ‡∂ß ‡∂Ø‡∑ô‡∂Ø‡∑è‡∑Ñ‡∂ß ‡∂ú‡∂≠‡∑ä‡∂≠‡∑î ‡∂∂‡∂©‡∑î ‡∑Ñ‡∂∫ ‡∑Ñ‡∂≠‡∑ä ‡∂Ø‡∑è‡∑Ñ‡∂ß ‡∑Ä‡∑í‡∂ö‡∑î‡∂±‡∂± ‡∑Ñ‡∑è‡∂©‡∑ä‡∑Ä‡∑ô‡∂∫‡∑è‡∂ª‡∑ä‡∂ö‡∑è‡∂ª‡∂∫‡∑ù

‡∂ö‡∑í‡∂ª‡∑í‡∂¥‡∑í‡∂ß‡∑í ‡∑Ñ‡∂ª‡∑í ‡∂∏‡∑ú‡∂±‡∑Ä‡∑è ‡∑Ñ‡∂ª‡∑í ‡∂Ø‡∑ê‡∂Ç ‡∑Ä‡∑ê‡∂©‡∑í ‡∂ã‡∂±‡∑ú‡∂≠‡∑ä ‡∂≠‡∑í‡∂∫‡∑ô‡∂± ‡∂∏‡∑í‡∂Ω‡∂ß ‡∂ã‡∂©‡∑í‡∂±‡∑ä ‡∑Ä‡∑ê‡∂©‡∑í ‡∂ú‡∑è‡∂± ‡∂Ø‡∑è‡∂Ω‡∑è ‡∂Ω‡∑ö‡∂∂‡∂Ω‡∑ä ‡∂ú‡∑Ñ‡∂Ω‡∑è,‡∂Ö‡∂©‡∑î ‡∂ã‡∂±‡∑ú‡∂≠‡∑ä ‡∂¥‡∂ª‡∂± ‡∑É‡∑ä‡∂ß‡∑ú‡∂ö‡∑ä ‡∂≠‡∑í‡∂∫‡∑ô‡∂±‡∑ä‡∂±‡∑ô ‡∂í ‡∂±‡∑í‡∑É‡∑è ‡∂Ö‡∂©‡∑î ‡∂ö‡∂ª‡∂±‡∑ä‡∂± ‡∂∂‡∑ë ‡∂ö‡∑í‡∂∫‡∂± ‡∂ö‡∂© ‡∂ö‡∑è‡∂ª‡∂∫‡∑ù

‡∂Ø‡∑Ä‡∑É‡∑ô‡∂±‡∑ä ‡∂ö‡∂ª‡∂±‡∑ä‡∂± ‡∂¥‡∑î‡∂Ω‡∑î‡∑Ä‡∂±‡∑ä ‡∑Ä‡∑ê‡∂©‡∑ö ‡∂Ø‡∑Ä‡∑É‡∑ä ‡∂Ø‡∑ô‡∂ö‡∂ö‡∑ä ‡∂Ö‡∂≠‡∂ú‡∂ú‡∑è ‡∂ö‡∂ª‡∂± ‡∂∏‡∑ö‡∑É‡∂±‡∑ä‡∂∂‡∑è‡∑É‡∑ä ‡∂ö‡∑è‡∂ª‡∂∫‡∑ù

‡∂Ω‡∂∏‡∂∫‡∂ú‡∑ô ‡∂â‡∑É‡∑ä‡∂ö‡∑ù‡∂Ω‡∑ô ‡∑Ü‡∑ú‡∂ß‡∑ù‡∂ö‡∑ú‡∂¥‡∑í‡∂∫ ‡∂¥‡∑Ä‡∑è ‡∂î‡∑Ü‡∑í‡∑É‡∑ä ‡∂ë‡∂ö‡∑ô‡∂±‡∑ä ‡∂ú‡∑Ñ‡∂ú‡∑ô‡∂±,A4 ‡∂ö‡∑ú‡∂Ω‡∑ö ‡∂¥‡∑Ä‡∑è ‡∂ú‡∑ô‡∂Ø‡∂ª ‡∂ú‡∑ö‡∂± ‡∂ª‡∑è‡∂¢‡∑ä‚Äç‡∂∫ ‡∑É‡∑ö‡∑Ä‡∂ö‡∂∫‡∑ú

‡∂¥‡∂±‡∑ä‡∑É‡∂Ω‡∂ö‡∂ß ‡∂ú‡∑í‡∑Ñ‡∑è‡∂∏ ‡∂Ö‡∂ª‡∂ö ‡∑Ñ‡∂Ø‡∂±‡∑ä‡∂± ‡∂∏‡∑ö‡∂ö...",0
32,lellahutanpage,"When the kilo of flour increases by 40, the bread has been increased by 30. What a bakery owners ü§®",0
33,lellahutanpage,Lella Hutan,0
34,lellahutanpage,Government employees don't come to office tomorrow - Prime Minister,0
35,lellahutanpage,"At last Toyyas forgot the model, brothers forgot the Central Bank fraud üòÇ",0
36,lellahutanpage,"Oh, these are the matches üòê üòê",0
37,lellahutanpage,Lella Hutan,0
38,lellahutanpage,"‡∂ë‡∂Ø‡∑è ‡∂ª‡∂ß ‡∑Ä‡∑ô‡∂±‡∑î‡∑Ä‡∑ô‡∂±‡∑ä ‡∂¢‡∑ì‡∑Ä‡∑í‡∂≠‡∑ö ‡∑Ñ‡∑ú‡∂≥‡∂∏ ‡∂ö‡∑è‡∂Ω‡∑ô ‡∂ö‡∑ê‡∂¥ ‡∂ö‡∂ª‡∂¥‡∑î ‡∂∏‡∑í‡∂±‡∑í‡∑É‡∑ä‡∑É‡∑î‚ù§Ô∏è‚ù§Ô∏è

People who sacrificed their best time for the country then ‚ù§Ô∏è ‚ù§Ô∏è",0
39,lellahutanpage,150 JVP activists involved in house fire have been arrested at this time.,0
40,lellahutanpage,‡∂í ‡∂Ø‡∂±‡∑ä‡∑É‡∂Ω‡∂ß ‡∂ú‡∑í‡∑Ñ‡∑í‡∂±‡∑ä ‡∂Ø‡∑è‡∂¥‡∂Ç‡∂Ω‡∑î üòÇ,0
41,lellahutanpage,üôè‚ù§Ô∏è,0
42,lellahutanpage,It has been decided to cut the expenses of the Prime Minister Office by 50% from June,0
43,lellahutanpage,"‡∂Ø‡∑ë‡∂±‡∑ä ‡∂â‡∂≠‡∑í‡∂±‡∑ä ‡∂†‡∂±‡∑ä‡∂©‡∑í‡∂ö‡∂∏‡∑ä ‡∂Ø‡∑è‡∂¥‡∑î ‡∂¢‡∑ô‡∂¥‡∑ä‡∂¥‡∑ú ‡∂ß‡∑í‡∂ö‡∂ß‡∂∫‡∑í ‡∑É‡∂¢‡∂∂‡∑ô ‡∑É‡∑ô‡∂ß‡∑ä ‡∂ë‡∂ö‡∂ß‡∂∫‡∑í ‡∑É‡∑ë‡∑Ñ‡∑ô‡∂± ‡∂ö‡∑è‡∂Ω‡∂∫‡∂ö‡∑ä ‡∂á‡∂≠‡∑î‡∂Ω‡∑ô ‡∂â‡∂≥‡∂Ω‡∑è ‡∂ë‡∂±‡∑ä‡∂± ‡∂¥‡∑î‡∑Ö‡∑î‡∑Ä‡∂±‡∑ä

Now the JVPs and Sajabe gang can come from inside for a long time",0
44,lellahutanpage,"People played pandal after 3 years, the government imposed curfew after 8 pm üòê",0
45,lellahutanpage,Don't be in fuel queue in the next three days - Minister of Energy,0
46,lellahutanpage,‡∂ã‡∂Ø‡∑ä‡∂∞‡∂∏‡∂±‡∂∫ üò±,0
47,lellahutanpage,Lella Hutan,0
48,lellahutanpage,"‡∂Ö‡∂ª‡∂ú‡∂Ω‡∂∫ ‡∂ú‡∑í‡∑Ñ‡∑í‡∂±‡∑ä ‡∂≠‡∑í‡∂∫‡∑ô‡∂± ‡∂≠‡∑ê‡∂± üôÇ

‡∂á‡∂∫‡∑í ‡∂∏‡∑í‡∂±‡∑í‡∑É‡∑î‡∂±‡∑ö ‡∑Ä‡∑õ‡∂ª‡∂∫ ‡∂∏‡∑ô‡∂≠‡∂ª‡∂∏‡∑ä ‡∂¥‡∑ä‚Äç‡∂ª‡∑ö‡∂∏‡∂´‡∑ì‡∂∫ .

‡∂Ö‡∂ß‡∂¥‡∂ß‡∑ä‡∂ß‡∂∏
---------------
----
‡∑É‡∂∏‡∂†‡∂≠‡∑î‡∂ª‡∑É‡∑ä‚Äç‡∂ª ‡∑Ñ‡∂≠‡∂ª - ‡∂†‡∑è‡∂≠‡∑ñ‡∂ª‡∑ä‚Äç‡∂∫‡∑ä ‡∑É‡∂≠‡∑ä‚Äç‡∂∫‡∂∫ .
‡∂≠‡∑ä‚Äç‡∂ª‡∑ì‡∂ö‡∑ù‡∂´ ‡∂Ö‡∂ß - ‡∂Ö‡∂ß ‡∂Ω‡∑ù ‡∂Ø‡∑Ñ‡∂∏
‡∂ª‡∑ê‡∑Ö‡∑í ‡∑É‡∂∏‡∑î‡∑Ñ‡∂∫ - ‡∑É‡∑É‡∂ª ‡∂ú‡∂∏‡∂±
‡∂ã‡∂© ‡∂∫‡∂ß ‡∑Ñ‡∑í‡∑É‡∑ä‡∑Ä‡∑ì‡∂∏ - ‡∂â‡∂¥‡∂Ø‡∑ì‡∂∏ ‡∑Ñ‡∑è ‡∂∏‡∂ª‡∂´‡∂∫ .
...",0
49,lellahutanpage,"‡∑Ä‡∑ô# ‡∂≠‡∑í‡∂∫‡∂±‡∑Ä‡∑è ‡∂ö‡∑í‡∑Ä‡∑ä‡∑Ä‡∑è ‡∑Ä‡∑í‡∂≠‡∂ª‡∂∫‡∑í ‡∂ö‡∂ß‡∑ä‡∂ß‡∑í‡∂∫‡∂∏ ‡∂∏‡∑í‡∑É‡∑í‡∂±‡∑ä..
‡∂∏‡∑ú‡∂±‡∑Ä‡∑è ‡∑Ä‡∑î‡∂±‡∂≠‡∑ä ‡∂≠‡∑Ä‡∂≠‡∑ä 88/89 ‡∑Ä‡∑ô‡∂±‡∑ä‡∂± ‡∂±‡∑ú‡∂Ø‡∑î‡∂±‡∑ä‡∂± ‡∂ë‡∂ö‡∂±‡∂∏‡∑ä ‡∂Ω‡∑ú‡∂ö‡∑î ‡∂Ø‡∑ô‡∂∫‡∂ö‡∑ä...

Everyone just said it's going to happen..
Whatever it is, it's a great thing that they didn't let another 88/89 happen...",0
50,lellahutanpage,"People are asking for the game. If the government is also a game, they will give minister posts to those who said it is a game.",0
51,lellahutanpage,65 000 Urea metric tonnes from India to Sri Lanka,0
52,lellahutanpage,"‡∂ª‡∂≠‡∑í‡∂≥‡∑î ‡∑É‡∑ö‡∂±‡∑è‡∂ª‡∂≠‡∑ä‡∂± ‡∂±‡∑ú‡∑Ñ‡∑ú‡∂≠‡∑ä ‡∂ª‡∑ê‡∂ß‡∑ä‡∂ß‡∑è ‡∂±‡∂∏‡∑í‡∂±‡∑ä ‡∑Ñ‡∑ê‡∂≥‡∑í‡∂±‡∑ä‡∑Ä‡∑ô‡∂± ‡∂¥‡∑î‡∂Ø‡∑ä‡∂ú‡∂Ω‡∂∫‡∑è ‡∂ä‡∂∫‡∑ö ‡∂ú‡∑ù‡∂Ω‡∑ä ‡∑Ü‡∑ö‡∑É‡∑ä ‡∂ë‡∂ö‡∑ö‡∂Ø‡∑ì ‡∂∏‡∑è‡∂∞‡∑ä‚Äç‡∂∫ ‡∑É‡∑è‡∂ö‡∂†‡∑ä‡∂°‡∑è‡∑Ä‡∂ö‡∑ä ‡∂≠‡∑í‡∂∫‡∑ô‡∂±‡∑Ä‡∑è.

‡∂ë‡∂≠‡∂±‡∂Ø‡∑í ‡∂í ‡∂¥‡∑î‡∂Ø‡∑ä‡∂ú‡∂Ω‡∂∫‡∑è ‡∂ª‡∂±‡∑í‡∂Ω‡∑ä ‡∑Ä‡∑í‡∂ö‡∑ä‚Äç‡∂ª‡∂∏‡∑É‡∑í‡∂Ç‡∑Ñ ‡∂Ö‡∂ú‡∂∏‡∑ê‡∂≠‡∑í ‡∂Ω‡∑ô‡∑É ‡∂¥‡∂≠‡∑ä‡∑Ä‡∑ì‡∂∏‡∂ß ‡∑Ä‡∑í‡∂ª‡∑ù‡∂∞‡∂∫ ‡∂¥‡∑Ö ‡∂ö‡∂ª‡∂±‡∑Ä‡∑è.

‡∂í ‡∑Ä‡∂ú‡∑ö‡∂∏ ‡∂ª‡∑ê‡∂ß‡∑ä‡∂ß‡∑è ‡∂ö‡∑í‡∂∫‡∂±‡∑Ä‡∑è ‡∂í ‡∑Ä‡∑ô‡∂±‡∑î‡∑Ä‡∂ß ‡∂ö‡∂ª‡∂±‡∑ä‡∂± ‡∂Ö‡∑Ä‡∑Å‡∑ä‚Äç‡∂∫ ‡∂∫‡∑ù‡∂¢‡∂±‡∑è ‡∑Ñ‡∂≠‡∂ö‡∑ä ‡∂≠‡∂∏‡∂±‡∑ä ‡∂â‡∂Ø‡∑í‡∂ª‡∑í‡∂¥‡∂≠‡∑ä ‡∂ö‡∑Ö‡∑è‡∂Ω‡∑î ‡∑É‡∑í‡∑É‡∑ä‡∂ß‡∂∏‡∑ä ‡∂†‡∑ö‡∂±‡∑ä‡∂¢‡∑ä ‡∂ö‡∂ª‡∂±‡∑ä‡∂±.

‡∂∏‡∂∏ ‡∂î‡∂∫ ‡∂∫‡∑ù‡∂¢‡∂±‡∑è ‡∑Ñ‡∂≠ ‡∂±‡∂∏‡∑ä ‡∂ö‡∑í‡∂∫‡∑ô‡∑Ä‡∑ä‡∑Ä‡∑ö ‡∂±‡∑ë.

‡∂ï‡∑Ä‡∂∫‡∑ö ‡∂á‡∂≠‡∑í ‡∂Ö‡∂ª 19 ‡∂ö‡∑ä‚Äç‡∂ª‡∑í‡∂∫‡∑è‡∂≠‡∑ä‡∂∏‡∂ö ‡∂ö‡∂ª‡∂±‡∑ä‡∂± ‡∑Ä‡∂ú‡∑ö ‡∂ª‡∂ß‡∑ö ‡∂ª‡∑è‡∂¢‡∑ä‚Äç‡∂∫ ‡∂Ø‡∑î‡∂ª‡∑ä‡∑Ä‡∂Ω ‡∂ö‡∂ª‡∂± ‡∑Ä‡∑ä‚Äç‡∂∫‡∑Ä‡∑É‡∑ä‡∂Æ‡∑è ‡∑Ä‡∑ô‡∂±‡∑É‡∑ä‡∂ö‡∂∏‡∑ä, ‡∂í‡∂ö‡∑í‡∂∫ ‡∂ª‡∂ß‡∂ö‡∑ä ‡∑Ä‡∑ô‡∂±‡∑î‡∑Ä‡∂ß ‡∂ë‡∂ö‡∑ä‡∑É‡∂≠‡∑ä ‡∂ª‡∂ß‡∂ö‡∑ä ‡∂ö‡∂ª‡∂± ‡∑Ä‡∑ô‡∂±‡∑É‡∑ä‡∂ö‡∂∏‡∑ä,

‡∂ª‡∂ß‡∑ö ‡∑Ä‡∑Ä‡∂±‡∑ä‡∂±, ‡∂Ø‡∑ö‡∑Å‡∑ì‡∂∫ ‡∂Ø‡∑ö‡∑Ä‡∂Ω‡∑ä ‡∑Ñ‡∂Ø‡∂±‡∑ä‡∂±, ‡∂Ö‡∂¥‡∑ö ‡∂∏‡∑è‡∂Ω‡∑î ‡∑Ä‡∂Ω‡∑í‡∂±‡∑ä ‡∂Ω‡∑ù‡∂ö‡∂∫‡∂∏ ‡∂Ø‡∑í‡∂±‡∂∏‡∑î ‡∑Ä‡∂ú‡∑ö ‡∑Ñ‡∑ê‡∂∏‡∂Ø‡∑è‡∂∏ ‡∂ö‡∑í‡∂∫‡∂Ω‡∑è ‡∂ª‡∂ß‡∑ö...

Antidu Senarathne aka Ratta aka aka aka there was a press conference at Galle Face yesterday.

There that person is opposing Ranil Wickramasinghe's appointment as Prime Minister.

And Ratta says that instead she presented seven suggestions to change the system.

I didn't read those seven suggestions.

The constitutional changes that weaken the state of the country like implementing those 19 in the Ova, the changes made by the United Nations instead of a country.

Grow the country, make local things, and win the world with our fish, the popular things that are not practical.

It would be nice if we can change a system by doing those things..

But what Ratta doesn't know is that a system is not something that can be changed forcefully or inside.

Y'all call ""system"" the practical and cultural system that some country, society run.

A system is something that is built among the people of a society and is unique to that society.

It can't be changed from outside or inside.

If we can bring a system in another country and keep it in another country, every country in the world would be England and Switzerland.

But it practically can't be done.

That's why there is another system in England, another system in Africa, and a different system in India.

System is something that is naturally built by the practices, cultures, biological factors of people in those countries.

The system can never be changed, the system evolves. It happens with time.

""System Change"" is beautiful as a lesson of political war.

But can't ""change the system"" With time, the system becomes evolved.

We won't be surprised that the rattas who make YouTube comedy videos don't have knowledge about how they build manners and build society.

But Youtubers have also caught the ""Wrong Generation"" who mourns that their elder generation sent actors, players to parliament.

Instead of the actors and actresses who were entertaining on TV then, the YouTubeers who are entertaining through popular phones have become public representatives.

Ratta chooses the new generation to change the system instead of the paba who chose the elderly generation, chooses motivation father, Duleka Marapana.

Now what I'm saying is very clear, isn't it?

The system will not change. System can't be changed either. The system is just getting evolved.

Ishan Jayasuriya",0
53,lellahutanpage,Lella Hutan,0
54,lellahutanpage,"It's the ugly ones who grow beard to cover the ugly üòÇ
See Iraj",0
55,lellahutanpage,"‡∂∏‡∑ú‡∂ö ‡∂ö‡∂ª‡∂≠‡∑ä ‡∑Ä‡∑ê‡∂ª‡∂Ø‡∑í üòÇ

Whatever you do is wrong üòÇ",0
56,lellahutanpage,"Many people who are sad for the island, know that there was an island like that today.",0
57,lellahutanpage,"‡∂∏‡∑ô‡∂Ω‡∑ù ‡∂Ø‡∑ê‡∂±‡∑î‡∂∏‡∂ö‡∑î‡∂≠‡∑ä ‡∂±‡∑ê,‡∂Ø‡∂±‡∑ä‡∂± ‡∂Ø‡∑ö‡∂ö‡∑î‡∂≠‡∑ä ‡∂±‡∑ë,‡∂Ö‡∑Ä‡∂∞‡∑è‡∂±‡∑ô ‡∂ú‡∂±‡∑ä‡∂± ‡∂∂‡∑ú‡∂ª‡∑î ‡∂ª‡∂ú‡∂¥‡∑ë‡∂∏‡∂ö‡∑ä ‡∂ö‡∂ª‡∑ö ‡∂ö‡∑í‡∂∫‡∂Ω‡∑è ‡∂∏‡∑í‡∂±‡∑í‡∑É‡∑ä‡∑É‡∑î ‡∂≠‡∑ö‡∂ª‡∑î‡∂∏‡∑ä ‡∂Ö‡∂ª‡∂Ç ‡∂â‡∑Ä‡∂ª‡∂∫‡∑í ‡∂Ø‡∑ê‡∂Ç

There is no knowledge, nothing to know, people have already understood that they did fake acting to take attention.",0
58,lellahutanpage,üòÇüòÇ,0
59,lellahutanpage,Lella Hutan,0
60,lellahutanpage,Lella Hutan,0
61,lellahutanpage,Ranil Wickramasinghe sworn in as the new Prime Minister,0
62,lellahutanpage,"‡∂Ö‡∂±‡∑î‡∂ª ‡∂ë‡∂±‡∂ö‡∂Ω‡∑ä ‡∑Ä‡∑í‡∂±‡∑è‡∑É‡∂∏ ‡∂ö‡∂ª‡∂∫‡∑í ‡∑Ä‡∂ú‡∑ö ‡∂∏‡∑ö‡∂ö

This looks like it will be destroyed until Anura comes",0
63,lellahutanpage,"‡∂ö‡∑ô‡∂Ω‡∑í‡∂∏‡∑ä‡∂∏ ‡∑É‡∂¢‡∑í‡∂≠‡∑ä‡∂ß ‡∂Ø‡∑ô‡∂±‡∑ä‡∂± ‡∂ö‡∑í‡∑Ä‡∑ä‡∑Ä‡∑è ‡∂±‡∂∏‡∑ä ‡∂â‡∑Ä‡∂ª‡∂±‡∑ô üòÇ

Should have told Sajith to give the slap üòÇ",0
64,lellahutanpage,Opposition leader Sajith Premadasa sends a letter to the President expressing his interest in taking over the Prime Minister post.,0
65,lellahutanpage,"‡∂ö‡∂∫‡∑í‡∂∫‡∑ô‡∂±‡∑ä ‡∂ª‡∂ß‡∑Ä‡∂Ω‡∑ä ‡∂ö‡∂ª‡∂±‡∑ä‡∂± ‡∂∂‡∑ë ‡∂ö‡∑í‡∂∫‡∂Ω‡∑è ‡∂Ø‡∂±‡∑ä‡∂± ‡∂±‡∑í‡∑É‡∑è üòé‚úå

Because they know that countries cannot be made by body üòé ‚úå",0
66,lellahutanpage,"‡∂î‡∑Ñ‡∑î ‡∂Ö‡∂Ø ‡∑É‡∑Ä‡∑É ‡∂ú‡∑í‡∂±‡∑í‡∂ú‡∑ô‡∂± ‡∂Ø‡∑ê‡∑Ä‡∑ô‡∂± ‡∂ö‡∑î‡∂ª‡∑î‡∑É‡∑í‡∂∫ ‡∂ö‡∂ª‡∂ß ‡∂ú‡∂±‡∑î ‡∂á‡∂≠ !!

‡∂¢‡∑è‡∂≠‡∑í‡∂∫‡∂ß ‡∂Ö‡∑É‡∑í‡∂ª‡∑ñ ‡∂∏‡∑ú‡∑Ñ‡∂≠‡∂ö,‡∑É‡∂¢‡∑í‡∂≠‡∑ä‡∂Ω‡∑è ‡∂Ø‡∑ö‡∑Å‡∂¥‡∑è‡∂Ω‡∂± ‡∑Ä‡∑è‡∑É‡∑í ‡∂ú‡∂±‡∑ä‡∂± ‡∂ö‡∑ö‡∑Ä‡∂Ω‡∑ä ‡∂ö‡∂ª‡∂Ø‡∑ä‡∂Ø‡∑í ‡∂ª‡∂±‡∑í‡∂Ω‡∑ä ‡∑Å‡∑ä‚Äç‡∂ª‡∑ì‡∂∫‡∑è‡∂±‡∑ä ‡∑Ä‡∑í‡∂ö‡∑ä‚Äç‡∂ª‡∂∏‡∑É‡∑í‡∂Ç‡∑Ñ ‡∂ú‡∂≠‡∑ä ‡∂∏‡∑ö ‡∂≠‡∑ì‡∂±‡∑ä‡∂Ø‡∑î‡∑Ä ‡∂±‡∑ú‡∑Ä‡∂±‡∑ä‡∂±‡∂ß ‡∂∏‡∑Ñ ‡∂∂‡∑ê‡∂Ç‡∂ö‡∑î ‡∂Ö‡∂∞‡∑í‡∂¥‡∂≠‡∑í‡∑Ä‡∂ª‡∂∫‡∑è ‡∂Ω‡∂∂‡∂± ‡∑É‡∂≠‡∑í‡∂∫‡∑ö ‡∂∞‡∑ñ‡∂ª‡∂∫‡∑ô‡∂±‡∑ä ‡∂±‡∑í‡∂ö‡∑ä‡∂∏ ‡∂∫‡∑è‡∂∏‡∂ß ‡∂â‡∂© ‡∂≠‡∑í‡∂∂‡∑í‡∂´‡∑í.

‡∂ë‡∑É‡∑ö ‡∑Ä‡∑î‡∑Ä‡∑è‡∂±‡∂∏‡∑ä ‡∑É‡∂∏‡∑É‡∑ä‡∂≠ ‡∂ª‡∂ß‡∂ß‡∂∏ ‡∑É‡∑í‡∂Ø‡∑î ‡∑Ä‡∂±‡∑ä‡∂±‡∑ö ‡∂∂‡∂Ω‡∑è‡∂ú‡∂≠‡∑ä ‡∂Ö‡∂≠ ‡∂∂‡∂Ω‡∑è‡∂ú‡∑ô‡∂± ‡∑É‡∑í‡∂ß‡∑í‡∂±‡∑ä‡∂±‡∂ß ‡∂∫.

‡∂ö‡∑ú‡∂±‡∑ä‡∂Ø ‡∂¥‡∂± ‡∂á‡∂≠‡∑î‡∑Ä ‡∂Ö‡∑É‡∑ì‡∂ª‡∑î...",0
67,lellahutanpage,‡∂ª‡∂±‡∑í‡∂Ω‡∂¥‡∑ä‡∂¥‡∂†‡∑ä‡∂†‡∑í üòéüòç‚úå,0
68,lellahutanpage,"2019 ‡∂Ø‡∑í ‡∂ª‡∂±‡∑í‡∂Ω‡∑ä‡∂ú‡∑ô‡∂±‡∑ä ‡∂ª‡∂ß ‡∂∂‡∑ö‡∂ª ‡∂ú‡∂±‡∑ä‡∂± ‡∂∏‡∑Ñ‡∑í‡∂±‡∑ä‡∂Ø‡∂ß ‡∂Ø‡∑î‡∂±‡∑ä‡∂±‡∑è,‡∂Ø‡∑ê‡∂Ç 2022 ‡∂Ø‡∑í ‡∂∏‡∑Ñ‡∑í‡∂±‡∑ä‡∂Ø‡∂ú‡∑ô‡∂±‡∑ä ‡∂∂‡∑ö‡∂ª‡∂ú‡∂±‡∑ä‡∂± ‡∂ª‡∂±‡∑í‡∂Ω‡∑ä‡∂ß‡∂∏ ‡∂Ø‡∑ô‡∂±‡∑Ä‡∑è

‡∂Ø‡∑ê‡∂Ç ‡∂¢‡∂±‡∑è‡∂∞‡∑í‡∂¥‡∂≠‡∑í ‡∂¥‡∑ú‡∑Ñ‡∑ú‡∂ß‡∑ä‡∂ß‡∑î‡∑Ä‡∑ö ‡∂Ö‡∂ú‡∂∏‡∑ê‡∂≠‡∑í unp,‡∂â‡∂≠‡∑í‡∂±‡∑ä ‡∑Ñ‡∑ê‡∂∏‡∑ù‡∂∏ ‡∑É‡∂≠‡∑î‡∂ß‡∑í‡∂±‡∑ä üòÇ‚úå",0
69,lellahutanpage,"Hi, came from Bere lake yesterday.",0
70,lellahutanpage,"‡∂ä‡∂∫‡∑è

Ewwwww",0
71,lellahutanpage,Looks like the cement will be less than 900 by tomorrow and day after tomorrow üòÇ ‚úå,0
72,lellahutanpage,üòÇü•≤,0
73,lellahutanpage,Lella Hutan,0
74,lellahutanpage,Lella Hutan,0
75,lellahutanpage,Lella Hutan,0
76,lellahutanpage,"‡∂¥‡∂ª‡∑í‡∂¥‡∑ä‡∂¥‡∑î - ‡∂¢‡∂±‡∑Ä‡∑è‡∂ª‡∑í 01 ‡∑Ä‡∑ô‡∂±‡∑í‡∂Ø‡∑è ‡∂∏‡∑í‡∂Ω ‡∂ª‡∑î.275 ‡∂∫‡∑í
‡∂Ö‡∂Ø ‡∂∏‡∑í‡∂Ω ‡∂ª‡∑î‡∂¥‡∑í‡∂∫‡∂Ω‡∑ä.580 ‡∂∫‡∑í
‡∂∏‡∑í‡∂Ω ‡∑Ä‡∑ê‡∂©‡∑í‡∑Ä‡∑ì‡∂∏ 305 ‡∂∫‡∑í (111%)

‡∂ú‡∑ë‡∑É‡∑ä - ‡∂¢‡∂±‡∑Ä‡∑è‡∂ª‡∑í 01 ‡∑Ä‡∑ô‡∂±‡∑í‡∂Ø‡∑è ‡∂∏‡∑í‡∂Ω ‡∂ª‡∑î.2750 ‡∂∫‡∑í
‡∂Ö‡∂Ø ‡∂∏‡∑í‡∂Ω ‡∂ª‡∑î‡∂¥‡∑í‡∂∫‡∂Ω‡∑ä.4860 ‡∂∫‡∑í
‡∂∏‡∑í‡∂Ω ‡∑Ä‡∑ê‡∂©‡∑í‡∑Ä‡∑ì‡∂∏ 2110 ‡∂∫‡∑í (77%)

‡∂î‡∂ö‡∑ä‡∂ß‡∑ö‡∂±‡∑ä 92 ‡∂¥‡∑ô‡∂ß‡∑ä‚Äç‡∂ª‡∂Ω‡∑ä - ‡∂¢‡∂±‡∑Ä‡∑è‡∂ª‡∑í 01 ‡∑Ä‡∑ô‡∂±‡∑í‡∂Ø‡∑è ‡∂∏‡∑í‡∂Ω ‡∂ª‡∑î.177 ‡∂∫‡∑í
‡∂Ö‡∂Ø ‡∂∏‡∑í‡∂Ω ‡∂ª‡∑î‡∂¥‡∑í‡∂∫‡∂Ω‡∑ä.338 ‡∂∫‡∑í
‡∂∏‡∑í‡∂Ω ‡∑Ä‡∑ê‡∂©‡∑í‡∑Ä‡∑ì‡∂∏ 161 ‡∂∫‡∑í (91%)
...",0
77,lellahutanpage,"‡∑Å‡∑ä‚Äç‡∂ª‡∑ì ‡∂Ω‡∂Ç‡∂ö‡∑è ‡∂∏‡∑Ñ ‡∂∂‡∑ê‡∂Ç‡∂ö‡∑î‡∑Ä‡∑ô‡∂±‡∑ä ‡∑Ä‡∑í‡∑Å‡∑ö‡∑Ç ‡∂±‡∑í‡∑Ä‡∑ö‡∂Ø‡∂±‡∂∫‡∂ö‡∑ä
***************
***************
***************
***

‡∂ã‡∂±‡∑ä‡∂©‡∑í‡∂∫‡∂Ω‡∑ä ‡∑É‡∑Ñ ‡∑Ñ‡∑Ä‡∑è‡∂Ω‡∑è ‡∂ú‡∂´‡∑î‡∂Ø‡∑ô‡∂±‡∑î ‡∂â‡∑Ä‡∂ª‡∂∫‡∑í

‡∂Ü‡∂±‡∂∫‡∂± ‡∑É‡∂Ø‡∑Ñ‡∑è ‡∑É‡∑í‡∂Ø‡∑î‡∂ö‡∂ª‡∂± ‡∂ú‡∑ô‡∑Ä‡∑ì‡∂∏‡∑ä ‡∂∂‡∑ê‡∂Ç‡∂ö‡∑î ‡∂¥‡∂Ø‡∑ä‡∂∞‡∂≠‡∑í‡∂∫ ‡∑Ñ‡∂ª‡∑Ñ‡∑è ‡∂¥‡∂∏‡∂´‡∂ö‡∑ä ‡∑É‡∑í‡∂Ø‡∑î ‡∂ö‡∑í‡∂ª‡∑ì‡∂∏ ‡∑É‡∂Ø‡∑Ñ‡∑è ‡∂Ü‡∂±‡∂∫‡∂± ‡∂Ö‡∂¥‡∂±‡∂∫‡∂± ‡∂¥‡∂±‡∂≠ ‡∂∫‡∂ß‡∂≠‡∑ö ‡∂ú‡∑ê‡∑É‡∂ß‡∑ä ‡∂±‡∑í‡∑Ä‡∑ö‡∂Ø‡∂±‡∂∫‡∂ö‡∑ä ‡∂±‡∑í‡∂ö‡∑î‡∂≠‡∑ä ‡∂ö‡∂ª‡∂± ‡∂∂‡∑Ä ‡∂∏‡∑Ñ ‡∂∂‡∑ê‡∂Ç‡∂ö‡∑î ‡∂Ö‡∂∞‡∑í‡∂¥‡∂≠‡∑í ‡∂Ü‡∂†‡∑è‡∂ª‡∑ä‡∂∫ ‡∂±‡∂±‡∑ä‡∂Ø‡∂Ω‡∑è‡∂Ω‡∑ä ‡∑Ä‡∑ì‡∂ª‡∑É‡∑í‡∂Ç‡∑Ñ ‡∂¥‡∑Ä‡∑É‡∂∫‡∑í.

‡∂î‡∑Ñ‡∑î ‡∂∏‡∑ö ‡∂∂‡∑Ä...",0
78,lellahutanpage,#BREAKING,0
79,lellahutanpage,Lella Hutan,0
80,lellahutanpage,Lella Hutan,0
81,lellahutanpage,‡∂Ö‡∂±‡∑ä‡∂≠‡∂ª‡∑ä‡∑Ä‡∑è‡∂ª ‡∂¥‡∑è‡∂Ω‡∂±‡∂∫ ‡∑Ñ‡∂∂‡∂ö‡∑ä! ‡∂¢‡∂±‡∂¥‡∂≠‡∑í ‡∂∏‡∑ê‡∂Ø‡∑î‡∂ª‡∑ö ‡∂ú‡∑è‚Äô‡∂Ω‡∂ú‡∑ù‡∂ß‡∑ä‡∂ß‡∑í‡∂∫‡∂ö‡∑ä! ‡∂©‡∂Ω‡∑É‡∑ä ‡∂ö‡∑î‚Äô‡∂∏‡∂±‡∑ä‡∂≠‡∑ä‚Äç‡∂ª‡∂´ ‡∂ö‡∂ª‡∂± ‡∂∂‡∑Ä‡∂ß ‡∂†‡∑ù‚Äô‡∂Ø‡∂±‡∑è!,0
82,lellahutanpage,Lella Hutan,0
83,lellahutanpage,‡∂ª‡∂ß‡∑ö ‡∂â‡∂±‡∑ä‡∂± ‡∑Ñ‡∑ú‡∂Ø‡∂∏ ‡∂Ö‡∂∫‡∑í‡∑É‡∑ä ‡∑É‡∑ô‡∂ß‡∑ä ‡∂ë‡∂ö‡∂≠‡∑ä ‡∂¥‡∑è‡∂ª‡∂ß ‡∂∂‡∑ê‡∑Ñ‡∑ê‡∂Ω‡∑è üòÇ,0
84,lellahutanpage,‡∑Ä‡∑ä‚Äç‡∂∫‡∑Ä‡∑É‡∑ä‡∂Æ‡∑è‡∑Ä‡∑ô‡∂≠‡∑ä ‡∂±‡∑ê‡∂≠‡∑í ‡∑Ñ‡∑ì‡∂± ‡∂¥‡∑É‡∑ä‡∑É‡∑ô ‡∂ú‡∑í‡∂∫ ‡∂©‡∂Ω‡∑É‡∑ä ü§£ü§£ü§£,0
85,lellahutanpage,"‡∂ë‡∑Ñ‡∑ô‡∂≠‡∑ä ‡∂±‡∑ë ‡∂∏‡∑ô‡∑Ñ‡∑ô‡∂≠‡∑ä ‡∂±‡∑ë,‡∑Ä‡∂ß‡∑ö ‡∂∫‡∂± ‡∂ã‡∂±‡∑ä‡∂ß ‡∂∫‡∑É ‡∑Ä‡∑ê‡∂©‡∑ö üòÇüôè",0
86,lellahutanpage,‡∂¥‡∑î‡∂Ω‡∑î‡∑Ä‡∂±‡∑ä ‡∂≠‡∂ª‡∂Ç ‡∂ö‡∑è‡∂Ω‡∑è ‡∂ú‡∑í‡∑Ñ‡∑í‡∂±‡∑ä ‡∂Ø‡∑ê‡∂Ç ‡∑É‡∑î‡∂Ø‡∂±‡∑è üòÇ,0
87,lellahutanpage,‡∂∂‡∑ú‡∂ª‡∂Ø‡∑í‡∂∫‡∑ö ‡∂∏‡∑è‡∂Ω‡∑î ‡∂∂‡∑è‡∂± ‡∂©‡∑ë‡∂Ω‡∑ä üòÇ,0
88,lellahutanpage,Lella Hutan,0
89,lellahutanpage,‡∂∏‡∑ñ ‡∂±‡∂∏‡∑ä ‡∂¥‡∑í‡∑É‡∑ä‡∑É‡∑î‡∑Ä‡∂ö‡∑ä üòç‚úå,0
90,lellahutanpage,üòÇüòÇ,0
91,lellahutanpage,Lella Hutan,0
92,lellahutanpage,Lella Hutan,0
93,lellahutanpage,Lella Hutan,0
94,lellahutanpage,üòÇ‚úå,0
95,lellahutanpage,"#‡∂¥‡∑è‡∂ª‡∑Ä‡∂Ω‡∑ä‡∑Ä‡∑Ñ‡∂±‡∑ä‡∂±‡∂ë‡∂¥‡∑è‡∂∫
‡∂ö‡∑ù
#saynotoblocking
roads
#dontcloseroads
#noblockingroads",0
96,lellahutanpage,üòÇ,0
97,lellahutanpage,üòï,0
98,lellahutanpage,"#‡∂¥‡∑è‡∂ª‡∑Ä‡∂Ω‡∑ä‡∑Ä‡∑Ñ‡∂±‡∑ä‡∂±‡∂ë‡∂¥‡∑è‡∂∫
‡∂ö‡∑ù
#saynotoblocking
roads
#dontcloseroads
#noblockingroads",0
99,lellahutanpage,Lella Hutan,0
100,lellahutanpage,"#‡∂¥‡∑è‡∂ª‡∑Ä‡∂Ω‡∑ä‡∑Ä‡∑Ñ‡∂±‡∑ä‡∂±‡∂ë‡∂¥‡∑è
#dontcloseroads",0
101,lellahutanpage,"#‡∂¥‡∑è‡∂ª‡∑Ä‡∂Ω‡∑ä‡∑Ä‡∑Ñ‡∂±‡∑ä‡∂±‡∂ë‡∂¥‡∑è‡∂∫
‡∂ö‡∑ù
#saynotoblocking
roads
#dontcloseroads
#noblockingroads",0
102,lellahutanpage,üò•,0
103,lellahutanpage,Lella Hutan,0
104,lellahutanpage,Lella Hutan,0
105,lellahutanpage,Lella Hutan,0
106,lellahutanpage,Lella Hutan,0
107,lellahutanpage,Lella Hutan,0
108,lellahutanpage,Lella Hutan,0
109,lellahutanpage,"‡∑Ä‡∑ê‡∂©‡∑í‡∂ö‡∂Ω‡∑ä ‡∂±‡∑ë ‡∂ï‡∂ö,‡∂Ü‡∂≠‡∂Ω‡∑ä ‡∂Ω‡∂±‡∑ä‡∂≠‡∂∫‡∂ö‡∑ä‡∂±‡∑ô ‡∂Ø‡∑ê‡∂±‡∂ß‡∂∏‡∂≠‡∑ä ‡∂ï‡∂ö üòÇ",0
110,lellahutanpage,Lella Hutan,0
111,lellahutanpage,Lella Hutan,0
112,lellahutanpage,‡∂±‡∑í‡∂ª‡∑ä‡∂¥‡∑è‡∂ö‡∑ä‡∑Ç‡∑í‡∂ö ‡∂∏‡∑î‡∑Ñ‡∑î‡∂´‡∑î‡∑Ä‡∂ª‡∂ö‡∑ä ‡∂Ø‡∑ì‡∂Ω‡∑è ‡∂∫‡∂ß‡∑í‡∂±‡∑ä ‡∂â‡∂±‡∑ä‡∂±‡∑ô ‡∂¢‡∑ô‡∂¥‡∑ä‡∂¥‡∑ú ‡∂¥‡∑ô‡∂ª‡∑ú‡∂ß‡∑ä‡∂ß‡∑ú ‡∂ö‡∑í‡∂∫‡∂Ω‡∑è ‡∂Ö‡∂∏‡∑î‡∂≠‡∑î‡∑Ä‡∑ô‡∂±‡∑ä ‡∂ö‡∑í‡∂∫‡∂±‡∑ä‡∂± ‡∂ï‡∂± ‡∂±‡∑ë,0
113,lellahutanpage,‡∂Ö‡∂±‡∑ä‡∂Ω‡∂∫‡∑í‡∂ö‡∑ä ‡∂ö‡∂ª‡∂¥‡∂Ω‡∑ä‡∂Ω ‡∂ª‡∑í‡∂¥‡∑ù‡∂ß‡∑ä ‡∂ú‡∑Ñ‡∂¥‡∂Ω‡∑ä‡∂Ω ‡∂Ö‡∂Ø‡∑è‡∂Ω‡∂∏ ‡∂±‡∑ê üòÇ,0
114,lellahutanpage,Lella Hutan,0
115,lellahutanpage,‡∂ª‡∂´‡∑ä‡∂©‡∑î ‡∑Ä‡∑ô‡∂±‡∑ä‡∂±‡∑ô ‡∂±‡∑ê‡∂≠‡∑î‡∑Ä ‡∂Ω‡∑ê‡∂∂‡∑ô‡∂± ‡∑É‡∂Ω‡∑ä‡∂Ω‡∑í ‡∂ß‡∑í‡∂ö ‡∑É‡∂∏‡∑è‡∂±‡∑Ä ‡∂∂‡∑ô‡∂Ø‡∑è‡∂ú‡∂≠‡∑ä‡∂≠‡∂±‡∂∏‡∑ä ‡∂â‡∑Ä‡∂ª‡∂±‡∑ôüòå,0
116,lellahutanpage,Think positive üòé‚úå,0
117,lellahutanpage,ü§£ü§£,0
118,lellahutanpage,"‡∑É‡∑î‡∂¥‡∑í‡∂ª‡∑íüëç

Superb üëç",0
119,lellahutanpage,Lella Hutan,0
120,lellahutanpage,"‡∂∑‡∑è‡∂ª‡∂ö‡∑è‡∂ª ‡∂Ü‡∂´‡∑ä‡∂©‡∑î‡∑Ä‡∑ö ‡∂Ö‡∂ú‡∂∏‡∑ê‡∂≠‡∑í ‡∂∞‡∑ñ‡∂ª‡∂∫‡∂ß ‡∂∫‡∑ù‡∂¢‡∂±‡∑è ‡∑Ä‡∑ñ ‡∂±‡∂∏‡∑ä 04

01.‡∂ª‡∂±‡∑í‡∂Ω‡∑ä ‡∑Ä‡∑í‡∂ö‡∑ä‚Äç‡∂ª‡∂∏‡∑É‡∑í‡∂Ç‡∑Ñ
02.‡∂±‡∑í‡∂∏‡∂Ω‡∑ä ‡∑É‡∑í‡∂ª‡∑í‡∂¥‡∑è‡∂Ω
03.‡∂¥‡∑è‡∂®‡∂Ω‡∑ì ‡∂†‡∂∏‡∑ä‡∂¥‡∑í‡∂ö ‡∂ª‡∂´‡∑Ä‡∂ö
04.‡∂©‡∂Ω‡∑É‡∑ä ‡∂Ö‡∂Ω‡∑Ñ‡∂¥‡∑ä‡∂¥‡∑ô‡∂ª‡∑î‡∂∏

04 if proposed to be the Prime Minister of the Guardian Government

01. Ranil Wickramasinghe
02. Nimal Siripala
03. Patali Champika Ranawaka
04. Dallas Alahapperuma",0
121,lellahutanpage,"‡∂î‡∂∫‡∑è‡∂ú‡∑ô ‡∂¥‡∑î‡∂≠‡∑è,‡∂Ω‡∑è‡∂Ω‡∑ä‡∂ú‡∑ô ‡∂Ø‡∑î‡∑Ä,‡∂ú‡∂Ω‡∂¥‡∑ä‡∂¥‡∂≠‡∑ä‡∂≠‡∑í‡∂ú‡∑ô
‡∂¥‡∑î‡∂≠‡∑è ‡∂ö‡∑ú‡∑Ñ‡∑ô‡∂Ø ‡∂â‡∂±‡∑ä‡∂±‡∑ô.‡∂Ö‡∂±‡∑í‡∂≠‡∑ä ‡∂Ö‡∂∫‡∂ú‡∑ô‡∂≠‡∑ä ‡∂¢‡∑ì‡∑Ä‡∑í‡∂≠‡∂≠‡∑ä ‡∂ë‡∑Ñ‡∑ô‡∂∏ ‡∂≠‡∂∏‡∑è.‡∂ã‡∂±‡∑ä‡∂ß ‡∑É‡∑î‡∂ª‡∑É‡∑ê‡∂¥ ‡∂Ø‡∑ô‡∂±‡∑ä‡∂± ‡∂Ö‡∑Ñ‡∑í‡∂Ç‡∑É‡∂ö ‡∂ö‡∑ú‡∂Ω‡∑ä‡∂Ω‡∑ú ‡∂ö‡∑ô‡∂Ω‡∑ä‡∂Ω‡∑ú‡∂±‡∑ä ‡∂¥‡∑è‡∂ª‡∂ß ‡∂Ø‡∂ö‡∑ä‡∂ö‡∂±‡∑Ä

Where is your son, Lal's daughter, Galappathi's son? Other people's lives are the same. Innocent boys and girls are looking at the streets to give them protection.",0
122,lellahutanpage,‡∂∏‡∑ö ‡∂∏‡∂±‡∑î‡∑É‡∑ä‡∑É‡∂∫‡∑è‡∂ß‡∑Ä‡∂≠‡∑ä ‡∂∏‡∑ö‡∂ö ‡∂ö‡∂ª‡∂±‡∑ä‡∂± ‡∂Ø‡∑ô‡∂∏‡∑î ‡∂¥‡∑ä‡∂Ω‡∑ì‡∑É‡∑ä üòê,0
123,lellahutanpage,‡∂ª‡∑ê‡∂Ω‡∑ä‡∂Ω‡∂ß ‡∂¥‡∑ú‡∂©‡∑ä‡∂©‡∑ú ‡∂ï‡∂±‡∂∏ ‡∂Ø‡∑ô‡∂∫‡∂ö‡∑ä ‡∂ö‡∂ª‡∂∫‡∑í,0
124,lellahutanpage,Lella Hutan,0
125,lellahutanpage,‡∂í‡∂ö‡∂≠‡∑ä ‡∑Ñ‡∂∂‡∂ö‡∑ä,0
126,lellahutanpage,Lella Hutan,0
127,lellahutanpage,"‡∂Ö‡∂¥‡∑í ‡∂∏‡∑Ñ ‡∂ö‡∑î‡∑Ñ‡∂ö ‡∂¢‡∑è‡∂≠‡∑í‡∂∫‡∂ö‡∑äüò•

We are a very hypocrite nationüò•",0
128,lellahutanpage,"‡∂∏‡∑è ‡∂Ö‡∂ª‡∂ú‡∂Ω‡∂∫‡∂ß ‡∑É‡∑Ñ‡∂∫ ‡∂±‡∑ú‡∂Ø‡∑ô‡∂±‡∑ä‡∂±‡∑ö ‡∂á‡∂∫‡∑í ?

‡∂∏‡∑ö ‡∂Ö‡∑Ä‡∑É‡∑ä‡∂≠‡∑è‡∑Ä‡∑ö ‡∂∏‡∑è ‡∑Ä‡∑ê‡∂±‡∑í ‡∂≠‡∂ª‡∑î‡∂´ ‡∂≠‡∂ª‡∑î‡∂´‡∑í‡∂∫‡∂±‡∑ä ‡∑É‡∑Ñ ‡∂á‡∂≠‡∑ê‡∂∏‡∑ä ‡∂Ø‡∑ö‡∑Å‡∂¥‡∑è‡∂Ω‡∂± ‡∂ö‡∑ä‚Äç‡∂ª‡∑í‡∂∫‡∑è‡∂ö‡∑è‡∂ª‡∑ì‡∂±‡∑ä ‡∂¥‡∑í‡∂ª‡∑í‡∑É‡∂ö‡∑ä ‡∑Ä‡∑í‡∑É‡∑í‡∂±‡∑ä ‡∑É‡∑í‡∂Ø‡∑î ‡∂ö‡∂ª‡∂± ‡∂Ü‡∂´‡∑ä‡∂©‡∑î ‡∑Ä‡∑í‡∂ª‡∑ù‡∂∞‡∑í ‡∂ª‡∑ê‡∂Ω‡∑ä‡∂Ω‡∂ß ‡∑É‡∑Ñ‡∂∫ ‡∂±‡∑ú‡∂Ø‡∂ö‡∑ä‡∑Ä‡∂±‡∑ä‡∂±‡∑ö ‡∂á‡∂∫‡∑í‡∂Ø‡∑ê‡∂∫‡∑í ‡∂∂‡∑ú‡∑Ñ‡∑ù ‡∂Ø‡∑ô‡∂±‡∑è ‡∂Ö‡∑É‡∂≠‡∑í.

‡∂∏‡∑ö ‡∂ã‡∂Ø‡∑è‡∑Ä‡∑ì ‡∂á‡∂≠‡∑ä‡∂≠‡∑ö ‡∂Ü‡∂´‡∑ä‡∂©‡∑î‡∑Ä‡∂ß ‡∑É‡∂∏‡∑ì‡∂¥‡∑Ä ‡∑Ä‡∑ê‡∂© ‡∂ö‡∑Ö ‡∂ö‡∂Ω‡∑è‡∂ö‡∂ª‡∑î‡∑Ä‡∂±‡∑ä, ‡∂ú‡∑è‡∂∫‡∂ö‡∂∫‡∂±‡∑ä ‡∑Ä‡∑ê‡∂±‡∑í ‡∂¥‡∑î‡∂Ø‡∑ä‡∂ú‡∂Ω‡∂∫‡∂±‡∑ä ‡∂¥‡∑Ä‡∑è ‡∂ö‡∑ä‡∑Ç‡∑ö‡∂≠‡∑ä‚Äç‡∂ª‡∂∫‡∑ö ‡∂ª‡∑ê‡∂≥‡∑í ‡∑É‡∑í‡∂ß‡∑ì‡∂∏‡∂ß ‡∑É‡∑Ñ ‡∂≠‡∑Ä‡∂Ø‡∑î‡∂ª‡∂ß‡∂≠‡∑ä ‡∑É‡∂∏‡∑è‡∂¢‡∂¢‡∑è‡∂Ω‡∑è ‡∑Ä‡∂Ω ‡∂¥‡∑ä‚Äç‡∂ª‡∂≠‡∑í‡∂ö‡∑ä‡∑Ç‡∑ö‡∂¥ ‡∂±‡∑ú‡∑Ä‡∑ì ‡∑É‡∑í‡∂ß‡∑ì‡∂∏‡∂ß ‡∂Ü‡∂´‡∑ä‡∂©‡∑î ‡∑Ä‡∑í‡∂ª‡∑ù‡∂∞‡∑ì ‡∑É‡∂ß‡∂±‡∑ä ‡∂¥‡∑è‡∂® ‡∂Ö‡∂≠‡∂ß ‡∂ú‡∂±‡∑ä‡∂±‡∑è ‡∑É‡∂∏‡∂∫‡∂ö‡∑í.

‡∂ª‡∑ê‡∂Ω‡∑ä‡∂Ω ‡∂ë‡∂≠‡∂ª‡∂∏‡∑ä ‡∂≠‡∂Ø‡∑í‡∂±‡∑ä ‡∂ú‡∑É‡∂∫‡∑í.

‡∂ª‡∑ê‡∂Ω‡∑ä‡∂Ω ‡∂ö‡∑ú‡∂≠‡∂ª‡∂∏‡∑ä ‡∂¥‡∑ä‚Äç‡∂ª‡∂∂‡∂Ω ‡∑Ä‡∑ñ‡∑Ä‡∂≠‡∑ä ‡∂Ö‡∂≠‡∑ì‡∂≠‡∂∫‡∑ö ‡∂¥‡∂ß‡∂±‡∑ä ‡∂¢‡∂±‡∂¥‡∑ä‚Äç‡∂ª‡∑í‡∂∫‡∑Ä‡∑è‡∂Ø‡∑ì ‡∂ª‡∑ê‡∂Ω‡∑ä‡∂Ω‡∂ß ‡∑Ñ‡∑É‡∑î ‡∑Ä‡∑ì ‡∂ú‡∑É‡∑è ‡∂±‡∑ú‡∂ú‡∑í‡∂∫ ‡∂¥‡∑î‡∂ª‡∑î‡∂Ø‡∑ä‡∂Ø‡∂ö‡∑ä ‡∂∏‡∂ß ‡∂≠‡∑í‡∂∂‡∑ö. ‡∂ë‡∂∏ ‡∂ª‡∑ê‡∂Ω‡∑ä‡∂Ω‡∂ß ‡∂ë‡∂ª‡∑ô‡∑Ñ‡∑í‡∑Ä ‡∂∫‡∂±...

Why don't I support the struggle?

Many people ask why young people like me and some political activists are not supporting the anti-government wave.

This is a time where even artists, singers like who worked closely to the government are taking anti-government battles to stay in the field and not to be rejected anymore in social media.

The wave is hitting so hard

No matter how strong the wave is, I have a habit of not getting caught by the popular wave from the past. I need to explain to my generation why I don't support the struggle because of the habit of going against the wave and the full picture I see of the struggle.

I know that the majority are not ready and are not capable to understand this right now. But I consider it my duty to record it somewhere.

Since 1977, the economy of this country has been running on debt.

According to the economic cycle, we should produce what we should consume.

We as a nation did not try to increase production of history. But our consumption is getting more complicated day by day.

Products here I mean goods and service we can earn dollars by exporting and goods and services we consume.

A country should spend, consume the volume that it can afford, manufacture.

We made a billion dollars in the past, consumed five billion dollars.

This scarcity was solved by taking credit.

While this consumer pattern is maintained, there comes a day when pre-debt is paid off.

Crisis arises due to having to pay off debt with less dollars, several times more than that day.

When such times came in the past, past rulers found dollars for consumption by selling national resources.

The previous Yahapalana government took $13 billion ISB loans, sold Hambantota port and gave people food and drinks.

Didn't start projects to make money back with that money. We are a nation that imports $500 million worth of mineral oil. Our import costs are very high.

So past palms even sold ports and searched for money to bring oil and gas.

I don't support these struggles because I reject that consumer pattern that sells or makes the country's resources.

Sirimao Prime Minister was the one who tried to start a production process in the country to some extent. That day also there was polling and shortage of goods in the country like this.

Our elderly generation sent Sirimao home Jay. R is given power of five out of six. The production process stopped with it too.

J. The era of R borrowing and feeding has begun. The country's debt increased by a way.

Today we have come to a crucial junction in the eco-pattern we have run for a long time.

The country's economic crisis has exploded in this season where Gotabhaya Rajapaksha is holding the presidency.

It's just like Anura Kumara said, Gotabhaya is holding the presidency when the crisis is exploding.

It should be said that the Corona epidemic and the Easter attacks should hurry up this crisis after a few years.

Because Gotabhaya Rajapaksha is not responsible for this, I will stand straight without going into this anti-inia wave.

Isn't that all it is!

After the Sirimao era, it is Gotabhaya era that has come to start a production era by putting a stop to the borrowing economy.

It would be in this era if a government acted after Sirimao era to reduce imports and increase exports.

This was the policy the government worked since stopping the imports of yellow and encouraging the country to grow.

Throughout our history, we have said that Sri Lanka is a state surrounded by the sea. But in our country there was never an export market from fish resources.

For the first time in history, the current government created a state ministerial post for it, and created a $500 million export market.

The current government policy was to restrict import everything the country can grow, import only what the country cannot produce.

That is why the President Gotabhaya Rajapaksha worked to form state ministries and hand them over to the young ministers.

The country's annual export revenue was limited to $ two billion throughout history.

Under the current government, the export revenue to this country is a billion dollars monthly.

The result of the export promotion program conducted by that government.

That's why I don't support protests against the government.

The foundation of the struggle is the fuel and gas crisis caused by the dollar crisis.

I don't support this conflict that started decades ago and has been a growing crisis that has started and is not solving by changing the current governance, which is due to the lack of political stability and the crisis is intensifying.

Other countries in the history have faced such crises.

Japan is the best example after World War II. People's lives, consumer patterns have drastically changed due to the economic crisis after the war.

What the Japanese did was not rebellion asking for loan or food.

Working 18 hours a day in factories, working in factories overnight. It is said that Japanese ate bajiri and takola during that time.

Japan was built today because of the great sacrifice and sweat done that day.

I will never ask the people of this country to make sacrifices like Japanese. The people of this country can never do the same.

But I don't support this wave because the unspoken battle lesson of the struggle is ""stop everything and get us fed""

Now this struggle has become just a popular wave.

Many involved in the struggle are not perceived of the country's economy crisis, its beginning, broadcast and the current situation.

They think that the president Gotabhaya Rajapaksha has caused an economic crisis in the country, which will cause shortage of fuel gas and power cut.

Ignorance, deceit and popularity will never be achieved. That's why I don't support this struggle.

The answer is learning, awareness and logical thinking.

In the background of this struggle, I saw a news being transfered on Facebook.

It said ""There is a way that the loans obtained by dictators of the world history can be taken from themselves, and we (citizens) are not ready to pay the debts that Gotabhaya took.""

The hidden truth that the people exchanging these are unknown is that Gotabhaya was the only ruler who did not increase the debt burden of Sri Lanka after 1948.

So far all the rulers have taken more debt than they have paid during their regime.

During this regime of Gotabhaya, he has paid more debt than he took loan. That means getting foreign loans in this country in these two and a half years is a great value.

I don't support this struggle of ignorance, data, hate, anger, misinformation.

Due to the struggle, two countries have already issued tourism risk notifications against Sri Lanka. It's England and America.

Tourism, which has been a major source of revenue that brought dollars to the country in the past few months is collapsing again.

Due to the struggle, the manufacturing process continues to be disrupted in a country amidst a crisis.

It makes the crisis even more fierce and not helping to overcome it.

That's why I don't support this struggle.

I'm well aware of the difficulties when the country has a shortage of gas, and have to spend time in oil polling, and sweat without electricity.

I also know that there is no short term solution to that crisis, and the best thing possible is to solve it through a long term program without inheriting it to another generation.

That's why I don't support this struggle.",0
129,lellahutanpage,‡∂Ö‡∂∏‡∑ú ‡∂Ö‡∂∏‡∑ù ‡∂Ü‡∂ª‡∂ö‡∑ä‡∑É‡∑è‡∑Ä‡∂ß ‡∑Ä‡∑ô‡∂±‡∂∏ ‡∑Ñ‡∂∏‡∑î‡∂Ø‡∑è‡∑Ä‡∂ö‡∑î‡∂≠‡∑ä ü§£ü§£,0
130,lellahutanpage,Lella Hutan,0
131,lellahutanpage,"#‡∂±‡∂∏‡∑ä‡∂∂‡∂ª‡∑ä_‡∂¥‡∑ä‡∂Ω‡∑ö‡∂ß‡∑ä_‡∂±
‡∑ê‡∂≠‡∑í_‡∂∏‡∑ù‡∂ß‡∂ª‡∑ä_‡∑É‡∂∫‡∑í‡∂ö‡∂Ω
‡∑ä

‡∂∫‡∑î‡∂∞‡∑Ñ‡∂∏‡∑î‡∂Ø‡∑è ‡∑Ä‡∑í‡∑Å‡∑ö‡∑Ç ‡∂∂‡∂Ω‡∂ö‡∑è ‡∑É‡∂Ç‡∂ú‡∑ä‚Äç‡∂ª‡∑è‡∂∏‡∑í‡∂ö ‡∂∫‡∂≠‡∑î‡∂ª‡∑î ‡∂¥‡∑ê‡∂Ø‡∑í ‡∂∂‡∂Ω‡∂ú‡∂±‡∂∫ ‡∂∫‡∂±‡∑î ‡∂Ü‡∑É‡∑í‡∂∫‡∑è‡∂±‡∑î ‡∂ö‡∂Ω‡∑è‡∂¥‡∂∫‡∑ö ‡∂¥‡∑Ä‡∂≠‡∑í‡∂± ‡∂ë‡∂ö‡∂∏ ‡∑É‡∂Ç‡∂ú‡∑ä‚Äç‡∂ª‡∑è‡∂∏‡∑í‡∂ö ‡∂∫‡∂≠‡∑î‡∂ª‡∑î ‡∂¥‡∑ê‡∂Ø‡∑í ‡∂∂‡∂Ω‡∂ú‡∂±‡∂∫ ‡∂∂‡∑Ä ‡∂¥‡∑è‡∂ª‡∑ä‡∂Ω‡∑í‡∂∏‡∑ö‡∂±‡∑ä‡∂≠‡∑î‡∑Ä ‡∂Ö‡∑É‡∂Ω ‡∑É‡∑í‡∂ß‡∑í ‡∂ö‡∂≥‡∑ö ‡∂¥‡∑è‡∑Ö‡∑î‡∑Ä‡∂ß ‡∑Ñ‡∑í‡∑É‡∂ö‡∑ä ‡∂¥‡∑í‡∑Ñ‡∑í‡∂ß‡∑í ‡∂±‡∂∏‡∑î‡∂≠‡∑ä ‡∂∏‡∑ú‡∑Ö‡∂∫‡∂ö‡∑ä ‡∂±‡∑ú‡∂¥‡∑í‡∑Ñ‡∑í‡∂ß‡∑í ‡∂ö‡∑è‡∂ö‡∑í ‡∂á‡∂≥‡∑î‡∂∏‡∑ä ‡∂á‡∂ü‡∂Ω‡∑è‡∂ú‡∂≠‡∑ä ‡∂¥‡∑ú‡∂Ω‡∑í‡∑É‡∑ä ‡∂±‡∑í‡∑Ö‡∂∞‡∑è‡∂ª‡∑í‡∂±‡∑ä‡∂∫‡∑ê‡∂∫‡∑í ‡∂ö‡∑í‡∂∫‡∑è‡∂ú‡∂≠‡∑ä ‡∂ö‡∑í‡∑Ñ‡∑í‡∂¥ ‡∂Ø‡∑ô‡∂±‡∑ô‡∂ö‡∑î ‡∂±‡∑ú‡∂Ø‡∂≠‡∑ä ‡∂±‡∂∏‡∑î‡∂≠‡∑ä, ‡∑Ä‡∑ê‡∂Ø‡∂ú‡∂≠‡∑ä...",0
132,lellahutanpage,"‡∂ª‡∑ú‡∑Ç‡∑è‡∂±‡∑ä, ‡∂ú‡∂∫‡∑è‡∑Å‡∂±‡∑ä, ‡∂Ö‡∂ª‡∑î‡∂±‡∑ä‡∂Ø‡∑í‡∂ö ‡∂±‡∑ê‡∑Ä‡∂≠‡∂≠‡∑ä ‡∂Ü‡∂´‡∑ä‡∂©‡∑î‡∑Ä‡∂ß ‚Äì ‡∂Ø‡∑ê‡∂±‡∑ä ‡∂Ü‡∂´‡∑ä‡∂©‡∑î‡∑Ä‡∂ß 117‡∂∫‡∑í..!",0
133,lellahutanpage,"‡∂Ö‡∂ª‡∑ä‡∂∂‡∑î‡∂∞‡∂∫ ‡∑É‡∂ª‡∂Ω‡∑Ä..

‡∂ú‡∑ô‡∑Ä‡∑ì‡∂∏‡∂ß ‡∂á‡∂≠‡∑í ‡∂∏‡∑î‡∂Ω‡∑î ‡∂´‡∂∫ = ‡∂∂‡∑í‡∂Ω‡∑í‡∂∫‡∂± 51

‡∂â‡∂Ø‡∑í‡∂ª‡∑í ‡∑Ä‡∑É‡∂ª ‡∑Ñ‡∂≠ ‡∂≠‡∑î‡∂Ω ‡∂ú‡∑ô‡∑Ä‡∑í‡∂∫ ‡∂∫‡∑î‡∂≠‡∑î = ‡∂∂‡∑í‡∂Ω‡∑í‡∂∫‡∂± 31 (‡∂∏‡∑ô‡∂∫‡∑í‡∂±‡∑ä 17‡∂ö‡∑ä 2015 - 2019 ‡∂ö‡∑è‡∂Ω ‡∑É‡∑ì‡∂∏‡∑è‡∑Ä‡∑ö ‡∂∫‡∑Ñ‡∂¥‡∑è‡∂Ω‡∂± ‡∂ª‡∂¢‡∂∫ ‡∂ú‡∂≠‡∑ä‡∂≠‡∑î ‡∂ö‡∑ô‡∂ß‡∑í‡∂ö‡∑è‡∂Ω‡∑ì‡∂± ‡∂´‡∂∫, ‡∑É‡∑ô‡∑É‡∑î ‡∂í‡∑Ä‡∑è ‡∑Ä‡∑É‡∂ª 15‡∂ö‡∂ß ‡∑Ä‡∂©‡∑è ‡∂¥‡∑ê‡∂ª‡∂´‡∑í ‡∂Ø‡∑í‡∂ú‡∑î‡∂ö‡∑è‡∂Ω‡∑í‡∂± ‡∂´‡∂∫)

‡∂Ü‡∂Ø‡∑è‡∂∫‡∂∏ (‡∂Ö‡∂¥‡∂±‡∂∫‡∂± + ‡∑É‡∑ô‡∑É‡∑î) = ‡∂∂‡∑í‡∂Ω‡∑í‡∂∫‡∂± 10

‡∑Ä‡∑í‡∂∫‡∂Ø‡∂∏ (‡∂Ü‡∂±‡∂∫‡∂±) = ‡∂∂‡∑í‡∂Ω‡∑í‡∂∫‡∂± 20

‡∂Ø‡∑ê‡∂±‡∂ß ‡∂á‡∂≠‡∑í ‡∂∏‡∑î‡∂Ø‡∂Ω = ‡∂∂‡∑í‡∂Ω‡∑í‡∂∫‡∂± 2.4

‡∂©‡∑ú‡∂Ω‡∂ª‡∑ä ‡∂∂‡∑í‡∂Ω‡∑í‡∂∫‡∂± 10‡∂ö‡∑í‡∂±‡∑ä, ‡∂©‡∑ú‡∂Ω‡∂ª‡∑ä ‡∂∂‡∑í‡∂Ω‡∑í‡∂∫‡∂± 20‡∂ö ‡∂≠‡∑ô‡∂Ω‡∑ä, ‡∂ú‡∑ë‡∑É‡∑ä, ‡∂∂‡∑ô‡∑Ñ‡∑ô‡∂≠‡∑ä, ‡∂Ü‡∑Ñ‡∑è‡∂ª ‡∑É‡∑Ñ ‡∑É‡∑ô‡∑É‡∑î ‡∂Ø‡∑ë ‡∂ú‡∑ô‡∂±‡∂Ω‡∑ä‡∂Ω‡∑è,

‡∂©‡∑ú‡∂Ω‡∂ª‡∑ä ‡∂∂‡∑í‡∂Ω‡∑í‡∂∫‡∂± 30‡∂ö ‡∂´‡∂∫‡∂≠‡∑ä ‡∂ú‡∑ô‡∑Ä‡∂±‡∑ä‡∂± ‡∂ï‡∂±.

10‡∂ö‡∑í‡∂±‡∑ä 50‡∂ö ‡∑Ä‡∑ê‡∂© ‡∂ö‡∂ª‡∂±‡∑ä‡∂± ‡∂≠‡∑í‡∂∫‡∑ô‡∂±‡∑Ä‡∑è..

‡∂ï‡∂ö‡∂∫‡∑í ‡∂Ö‡∂ª‡∑ä‡∂∂‡∑î‡∂∞‡∂∫..

‡∂â‡∑Å‡∑è‡∂±‡∑ä ‡∂¢‡∂∫‡∑É‡∑ñ‡∂ª‡∑í‡∂∫",0
134,lellahutanpage,‡∂î‡∂ö‡∑ä‡∂ö‡∑ú‡∂ú‡∑ô‡∂±‡∑ä‡∂∏ ‡∂ú‡∑ö‡∂∏ ‡∂â‡∂Ω‡∑ä‡∂Ω‡∂Ω‡∑è ‡∂Ö‡∂±‡∑î‡∂ª‡∂ß ‡∑Ä‡∑í‡∂≠‡∂ª‡∂ö‡∑ä ‡∂±‡∑ê‡∂ß‡∑ä‡∂ß ‡∑Ä‡∂±‡∂±‡∑Ä‡∑è üòÇüôè,0
135,lellahutanpage,Lella Hutan,0
136,lellahutanpage,‡∂Ö‡∂©‡∑ä‡∂©‡∑ö üòÇ ‡∑É‡∑î‡∂¥‡∑í‡∂ª‡∑í‡∂∏ ‡∂©‡∂∫‡∂Ω‡∑ä ‡∂ë‡∂ö ‡∂∂‡∑ê‡∑Ñ‡∑ê‡∂Ω‡∑è üòÇ,0
137,lellahutanpage,‡∂¢‡∑ì‡∑Ä‡∂±‡∑ä ‡∂≠‡∑ú‡∂±‡∑ä‡∂©‡∂∏‡∂±‡∑ä ‡∂â‡∂Ω‡∑ä‡∂Ω‡∑è ‡∂Ö‡∑É‡∑ä ‡∑Ä‡∑ö,0
138,lellahutanpage,"‡∂Ö‡∂Ø ‡∂ª‡∂ß‡∑ö ‡∂∫‡∂± ‡∂Ω‡∑ú‡∂ö‡∑î‡∂∏ ‡∂∂‡∑ú‡∂ª‡∑î‡∑Ä ‡∂≠‡∂∏‡∑è ‡∂∏‡∑ö‡∂ö

‡∂ö‡∑í‡∑Ä‡∑ä‡∑Ä‡∑è ‡∂ö‡∑í‡∂∫‡∂Ω‡∑è ‡∂∏‡∂≠‡∂ö ‡∂≠‡∑í‡∂∫‡∑è ‡∂ú‡∂±‡∑í‡∂±‡∑ä,‡∂∏‡∑ö ‡∂Ö‡∂Ø ‡∂â‡∂±‡∑ä‡∂± 225 ‡∂±‡∑ä ‡∂Ö‡∂©‡∑î‡∂∏ 200 ‡∂ö‡∑ä ‡∑Ä‡∂≠‡∑ä ‡∂ä‡∂Ω‡∂ú ‡∂¥‡∑è‡∂ª‡∂≠‡∑ä ‡∂Ö‡∂¥‡∑ö ‡∂∏‡∑í‡∂±‡∑í‡∑É‡∑ä‡∑É‡∑î ‡∂¥‡∑è‡∂ª‡∑ä‡∂Ω‡∑í‡∂∏‡∑ö‡∂±‡∑ä‡∂≠‡∑î ‡∂ë‡∑Ä‡∂±‡∑Ä‡∑è

‡∂í‡∂ö ‡∑Ä‡∑ô‡∂±‡∑ä‡∂±‡∑ô ‡∂∏‡∑ô‡∑Ñ‡∑ô‡∂∏

‡∂ã‡∂≠‡∑î‡∂ª ‡∂±‡∑ê‡∂ú‡∑ô‡∂±‡∑Ñ‡∑í‡∂ª ‡∂†‡∂±‡∑ä‡∂Ø ‡∂ö‡∑ú‡∑Ñ‡∑ú‡∂∏‡∂≠‡∑ä ‡∑Ñ‡∑ê‡∂∏‡∂Ø‡∑è‡∂∏ ‡∑Ä‡∑ê‡∂ß‡∑ô‡∂±‡∑ä‡∂±‡∑ô ‡∂ë‡∂ö‡∂∏ ‡∑É‡∑ô‡∂ß‡∑ä ‡∂ë‡∂ö‡∂ß,‡∂í‡∂ö ‡∂ö‡∑Ä‡∂Ø‡∑è‡∑Ä‡∂≠‡∑ä ‡∑Ä‡∑ô‡∂±‡∑É‡∑ä ‡∑Ä‡∑ô‡∂±‡∑ä‡∂±‡∑ô ‡∂±‡∑ë,‡∂í ‡∂±‡∑í‡∑É‡∑è ‡∂∏‡∑ö ‡∂â‡∂±‡∑ä‡∂± ‡∂ã‡∂≠‡∑î‡∂ª‡∑î ‡∂±‡∑ê‡∂ú‡∑ô‡∂±‡∑Ñ‡∑í‡∂ª ‡∑É‡∑ô‡∂ß‡∑ä ‡∂ë‡∂ö ‡∂ä‡∂Ω‡∂ú ‡∂¥‡∑è‡∂ª‡∂≠‡∑ä ‡∂¥‡∑è‡∂ª‡∑ä‡∂Ω‡∑í‡∂∏‡∑ö‡∂±‡∑ä‡∂≠‡∑î ‡∂ë‡∂±‡∑Ä‡∑è

...",0
139,lellahutanpage,"‡∂Ø‡∑ê‡∂Ç ‡∂ö‡∑è‡∂©‡∑ä‡∂∂‡∑ù‡∂©‡∑ä ‡∑Ä‡∑ì‡∂ª‡∂∫‡∑ù ‡∂ú‡∑ú‡∂©‡∂ö‡∑ä ‡∑Ñ‡∑í‡∂ß‡∑í‡∂∫‡∂ß,‡∑Ü‡∑ö‡∑É‡∑ä‡∂∂‡∑î‡∂ö‡∑ä
‡∂ë‡∂ö‡∑ö ‡∂∏‡∑ñ‡∂± ‡∂∫‡∑Ä‡∑è ‡∂ú‡∂±‡∑ä‡∂± ‡∂Ö‡∂ª‡∂ú‡∂Ω ‡∂ö‡∂ª‡∑è‡∂ß,‡∂¥‡∑ú‡∂©‡∑ä‡∂©‡∂ö‡∑ä ‡∂ö‡∑ë ‡∂ú‡∑Ñ‡∂Ω‡∑è ‡∑Ä‡∑ì‡∂©‡∑í‡∂∫‡∑ù ‡∂ë‡∂ö‡∂ö‡∑ä ‡∂Ö‡∂ª‡∂Ç ‡∂¥‡∑ú‡∂ª‡∑Ä‡∂Ω‡∑ä ‡∑Ä‡∑ô‡∂±‡∑ä‡∂± ‡∑Ü‡∑ö‡∑É‡∑ä‡∂∂‡∑î‡∂ö‡∑ä ‡∂Ø‡∑ê‡∂∏‡∑ä‡∂∏‡∂ß

‡∑Ñ‡∂∏‡∑î‡∂Ø‡∑è‡∑Ä ‡∂Ω‡∑ú‡∂ö‡∑î ‡∂±‡∑ë ‡∂Ö‡∂Ø ‡∂â‡∂Ø‡∂±‡∑ä ‡∂ã‡∂∂‡∂Ω‡∑è ‡∂Ö‡∂ß‡∂¥‡∑è‡∑É‡∑ä ‡∂ã‡∂±‡∑ä ‡∂ö‡∑í‡∂∫‡∂Ω‡∑è ‡∂ö‡∑ë ‡∂ú‡∑ê‡∑Ñ‡∑î‡∑Ä‡∂ß

‡∂ö‡∑ú‡∂ß‡∑í ‡∂ú‡∑Ñ‡∂±‡∂ö‡∑ú‡∂ß ‡∂ã‡∂±‡∑ä ‡∑Ñ‡∑í‡∂ß‡∑í‡∂∫‡∑ô ‡∂á‡∂Ø‡∂Ç ‡∂∫‡∂ß,‡∂â‡∑É‡∑ä‡∑É‡∂ª‡∑Ñ‡∂ß ‡∂ú‡∑í‡∂∫‡∑ô ‡∑Ñ‡∂∏‡∑î‡∂Ø‡∑è‡∑Ä‡∑ö ‡∂ö‡∑ú‡∂Ω‡∑ä‡∂Ω‡∑ú ‡∑Ä‡∑í‡∂≠‡∂ª‡∂∫‡∑í

‡∂¢‡∑ì‡∑Ä‡∑í‡∂≠ ‡∂Ø‡∑è‡∑É‡∑ä ‡∂ú‡∑è‡∂±‡∂ö‡∑ä ‡∂±‡∑ê‡∂≠‡∑í ‡∂ö‡∂ª‡∂Ç ‡∂ª‡∂ß ‡∂∂‡∑ö‡∂ª‡∑î‡∑Ä‡∑ô ‡∑Ñ‡∂∏‡∑î‡∂Ø‡∑è‡∑Ä‡∑ö ‡∂ö‡∑ú‡∂Ω‡∑ä‡∂Ω‡∑ú...",0
140,lellahutanpage,‡∂Ö‡∂¥‡∑í‡∂ß ‡∂±‡∂∏‡∑ä ‡∂¢‡∑ì‡∑Ä‡∂≠‡∑ä ‡∑Ä‡∑ô‡∂±‡∑ä‡∂± ‡∂±‡∑í‡∂Ø‡∑Ñ‡∑É ‡∂Ö‡∂ª‡∂Ç ‡∂Ø‡∑î‡∂±‡∑ä‡∂±‡∑î ‡∂ö‡∑ú‡∂Ω‡∑ä‡∂Ω‡∑ú ‡∑Ñ‡∑ê‡∂∏‡∂Ø‡∑è‡∂∏ #‡∑Ä‡∑ì‡∂ª‡∂∫‡∑ù,0
141,lellahutanpage,#‡∂ö‡∑î‡∑Ñ‡∂ö‡∂∫‡∂±‡∑ä‡∂ú‡∑ô ‡∂¥‡∑è‡∂ª‡∑è‡∂Ø‡∑ì‡∑É‡∂∫ ‡∂Ω‡∂Ç‡∂ö‡∑è‡∑Ä üò•,0
142,lellahutanpage,"‡∂Ö‡∂©‡∑ä‡∂©‡∑ö üòÅ

Adde üòÅ",0
143,lellahutanpage,Lella Hutan,0
144,lellahutanpage,Lella Hutan,0
145,lellahutanpage,"‡∂ö‡∂≠‡∑è‡∑Ä‡∂ö ‡∂ª‡∂ú‡∂¥‡∑è‡∂Ω‡∑è,‡∂í ‡∂¥‡∑ê‡∂≠‡∑ä‡∂≠‡∑ô ‡∂∏‡∑í‡∂±‡∑í‡∑É‡∑ä‡∑É‡∑î ‡∂Ö‡∂±‡∑ä‡∂Ø‡∂Ω‡∑è ‡∂¥‡∑è‡∂ª‡∑ä‡∂Ω‡∑í‡∂∏‡∑ö‡∂±‡∑ä‡∂≠‡∑î ‡∂ú‡∑í‡∑Ñ‡∑í‡∂±‡∑ä,‡∂ú‡∂±‡∑ä‡∂± ‡∂≠‡∑í‡∂∫‡∑ô‡∂± ‡∑Ä‡∂ª‡∂¥‡∑ä‚Äç‡∂ª‡∑É‡∑è‡∂Ø ‡∂î‡∂ö‡∑ä‡∂ö‡∑ú‡∂∏ ‡∂Ö‡∂ª‡∂±‡∑ä,‡∂ª‡∂ß‡∂ß ‡∑É‡∂≠ ‡∂¥‡∑Ñ‡∂ö ‡∑É‡∑ö‡∑Ä‡∂∫‡∂ö‡∑ä ‡∂±‡∑ú‡∂ö‡∂ª ‡∂ú‡∑ô‡∂Ø‡∂ª ‡∂ú‡∑í‡∑Ñ‡∑í‡∂±‡∑ä,‡∑Ñ‡∑í‡∂ß‡∂¥‡∑î ‡∂Ö‡∑Ä‡∑î‡∂ª‡∑î‡∂Ø‡∑î 5 ‡∂ß ‡∂≠‡∑è‡∂∏‡∂≠‡∑ä ‡∑Ä‡∑í‡∑Å‡∑ä‚Äç‡∂ª‡∑è‡∂∏ ‡∑Ä‡∑ê‡∂ß‡∑î‡∂¥‡∂≠‡∑ä ‡∂ú‡∂±‡∑ä‡∂± ‡∂ë‡∂ö‡∑í‡∂≠‡∑ä ‡∂á‡∑Ä‡∑í‡∂Ω‡∑ä‡∂Ω‡∑è ‡∂ö‡∑í‡∑Ñ‡∑è‡∂±‡∑ä‡∂ö‡∑ú üòÇ",0
146,lellahutanpage,‡∂ë‡∂Ω ‡∂ë‡∂Ω üòÅ,0
147,lellahutanpage,Lella Hutan,0
148,lellahutanpage,Lella Hutan,0
149,lellahutanpage,Lella Hutan,0
150,lellahutanpage,‡∂Ö‡∂ª‡∑ä‡∂∂‡∑î‡∂Ø‡∂∫‡∂ß ‡∑Ä‡∑í‡∑É‡∂≥‡∑î‡∂∏‡∑ä ‡∑É‡∑ú‡∂∫‡∂±‡∑ä‡∂± ‡∂á‡∂∏‡∂≠‡∑í ‡∂∞‡∑î‡∂ª ‡∂∑‡∑è‡∂ª‡∂ú‡∑ê‡∂±‡∑ì‡∂∏‡∂ß ‡∂¢‡∂±‡∂¥‡∂≠‡∑í‡∂ú‡∑ô‡∂±‡∑ä ‡∑É‡∑í‡∂∫‡∂Ω‡∑î ‡∂¥‡∂ö‡∑ä‡∑Ç‡∑Ä‡∂Ω‡∂ß ‡∂Ü‡∂ª‡∑è‡∂∞‡∂±‡∑è,0
151,lellahutanpage,"#‡∑É‡∑í‡∂ª‡∑è‡∑Ä‡∂ß‡∂∏ ‡∂á‡∂∫‡∑í ‡∂í ?

#Seriously why is that ?",0
152,lellahutanpage,#‡∑É‡∂¢‡∑í‡∂≠‡∑ä ‡∂ß‡∂≠‡∑ä ‡∂∏‡∑ú‡∂±‡∑è‡∑Ñ‡∂ª‡∑í ‡∂Ø‡∑ô‡∂∏‡∑î üòé‚úå,0
153,lellahutanpage,"#BREAKING - ‡∂±‡∑è‡∂∏‡∂Ω‡∑ä ‡∂ª‡∑è‡∂¢‡∂¥‡∂ö‡∑ä‡∑Ç ‡∂ö‡∑ä‚Äç‡∂ª‡∑ì‡∂©‡∑è ‡∂Ö‡∂∏‡∑è‡∂≠‡∑ä‚Äç‡∂∫ ‡∂∞‡∑ñ‡∂ª‡∂∫‡∑ô‡∂±‡∑ä ‡∂â‡∂Ω‡∑ä‡∂Ω‡∑è ‡∂Ö‡∑É‡∑ä ‡∑Ä‡∑ô‡∂∫‡∑í

#BREAKING - Namal Rajapaksha resigns from the post of Sports Minister",0
154,lellahutanpage,Lella Hutan,0
155,lellahutanpage,#‡∂Ö‡∂∏‡∑ä‡∂∏‡∂ß‡∂∫‡∑î‡∂©‡∑ñ #‡∂∏‡∂±‡∑ù‡∂ú‡∂±‡∑ö‡∑É‡∂±‡∑î‡∂≠‡∑ä #‡∂â‡∂±‡∑ä‡∂±‡∑Ä üòÇ,0
156,lellahutanpage,#‡∑É‡∂ª‡∑ä‡∑Ä‡∑ê‡∂©‡∑ä‡∂©‡∑è üòé‚úå,0
157,lellahutanpage,#BREAKING - ‡∑É‡∂∏‡∑è‡∂¢ ‡∂∏‡∑è‡∂∞‡∑ä‚Äç‡∂∫ ‡∂∫‡∑Ö‡∑í ‡∑É‡∂ö‡∑ä‚Äç‡∂ª‡∑ì‡∂∫ ‡∂ö‡∂ª‡∂∫‡∑í,0
158,lellahutanpage,"‡∂∏‡∑ö ‡∂ª‡∑ê‡∂Ω‡∑ä‡∂Ω ‡∑É‡∂∏‡∑ä‡∂∂‡∂±‡∑ä‡∂∞‡∂∫‡∑ô‡∂±‡∑ä ‡∂∏‡∂ú‡∑ö ‡∑É‡∑ä‡∂Æ‡∑è‡∑Ä‡∂ª‡∂∫‡∑ö ‡∑Ä‡∑ô‡∂±‡∑É‡∑ä‡∂ö‡∂∏‡∂ö‡∑ä ‡∂±‡∑ë.

1) ‡∂Ü‡∂´‡∑ä‡∂©‡∑î‡∑Ä ‡∂â‡∂Ω‡∑ä‡∂Ω‡∑è ‡∂Ö‡∑É‡∑ä ‡∑Ä‡∑í‡∂∫ ‡∂∫‡∑î‡∂≠‡∑î‡∂∫‡∑í. ‡∑Ä‡∑í‡∂¥‡∂ö‡∑ä‡∑Ç‡∂∫‡∑ö ‡∂â‡∂±‡∑ä‡∂¥‡∑É‡∑î ‡∂∂‡∂Ω‡∑Ä‡∂≠‡∑ä‡∂∏ ‡∂ö‡∂´‡∑ä‡∂©‡∑è‡∂∫‡∂∏‡∂ß ‡∂∂‡∂Ω‡∂∫ ‡∂Ω‡∂∂‡∑è ‡∂Ø‡∑í‡∂∫ ‡∂∫‡∑î‡∂≠‡∑î‡∂∫‡∑í.

2) ‡∂â‡∂±‡∑ä‡∂¥‡∑É‡∑î‡∑Ä ‡∂∂‡∂Ω‡∂∫‡∂ß ‡∂ë‡∂± ‡∂ö‡∂´‡∑ä‡∂©‡∑è‡∂∫‡∂∏ ‡∂ª‡∂ß‡∑ô‡∑Ñ‡∑í ‡∂Ø‡∑ö‡∑Å‡∂¥‡∑è‡∂Ω‡∂± ‡∑É‡∑ä‡∂Æ‡∑è‡∑Ä‡∂ª‡∑ä‡∂≠‡∑ä‡∑Ä‡∂∫ ‡∂á‡∂≠‡∑í ‡∂ö‡∑Ö ‡∂∫‡∑î‡∂≠‡∑î‡∂∫‡∑í. ‡∂Ø‡∑ö‡∑Å‡∂¥‡∑è‡∂Ω‡∂± ‡∑É‡∑ä‡∂Æ‡∑è‡∑Ä‡∂ª‡∂≠‡∑ä‡∂∫‡∂ö‡∑ä ‡∂±‡∑ú‡∂∏‡∑ê‡∂≠‡∑í ‡∂ª‡∂ß‡∂ö‡∑ä ‡∂∫‡∂±‡∑î ‡∂∏‡∑ö ‡∂Ö‡∂ª‡∑ä‡∂∂‡∑î‡∂∞‡∂∫ ‡∂∏‡∑ô‡∂∫‡∂ß‡∂≠‡∑ä ‡∑Ä‡∂©‡∑è ‡∂ã‡∂ú‡∑ä‚Äç‡∂ª ‡∂ö‡∑í‡∂ª‡∑ì‡∂∏‡∂ö‡∑ä ‡∂¥‡∂∏‡∂´‡∂∫‡∑í.

3) ‡∑Ä‡∑É‡∂ª‡∂ö‡∂ß ‡∑Ä‡∂ª‡∂ö‡∑ä ‡∑É‡∂∏‡∑è‡∂¢ ‡∂∏‡∑è‡∂∞‡∑ä‚Äç‡∂∫ ‡∂î‡∑É‡∑ä‡∑É‡∑ö ‡∂ª‡∂ß‡∑ö ‡∂¥‡∑è‡∂Ω‡∂±‡∂∫ ‡∑Ä‡∑ô‡∂±‡∑É‡∑ä‡∂ö‡∑í‡∂ª‡∑ì‡∂∏, ‡∂ö‡∑ù‡∂Ω‡∑Ñ‡∑è‡∂Ω ‡∂á‡∂≠‡∑í ‡∂ö‡∑í‡∂ª‡∑ì‡∂∏ ‡∂∫‡∑Ñ‡∂¥‡∂≠‡∑ä ‡∂Ø‡∑ö ‡∂±‡∑ú‡∑Ä‡∑ô‡∂∫‡∑í. ‡∂ë‡∑Ä‡∑ê‡∂±‡∑í ‡∂Ø‡∑ö ‡∂Ö‡∑Ä‡∑É‡∂±‡∑ä ‡∂ö‡∑í‡∂ª‡∑ì‡∂∏‡∂ß ‡∂î‡∑Ä‡∑î‡∂±‡∑ä ‡∂ö‡∂ß‡∂∫‡∑î‡∂≠‡∑î ‡∂ö‡∑Ö ‡∂∫‡∑î‡∂≠‡∑î‡∂∫‡∑í.

4) ‡∂â‡∂±‡∑ä‡∂¥‡∑É‡∑î‡∑Ä ‡∂¥‡∑è‡∂Ω‡∂ö‡∂∫‡∂±‡∑ä ‡∂â‡∑Ä‡∂≠‡∑ä ‡∂ö‡∑í‡∂ª‡∑ì‡∂∏ ‡∑É‡∑í‡∂Ø‡∑î ‡∑Ä‡∑í‡∂∫ ‡∂∫‡∑î‡∂≠‡∑ä‡∂≠‡∑ö ‡∑Ä‡∑ä‚Äç‡∂∫‡∑Ä‡∑É‡∑ä‡∂Æ‡∑è‡∂±‡∑î‡∂ö‡∑ñ‡∂Ω‡∑Ä
‡∂¥‡∂∏‡∂´‡∂∫‡∑í. ‡∂ä‡∂ß ‡∂Ö‡∂±‡∑î‡∂ª‡∑ñ‡∂¥ ‡∂±‡∑ú‡∑Ä‡∂±...",0
159,lellahutanpage,State Minister Roshan Ranasinghe resigns,0
160,lellahutanpage,Lella Hutan,0
161,lellahutanpage,"‡∂∏‡∑ú‡∂ö‡∂Ø ‡∂∏‡∑Ñ‡∂´ ‡∂ã‡∂±‡∑è ‡∂±‡∂∏‡∑ä ‡∂∂‡∑î‡∂Ø‡∑î‡∑Ñ‡∑è‡∂∏‡∑î‡∂Ø‡∑î‡∂ª‡∑î‡∑Ä‡∂±‡∑ä
‡∂ß ‡∂ö‡∂©‡∑ö ‡∂∫‡∂±‡∑ä‡∂± ‡∑Ä‡∑í‡∂≠‡∂ª‡∂∫‡∑í ‡∂Ö‡∂∫‡∑í‡∂≠‡∑í",0
162,lellahutanpage,‡∑Ñ‡∑í‡∂≠‡∂Ω‡∑è ‡∑Ä‡∑ê‡∂© ‡∂ö‡∂ª‡∂¥‡∂Ω‡∑ä‡∂Ω‡∑è,0
163,lellahutanpage,Lella Hutan,0
164,lellahutanpage,üëáüëá,0
165,lellahutanpage,"‡∂∏‡∑í‡∂±‡∑í‡∑É‡∑ä‡∑É‡∑î ‡∂¥‡∑ì‡∂©‡∑è ‡∑Ä‡∑í‡∂≥‡∑í‡∂± ‡∂Ö‡∂ª‡∑ä‡∂∂‡∑î‡∂∞‡∂∫‡∂ö‡∂ß ‡∂ë‡∂ª‡∑ô‡∑Ñ‡∑í‡∑Ä ‡∂∏‡∑í‡∂±‡∑í‡∑É‡∑ä‡∑É‡∑î ‡∂¥‡∑è‡∂ª‡∂ß ‡∂∂‡∑Ñ‡∑í‡∂± ‡∂ë‡∂ö ‡∑Ä‡∂ª‡∂Ø‡∂ö‡∑ä ‡∂ö‡∑í‡∂∫‡∂Ω‡∑è ‡∂∏‡∂∏ ‡∂Ø‡∂ö‡∑í‡∂±‡∑ä‡∂±‡∑ö ‡∂±‡∑ë.

‡∑Ñ‡∑ê‡∂∂‡∑ê‡∂∫‡∑í ‡∂ë‡∂±‡∑ä‡∂± ‡∂ë‡∂±‡∑ä‡∂± ‡∑É‡∂∏‡∑è‡∂¢ ‡∂¢‡∑è‡∂Ω‡∑è ‡∂∂‡∂Ω‡∑Ä‡∂≠‡∑ä ‡∑Ä‡∑ì‡∂∏ ‡∑É‡∑Ñ ‡∂∏‡∑í‡∂±‡∑í‡∑É‡∑î‡∂±‡∑ä ‡∂Ö‡∂≠‡∑í‡∑Å‡∂∫ ‡∂Ø‡∑ö‡∑Å‡∂¥‡∑è‡∂Ω‡∂±‡∑ì‡∂ö‡∂ª‡∂´‡∂∫ ‡∑Ä‡∑ì‡∂∏ ‡∑É‡∑Ñ ‡∂Ø‡∑ö‡∑Å‡∂¥‡∑è‡∂Ω‡∂±‡∑í‡∂ö ‡∑É‡∂ö‡∑ä‚Äç‡∂ª‡∑ì‡∂∫ ‡∑Ä‡∑ì‡∂∏ ‡∂á‡∂≠‡∑î‡∂Ω‡∑ö ‡∂ª‡∂ß‡∑ö ‡∂â‡∂Ø‡∑í‡∂ª‡∑í ‡∂Ö‡∂±‡∑è‡∂ú‡∂≠‡∂∫‡∑ö ‡∂Ø‡∑ö‡∑Å‡∂¥‡∑è‡∂Ω‡∂± ‡∑É‡∑ä‡∂Æ‡∑è‡∑Ä‡∂ª‡∂≠‡∑ä‡∑Ä‡∂∫‡∂ö‡∑ä ‡∂á‡∂≠‡∑í ‡∑Ä‡∑ö‡∑Ä‡∑í ‡∂ö‡∑í‡∂∫‡∂Ω‡∑è ‡∂∂‡∑ê‡∑Ñ‡∑ê.

‡∂∏‡∂ú‡∑ö ‡∑É‡∑ä‚Äç‡∂Æ‡∑è‡∑Ä‡∂ª‡∂∫ ‡∂ª‡∂¢‡∂∫ ‡∂Ø‡∑ê‡∂±‡∑ä ‡∂â‡∂Ω‡∑ä‡∂Ω‡∑è ‡∂Ö‡∑É‡∑ä ‡∑Ä‡∑í‡∂∫ ‡∂∫‡∑î‡∂≠‡∑î‡∂∫‡∑í.

‡∂í ‡∑Ä‡∂ú‡∑ö‡∂∏ ‡∂∏‡∂ß ‡∂∂‡∂∫‡∂ö‡∑ä ‡∂≠‡∑í‡∂∫‡∑ô‡∂±‡∑Ä‡∑è ‡∂â‡∂Ø‡∑í‡∂ª‡∑í‡∂∫‡∑ö‡∂Ø‡∑í ‡∂¥‡∂≠‡∑ä ‡∑Ä‡∂± ‡∂ª‡∂¢‡∂∫‡∑Ä‡∂Ω‡∑ä ‡∂ö‡∑í‡∑É‡∑í‡∑Ä‡∑ô‡∂ö‡∂ß ‡∂¥‡∑ñ‡∂ª‡∑ä‡∂´ ‡∂∞‡∑ñ‡∂ª ‡∂ö‡∑è‡∂Ω‡∂∫‡∑Ä‡∂≠‡∑ä ‡∑É‡∂∏‡∑ä‡∂¥‡∑ñ‡∂ª‡∑ä‡∂´ ‡∂ö‡∂ª‡∂ú‡∂±‡∑ä‡∂± ‡∂â‡∂© ‡∂Ω‡∑ê‡∂∂‡∑ô‡∂∫‡∑í‡∂Ø ‡∂ö‡∑í‡∂∫‡∂Ω‡∑è.

‡∂Ö‡∂≠‡∑ì‡∂≠‡∂∫‡∑ö ‡∑É‡∑ë‡∂∏ ‡∂¢‡∂±‡∂¥‡∂≠‡∑í‡∑Ä‡∂ª‡∂∫‡∑ô‡∂ö‡∑î‡∂∏ ‡∂∞‡∑ñ‡∂ª ‡∂ö‡∑è‡∂Ω ‡∂Ø‡∑ô‡∂ö‡∂≠‡∑ä ‡∑É‡∂∏‡∑ä‡∂¥‡∑ñ‡∂ª‡∑ä‡∂´ ‡∂ö‡∑Ö‡∑è.

2015 ‡∑É‡∂∏‡∑è‡∂¢‡∂¢‡∑è‡∂Ω‡∑è ‡∑Ä‡∑í‡∂¥‡∑ä‡∂Ω‡∑Ä‡∂∫ ‡∂ë‡∂ö‡∑ä‡∂ö ‡∂Ü‡∂∫‡∑ö ‡∂∞‡∑ñ‡∂ª ‡∂ö‡∑è‡∂Ω ‡∂Ø‡∑ô‡∂ö‡∂∏...",0
166,lellahutanpage,"‡∂ª‡∂¢‡∂∫ ‡∂Ö‡∑É‡∂∏‡∂≠‡∑ä!

‡∂∏‡∑ö ‡∂∏‡∑î‡∂Ω‡∑î ‡∂ª‡∂ß‡∑ö‡∂∏ ‡∂¢‡∂±‡∂≠‡∑è‡∑Ä ‡∑Ä‡∑í‡∂Ø‡∑î‡∂Ω‡∑í‡∂∫ ‡∂±‡∑ú‡∂∏‡∑ê‡∂≠‡∑í‡∂ö‡∂∏‡∑í‡∂±‡∑ä, ‡∂≠‡∑ô‡∂Ω‡∑ä ‡∂¥‡∑ù‡∑Ö‡∑í‡∂Ç ‡∑Ä‡∂Ω ‡∂ª‡∑É‡∑ä‡∂≠‡∑í‡∂∫‡∑è‡∂Ø‡∑î ‡∑Ä‡∑ô‡∂∏‡∑í‡∂±‡∑ä ‡∂¥‡∑ì‡∂©‡∑è ‡∑Ä‡∑í‡∂Ø‡∑í‡∂± ‡∑É‡∂∏‡∂∫‡∂ö‡∑í. ‡∂Ø‡∑ê‡∂©‡∑í ‡∂Ö‡∂ª‡∑ä‡∂∂‡∑î‡∂∞‡∂∫ ‡∑Ñ‡∂∏‡∑î‡∑Ä‡∑ö ‡∑Ä‡∂≠‡∑ä‡∂∏‡∂±‡∑ä ‡∂ª‡∂¢‡∂∫ ‡∂∏‡∑ö ‡∂Ö‡∂ª‡∑ä‡∂∂‡∑î‡∂∞‡∂∫‡∑ö ‡∑Ñ‡∑ö‡∂≠‡∑î ‡∑É‡∑Ñ ‡∂ú‡∑ê‡∂π‡∑î‡∂ª ‡∂¢‡∂±‡∂≠‡∑è‡∑Ä‡∂ß ‡∑É‡∂±‡∑ä‡∂±‡∑í‡∑Ä‡∑ö‡∂Ø‡∂±‡∂∫ ‡∂ö‡∑í‡∂ª‡∑ì‡∂∏‡∂ß‡∂≠‡∑ä, ‡∂¥‡∑ê‡∑Ñ‡∑ê‡∂Ø‡∑í‡∂Ω‡∑í ‡∂ö‡∑í‡∂ª‡∑ì‡∂∏‡∂ß‡∂≠‡∑ä ‡∂ã‡∂≠‡∑ä‡∑É‡∑è‡∑Ñ‡∂∫‡∂ö‡∑ä ‡∂±‡∑ú‡∂ú‡∂≠‡∑ä ‡∂≠‡∂ª‡∂∏‡∂∫.

‡∂í ‡∑Ä‡∑ô‡∂±‡∑î‡∑Ä‡∂ß ‡∂î‡∑Ä‡∑î‡∂±‡∑ä ‡∂¢‡∂±‡∂≠‡∑è‡∑Ä ‡∑É‡∑ê‡∂±‡∑É‡∑Ä‡∑ì‡∂∏ ‡∂¥‡∂∏‡∂´‡∂ö‡∑ä ‡∂â‡∂Ω‡∂ö‡∑ä‡∂ö ‡∂ö‡∂ª ‡∂ö‡∂≠‡∑è ‡∂ö‡∑ì‡∑Ä‡∑ö‡∂∫.

‡∂∏‡∑í‡∂±‡∑í‡∑É‡∑î‡∂±‡∑ä‡∂ú‡∑ö ‡∑Ñ‡∂Ø‡∑Ä‡∂≠‡∂ß ‡∂ö‡∂≠‡∑è ‡∂ö‡∑í‡∂ª‡∑ì‡∂∏‡∂ß ‡∑Ä‡∂©‡∑è ‡∂î‡∑Ä‡∑î‡∂±‡∑ä‡∂ú‡∑ö ‡∂∂‡∑î‡∂Ø‡∑ä‡∂∞‡∑í‡∂∫‡∂ß ‡∂ö‡∂≠‡∑è ‡∂ö‡∑í‡∂ª‡∑ì‡∂∏ ‡∂¢‡∂±‡∂¥‡∑ä‚Äç‡∂ª‡∑í‡∂∫ ‡∂±‡∑ú‡∑Ä‡∑í‡∂∫ ‡∑Ñ‡∑ê‡∂ö. ‡∂ë‡∂±‡∂∏‡∑î‡∂≠‡∑ä ‡∑Ä‡∂©‡∑è ‡∂±‡∑í‡∑Ä‡∑ê‡∂ª‡∂Ø‡∑í ‡∂Ø‡∑ö ‡∂∏‡∑í‡∂±‡∑í‡∑É‡∑î‡∂±‡∑ä‡∂ú‡∑ö ‡∂∂‡∑î‡∂Ø‡∑ä‡∂∞‡∑í‡∂∫‡∂ß ‡∂Ü‡∂∏‡∂±‡∑ä‡∂≠‡∑ä‚Äç‡∂ª‡∂´‡∂∫ ‡∂ö‡∑í‡∂ª‡∑ì‡∂∏‡∂∫‡∑í.

‡∂ë‡∂Ω‡∑ô‡∑É ‡∂±‡∑ú‡∂ö‡∑í‡∂ª‡∑ì‡∂∏‡∑ö ‡∂µ‡∂Ω ‡∑Ä‡∑í‡∂¥‡∑è‡∂ö ‡∂∏‡∑ö ‡∑Ä‡∂±‡∑Ä‡∑í‡∂ß ‡∑Ñ‡∑ú‡∂Ø‡∑í‡∂±‡∑ä ‡∂¥‡∑ô‡∂±‡∑ô‡∂∏‡∑í‡∂±‡∑ä ‡∂≠‡∑í‡∂∂‡∑ö. ‡∂ª‡∂ß‡∑ö ‡∂¢‡∂±‡∂≠‡∑è‡∑Ä‡∂ú‡∑ô‡∂±‡∑ä ‡∂∂‡∑Ñ‡∑î‡∂≠‡∂ª‡∂∫‡∂ö‡∑ä...",0
167,lellahutanpage,‡∂Ö‡∂©‡∑î‡∂∏ ‡∂ú‡∑è‡∂±‡∑ô jvp ‡∂ë‡∂ö‡∑Ä‡∂≠‡∑ä ‡∂±‡∑ë‡∂±‡∑ô,0
168,lellahutanpage,‡∂Ö‡∂¥‡∑ä‚Äç‡∂ª‡∑í‡∂∫‡∑ô‡∂Ω‡∑ä 3 ‡∂±‡∑í‡∂ª‡∑ä‡∂±‡∑è‡∂∏‡∑í‡∂ö‡∑Ä ‡∑É‡∂Ç‡∑Ä‡∑í‡∂∞‡∑è‡∂±‡∂∫ ‡∂ö‡∑Ö ‡∑Ä‡∑í‡∂ª‡∑ù‡∂∞‡∂≠‡∑è ‡∑Ä‡∑í‡∂ª‡∑ù‡∂∞‡∂≠‡∑è‡∑Ä‡∂∫‡∑ö ‡∂∂‡∑Ö‡∂Ω‡∑è ‡∂∏‡∂Ω‡∑ä‡∂Ω‡∑ô‡∂±‡∑ä ‡∂ë‡∂Ω‡∑í‡∂∫‡∂ß ‡∂¥‡∂±‡∑í,0
169,lellahutanpage,"‡∂Ø‡∑ö‡∑Å‡∂¥‡∑è‡∂Ω‡∂±‡∂∫ ‡∂ú‡∑ê‡∂± ‡∂Ö‡∂∂‡∂∏‡∂Ω‡∑ä ‡∂ª‡∑ö‡∂´‡∑î‡∑Ä‡∂ö ‡∂Ö‡∂≠‡∑ä‡∂Ø‡∑ê‡∂ö‡∑ì‡∂∏‡∂ö‡∑ä, ‡∂Ø‡∑ê‡∂±‡∑î‡∂∏‡∂ö‡∑ä ‡∂±‡∑ú‡∂∏‡∑ê‡∂≠‡∑í‡∑Ä ‡∂Ö‡∂ö‡∑î‡∂ª‡∑î ‡∂Ø‡∂±‡∑ä‡∂± ‡∂¥‡∂Ω‡∑í‡∂∫‡∂ß. ‡∂Ω‡∑í‡∂∫‡∂±‡∑ä‡∂±,‡∂ö‡∑í‡∂∫‡∂±‡∑ä‡∂± ‡∂Ø‡∂±‡∑ä‡∂± ‡∂¥‡∂Ω‡∑í‡∂∫‡∂ß ‡∑Ñ‡∑í‡∑É‡∑ä ‡∂Ö‡∑Ä‡∂ö‡∑è‡∑Å‡∂∫‡∂ö‡∑ä ‡∂∫‡∑ú‡∂Ø‡∑è‡∂ú‡∑ô‡∂± ‡∑Ñ‡∑í‡∂≠‡∂ß ‡∂ë‡∂± ‡∂î‡∑Ñ‡∑ö ‡∂ö‡∑í‡∂∫‡∂±‡∑ä‡∂±‡∂±‡∑ä ‡∑Ä‡∑è‡∂Ω‡∑ö, ‡∂Ω‡∑í‡∂∫‡∂±‡∑ä‡∂±‡∂±‡∑ä ‡∑Ä‡∑è‡∂Ω‡∑ö ‡∂ö‡∂ª‡∂± ‡∂∫‡∑ù‡∂¢‡∂±‡∑è‡∑Ä‡∂Ω‡∂ß ‡∑Ñ‡∑É‡∑î ‡∂±‡∑ú‡∑Ä‡∂±‡∑ä‡∂±..!
‡∂ë‡∂∏ ‡∂ö‡∂ª‡∂± ‡∂∫‡∑ù‡∂¢‡∂±‡∑è‡∑Ä‡∂Ω ‡∂∫‡∂Æ‡∑è‡∂ª‡∑ä‡∂≠‡∂∫ ‡∑Ä‡∂©‡∑è‡∂≠‡∑ä ‡∂∂‡∑í‡∑Ñ‡∑í‡∑É‡∑î‡∂´‡∑î‡∂∫..

‡∂∏‡∑è ‡∂ö‡∑í‡∂∫‡∂± ‡∂ö‡∑è‡∂ª‡∂´‡∑è‡∑Ä ‡∂Ø‡∑ñ‡∂¥‡∂≠‡∑ä ‡∑Ä‡∑ê‡∑É‡∑í‡∂∫‡∑ô‡∂ö‡∑î‡∂ß, ‡∂Ø‡∑ñ‡∂¥‡∂≠‡∑ä ‡∂∏‡∑è‡∂±‡∑É‡∑í‡∂ö‡∂≠‡∑ä‡∑Ä‡∂∫‡∑ô‡∂±‡∑ä ‡∂¥‡∑ô‡∂Ω‡∑ô‡∂±‡∑ä‡∂±‡∑ô‡∂ö‡∑î‡∂ß ‡∂¥‡∑ä‚Äç‡∂ª‡∑Å‡∑ä‡∂±‡∂ö‡∑è‡∂ª‡∑í ‡∑Ä‡∑í‡∂∫ ‡∑Ñ‡∑ê‡∂ö‡∑í‡∂∫.. ‡∂∏‡∑è ‡∂ë‡∑É‡∑ö ‡∂ö‡∑í‡∂∫‡∂±‡∑ä‡∂±‡∑ö ‡∂∏‡∑è‡∂ú‡∑ö ‡∂¢‡∑ì‡∑Ä‡∑í‡∂≠ ‡∂ö‡∑è‡∂Ω‡∂∫‡∑ô‡∂±‡∑ä ‡∑Ñ‡∂ª‡∑í ‡∂Ö‡∂©‡∂ö‡∑ä ‡∂ú‡∂≠ ‡∂ö‡∂Ω‡∑ö ‡∑Ä‡∂≠‡∑ä‡∂∏‡∂±‡∑ä ‡∂¥‡∑è‡∂Ω‡∂ö‡∂∫‡∂±‡∑ä ‡∂¥‡∂±‡∑ä‡∂±‡∑è ‡∂Ø‡∑ê‡∂∏‡∑ì‡∂∏‡∂ß‡∂∫..‡∂Ö‡∂¥‡∑í ‡∂ë‡∂∫ ‡∂ö‡∂Ω‡∑ô‡∂∏‡∑î..‡∂±‡∂∏‡∑î‡∂≠‡∑ä ‡∂ë‡∂Ω‡∑ô‡∑É‡∑í‡∂±‡∑ä ‡∂≠‡∑ù‡∂ª‡∑è‡∂ú‡∂≠‡∑ä ‡∂≠‡∑ê‡∂±‡∑ê‡∂≠‡∑ä‡∂≠‡∑è ‡∑É‡∑Ñ ‡∂Ö‡∂ú‡∑ä‚Äç‡∂ª‡∑Å‡∑ä‚Äç‡∂ª‡∑è‡∑Ä‡∂ö‡∂∫‡∑è ‡∑Ä‡∑í‡∑É‡∑í‡∂±‡∑ä ‡∂ö‡∂Ω ‡∂Ø‡∑ñ‡∑Ç‡∑í‡∂≠ ‡∂ö‡∑ä‚Äç‡∂ª‡∑í‡∂∫‡∑è‡∂¥‡∑í‡∑Ö‡∑í‡∑Ä‡∑ô‡∂≠ ‡∂±‡∑í‡∑É‡∑è ‡∂ë‡∂∏...",0
170,lellahutanpage,"‡∂Ü‡∂´‡∑ä‡∂©‡∑î‡∑Ä‡∂ß ‡∑Ä‡∑í‡∂ª‡∑î‡∂Ø‡∑ä‡∂∞‡∑Ä ‡∂∏‡∑í‡∂±‡∑í‡∑É‡∑ä‡∑É‡∑î ‡∂¥‡∑è‡∂ª‡∂ß ‡∂∂‡∑Ñ‡∑í‡∂±‡∑ä‡∂±‡∑ô ‡∂∂‡∑ê‡∂ª‡∑í‡∂∏ ‡∂≠‡∑ê‡∂±,‡∑Ñ‡∑ê‡∂∂‡∑ê‡∂∫‡∑í ‡∂í ‡∂ö‡∑è‡∑Ä‡∑Ä‡∂≠‡∑ä ‡∂¢‡∂±‡∑è‡∂∞‡∑í‡∂¥‡∂≠‡∑í‡∂ö‡∂∏‡∑ô‡∂±‡∑ä ‡∂ë‡∂Ω‡∑Ä‡∂Ω‡∑è ‡∑Ä‡∑í‡∂¥‡∂ö‡∑ä‡∑Ç‡∑ô ‡∂ë‡∂ö‡∑ô‡∂ö‡∑ä‡∑Ä ‡∂¢‡∂±‡∑è‡∂∞‡∑í‡∂¥‡∂≠‡∑í ‡∂ö‡∂ª‡∂±‡∑ä‡∂± ‡∂ã‡∑Ä‡∂∏‡∂±‡∑è‡∑Ä‡∑ô‡∂±‡∑ä ‡∂ö‡∂ª‡∂±‡∑Ä‡∑è ‡∂á‡∂≠‡∑í ‡∂ö‡∑í‡∂∫‡∂Ω‡∑è ‡∂∏‡∂∏ ‡∑Ñ‡∑í‡∂≠‡∂±‡∑ä‡∂±‡∑ô ‡∂±‡∑ë

‡∂Ü‡∂´‡∑ä‡∂©‡∑î‡∑Ä ‡∂ª‡∂ß‡∑ö ‡∂∏‡∑í‡∂±‡∑í‡∑É‡∑ä‡∑É‡∑î ‡∂¥‡∑ì‡∂©‡∑è‡∑Ä‡∂ß ‡∂¥‡∂≠‡∑ä‡∂ö‡∂ª‡∂±‡∑Ä‡∑è ‡∂ö‡∑í‡∂∫‡∂Ω‡∑è ‡∂ö‡∑í‡∂π‡∑î‡∂Ω‡∑ä ‡∂ö‡∂Ø‡∑î‡∂Ω‡∑î ‡∑Ñ‡∂Ω‡∑è‡∂ú‡∑ô‡∂± ‡∂¢‡∂±‡∂≠‡∑è‡∑Ä ‡∂ë‡∂ö‡∑ä‡∂ö 3 ‡∑Ä‡∑ô‡∂±‡∑í‡∂Ø‡∑è ‡∂¥‡∑è‡∂ª‡∂ß ‡∂∂‡∑Ñ‡∑í‡∂∏‡∑î ‡∂ö‡∑í‡∂∫‡∂Ω‡∑è ‡∑Ñ‡∑í‡∂∏‡∑í‡∂±‡∑ä ‡∑É‡∑ô‡∂ß‡∑ä ‡∑Ä‡∑ô‡∂± ‡∂∏‡∑ú‡∂± ‡∑Ä‡∑í‡∂¥‡∂ö‡∑ä‡∑Ç ‡∂∏‡∂±‡∑ä‡∂≠‡∑ä‚Äç‡∂ª‡∑ì‡∂Ø

‡∂ö‡∑è‡∂ª‡∑ä...",0
171,lellahutanpage,"üòÇüòÇ ‡∂Ö‡∂∏‡∑ù ‡∑É‡∂¢‡∑ì ‡∂î‡∂∫‡∑è

üòÇ üòÇ Oh my God Saji you",0
172,lellahutanpage,‡∂¥‡∑ä‡∂Ω‡∑ì‡∑É‡∑ä ‡∑É‡∂¢‡∑í‡∂≠‡∑ä ‡∂î‡∂∫‡∑è ‡∂ú‡∑ô‡∂Ø‡∂ª ‡∂â‡∂±‡∑ä‡∂±,0
173,lellahutanpage,"‡∂ª‡∂ß‡∑ö ‡∂∏‡∑í‡∂±‡∑í‡∑É‡∑ä‡∑É‡∑î (‡∑Ü‡∑ö‡∑É‡∑ä‡∂∂‡∑î‡∂ö‡∑ä ‡∂ë‡∂ö‡∑ô‡∂±‡∑ä ‡∂Ø‡∂ö‡∑í‡∂± ‡∑Ä‡∑í‡∂Ø‡∑í‡∂∫‡∂ß) ‡∂∏‡∑ö ‡∂≠‡∂ª‡∂∏‡∑ä ‡∂Ü‡∂´‡∑ä‡∂©‡∑î ‡∑Ä‡∑í‡∂ª‡∑ù‡∂∞‡∑í ‡∑Ä‡∑ô‡∂Ω‡∑è, ‡∑É‡∂∏‡∑è‡∂¢ ‡∂¢‡∑è‡∂Ω‡∑è ‡∂î‡∑É‡∑ä‡∑É‡∑ö ‡∑É‡∂Ç‡∑Ä‡∑í‡∂∞‡∑è‡∂±‡∂∫ ‡∑Ä‡∑ô‡∂Ω‡∑è ‡∂Ü‡∂´‡∑ä‡∂©‡∑î‡∑Ä‡∂ß ‡∑Ä‡∑í‡∂ª‡∑î‡∂Ø‡∑ä‡∂∞‡∑Ä ‡∂¥‡∑è‡∂ª‡∂ß ‡∂∂‡∑Ñ‡∑í‡∂±‡∑ä‡∂± ‡∑É‡∑î‡∂Ø‡∑è‡∂±‡∂∏‡∑ä.

‡∂ë‡∂±‡∂∏‡∑î‡∂≠‡∑ä ‡∑Ä‡∑í‡∂¥‡∂ö‡∑ä‡∑Ç‡∂∫ ‡∂∏‡∑ö ‡∂¢‡∂±‡∂≠‡∑è‡∑Ä ‡∂∑‡∑è‡∑Ä‡∑í‡∂≠‡∑è ‡∂ö‡∂ª‡∂∏‡∑í‡∂±‡∑ä ‡∂â‡∂≠‡∑è ‡∂¥‡∑Ñ‡∑É‡∑î ‡∂Ü‡∂´‡∑ä‡∂©‡∑î ‡∂∏‡∑è‡∂ª‡∑î ‡∑É‡∂ß‡∂±‡∂ö‡∂ß ‡∂±‡∑ú‡∂∫‡∂±‡∑ä‡∂±‡∑ö ‡∂á‡∂∫‡∑í ?

‡∂∏‡∑ô‡∂≠‡∂ª‡∂∏‡∑ä ‡∂≠‡∑ê‡∂ß‡∑í‡∂∫ ‡∂ª‡∂≠‡∑ä‡∑Ä‡∑ñ ‡∂Ö‡∑Ä‡∑É‡∑ä‡∂≠‡∑è‡∑Ä‡∂ö‡∑ä ‡∂â‡∂≠‡∑í‡∑Ñ‡∑è‡∑É‡∂∫‡∑ö ‡∂ö‡∑ô‡∂≥‡∑í‡∂±‡∂ö‡∑Ä‡∂≠‡∑ä ‡∂≠‡∑í‡∂∂‡∑ì ‡∂±‡∑ê‡∂≠. ‡∂ª‡∑ú‡∂ß‡∑í‡∂∫ ‡∂¥‡∑î‡∂†‡∑ä‡∂†‡∑è ‡∂ú‡∑ê‡∂±‡∑ì‡∂∏ ‡∂Ö‡∂≠‡∑í‡∑Å‡∂∫ ‡∂¥‡∑Ñ‡∑É‡∑î‡∂∫.

‡∑Ä‡∑í‡∂¥‡∂ö‡∑ä‡∑Ç‡∂∫‡∑ö ‡∂∏‡∑ö ‡∂±‡∑í‡∑Ñ‡∑ê‡∂©‡∑í‡∂∫‡∑è‡∑Ä ‡∂Ö‡∂ª‡∑ä‡∂∂‡∑î‡∂∞‡∂∫‡∑ö ‡∑É‡∑ê‡∂∂‡∑ë ‡∂Ø‡∑í‡∂ü ‡∂¥‡∑Ö‡∂Ω ‡∂î‡∑Ä‡∑î‡∂±‡∑ä ‡∂Ø‡∂±‡∑ä‡∂±‡∑è ‡∂±‡∑í‡∑É‡∑è, ‡∂∏‡∑ö ‡∂Ö‡∑É‡∑ì‡∂ª‡∑ñ ‡∂Ö‡∑Ä‡∑É‡∑ä‡∂≠‡∑è‡∑Ä‡∑ö ‡∂ª‡∂¢‡∂∫‡∂ö‡∑ä ‡∂Ω‡∂∂‡∑è ‡∂ú‡∑ô‡∂± ‡∂î‡∑Ä‡∑î‡∂±‡∑ä ‡∑É‡∂≠‡∑î‡∑Ä‡∂≠‡∑ä ‡∂Ö‡∂ª‡∑ä‡∂∂‡∑î‡∂∞‡∂∫‡∂ß ‡∑Ä‡∑í‡∑É‡∂≥‡∑î‡∂∏‡∂ö‡∑ä ‡∂±‡∑ú‡∂∏‡∑ê‡∂≠‡∑í ‡∂±‡∑í‡∑É‡∑è ‡∂ö‡∑ä‡∑Ç‡∂±‡∑í‡∂ö ‡∂¢‡∂± ‡∂Ö‡∂¥‡∑ä‚Äç‡∂ª‡∑É‡∑è‡∂Ø‡∂∫‡∂ö‡∂ß ‡∂Ω‡∂ö‡∑ä ‡∑Ä‡∑ì‡∂∏‡∑ö ‡∂∂‡∑í‡∂∫‡∑ô‡∂±‡∑ä‡∂Ø‡∑ê‡∂∫‡∑í ‡∑É‡∑ê‡∂ö ‡∂¥‡∑Ñ‡∂Ω ‡∑Ä‡∑ö.

‡∂ö‡∑ô‡∑É‡∑ö...",0
174,lellahutanpage,Lella Hutan,0
175,lellahutanpage,"‡∂†‡∑ô‡∂ö‡∑ä ‡∂ë‡∂¥‡∑è...‡∂ö‡∑ë‡∑Ç‡∑ä‡∑Ä‡∂Ω‡∑í‡∂±‡∑ä
‡∂ú‡∑ö‡∂±‡∑ä‡∂± ‡∂ö‡∑í‡∂∫‡∂¥‡∑î‡∑Ä ‡∂á‡∂≠‡∑í‡∂±‡∑ô ü§£",0
176,lellahutanpage,‡∂Ö‡∂∞‡∑í‡∑Ä‡∑ö‡∂ú‡∑ì ‡∂∏‡∑è‡∂ª‡∑ä‡∂ú ‡∂ú‡∑ê‡∂± ‡∂∂‡∑ú‡∂ª‡∑î ‡∂ö‡∑ì‡∑Ä‡∑è‡∂ß ‡∑Ä‡∑É‡∂±‡∑ä‡∂≠‡∂∫‡∂ú‡∑ô‡∂±‡∑ä ‡∂¢‡∑ú‡∂±‡∑ä‡∑É‡∑ä‡∂ß‡∂±‡∑ä ‡∂∂‡∑í‡∂Ω‡∑í‡∂∫‡∂±‡∂∫‡∂ö‡∑ä ‡∑Ä‡∂±‡∑ä‡∂Ø‡∑í ‡∂â‡∂Ω‡∑ä‡∂Ω‡∂∫‡∑í.,0
177,lellahutanpage,Lella Hutan,0
178,lellahutanpage,‡∂Ω‡∑ú‡∂ö‡∑î ‡∂¥‡∑í‡∂±‡∂ö‡∑ä...‡∂í ‡∑Ä‡∑ö‡∂Ø‡∂±‡∑è‡∑Ä‡∑ô ‡∂Ø‡∂±‡∑ä‡∂±‡∑ô ‡∂±‡∑ê‡∂≠‡∑í ‡∂ã‡∂± ‡∂ö‡∑ô‡∂±‡∑è.,0
179,lellahutanpage,Lella Hutan,0
180,lellahutanpage,Lella Hutan,0
181,lellahutanpage,Lella Hutan,0
182,lellahutanpage,Lella Hutan,0
183,lellahutanpage,Lella Hutan,0
184,lellahutanpage,Lella Hutan,0
185,lellahutanpage,üòê,0
186,lellahutanpage,Lella Hutan,0
187,lellahutanpage,Lella Hutan,0
188,lellahutanpage,"‡∂ª‡∑î‡∑É‡∑í‡∂∫‡∑è‡∑Ä‡∑ô‡∑ä ‡∂∫‡∑î‡∂ö‡∑ä‡∂ª‡∑ö‡∂± ‡∂Ü‡∂ö‡∑ä‚Äç‡∂ª‡∂∏‡∂´‡∂∫ ‡∂±‡∑í‡∑É‡∑è ‡∂á‡∂∏‡∂ª‡∑í‡∂ö‡∑è‡∂±‡∑î ‡∑É‡∂∏‡∑ä‡∂∂‡∑è‡∂∞‡∂ö ‡∑Ä‡∂Ω ‡∂¥‡∑ä‚Äç‡∂ª‡∂≠‡∑í‡∂µ‡∂Ω‡∂∫‡∂ö‡∑ä ‡∂Ω‡∑ô‡∑É ‡∑É‡∂∏‡∑É‡∑ä‡∂≠ ‡∂ª‡∂ß‡∑ö‡∂∏ ‡∂∏‡∑ê‡∂ö‡∑ä‡∂©‡∑ú‡∂±‡∂Ω‡∑ä‡∂©‡∑ä ‡∂¢‡∑è‡∂Ω‡∂∫ ‡∑Ä‡∑É‡∑è ‡∂Ø‡∑ê‡∂∏‡∑í‡∂∏‡∂ß ‡∂ë‡∂∏ ‡∑É‡∂∏‡∑è‡∂ú‡∂∏ ‡∂ö‡∑ä‚Äç‡∂ª‡∑í‡∂∫‡∑è ‡∂ö‡∂ª‡∑è.

‡∑Ñ‡∑ê‡∂∂‡∑ê‡∂∫‡∑í ‡∂ª‡∑î‡∑É‡∑í‡∂∫‡∑è‡∑Ä ‡∑É‡∂∏‡∑ä‡∂∂‡∑è‡∂∞‡∂ö ‡∂±‡∑í‡∑É‡∑è ‡∑Ä‡∑ê‡∂ß‡∑î‡∂±‡∑ö ‡∂±‡∑ë.‡∂ë‡∂∫‡∑è‡∂Ω‡∑è ‡∂ö‡∂ª‡∑ö ‡∂∏‡∑ê‡∂ö‡∑ä‡∂©‡∑ú‡∂±‡∂Ω‡∑ä‡∂©‡∑ä ‡∂Ω‡∑è‡∂Ç‡∂¢‡∂±‡∂∫ ‡∂Ö‡∂Ç‡∑Å‡∂ö 90' ‡∂ö‡∑í‡∂±‡∑ä ‡∑Ñ‡∂ª‡∑Ä‡∂Ω‡∑è ‡∂Ö‡∂Ç‡∂ö‡∂Ω‡∑ä ‡∑Ä‡∑è‡∂±‡∑ä‡∂∫‡∑è ‡∂ö‡∑í‡∂∫‡∂Ω ‡∑Ä‡∑ô‡∑Ö‡∂Ø ‡∂±‡∑è‡∂∏‡∂∫ ‡∂∫‡∂ß‡∂≠‡∑ö ‡∂ë‡∂∏ ‡∂∏‡∑ê‡∂ö‡∑ä‡∂©‡∑ú‡∂±‡∂Ω‡∑ä‡∂©‡∑ä ‡∑Ç‡∑ú‡∂¥‡∑ä ‡∑Ä‡∂Ω ‡∂ª‡∑î‡∑É‡∑í‡∂∫‡∑è‡∂±‡∑î ‡∂∂‡∂ª‡∑ä‡∂ú‡∂ª‡∑ä ‡∂Ü‡∂Ø‡∑í‡∂∫...",0
189,lellahutanpage,‡∑Ä‡∑í‡∂¥‡∂ö‡∑ä‡∑Ç‡∑ô ‡∑Ñ‡∑í‡∂ß‡∑í‡∂∫‡∑è ‡∂ö‡∑í‡∂∫‡∂Ω‡∑è ‡∂ª‡∂ß‡∂ß ‡∂ö‡∑ô‡∂Ω‡∑Ä‡∂±‡∑ä‡∂± ‡∂ë‡∂¥‡∑è,0
190,lellahutanpage,‡∂ª‡∂ß ‡∂ú‡∑ú‡∂© ‡∂ë‡∂±‡∑ä‡∂±‡∂∫‡∑í ‡∂ï‡∂±‡∑ô üòç‚úå,0
191,lellahutanpage,üòÅüòÅ,0
192,lellahutanpage,Lella Hutan,0
193,lellahutanpage,üòê,0
194,lellahutanpage,"‡∑Ñ‡∑ú‡∂≥ ‡∑Ä‡∑ê‡∂©‡∂ö‡∑ä‚ù§Ô∏è

Good work ‚ù§Ô∏è",0
195,lellahutanpage,Lella Hutan,0
196,lellahutanpage,Lella Hutan,0
197,lellahutanpage,Lella Hutan,0
198,lellahutanpage,‡∂∂‡∑î‡∂Ø‡∑î ‡∂Ö‡∂∏‡∑ä‡∂∏‡∑ù ‡∂í ‡∑Ä‡∑í‡∑É‡∑ä‡∑Ä‡∑è‡∑É‡∑ô üòÇ ‡∂Ö‡∂±‡∑î‡∂ª‡∂ß‡∂≠‡∑ä ‡∑Ñ‡∑í‡∂±‡∑è ‡∂á‡∂≠‡∑í ‡∂∏‡∑ô‡∑Ä‡∑ä‡∑Ä‡∂ß ‡∂±‡∂∏‡∑ä üòÇ‚úå,0
199,lellahutanpage,Lella Hutan,0
200,lellahutanpage,Lella Hutan,0
201,lellahutanpage,"‡∂Ω‡∂Ç‡∂ö‡∑è‡∑Ä‡∂ß ‡∑Ñ‡∑ê‡∂≠‡∑ä‡∂≠‡∑ë ‡∑Ñ‡∂≠‡∂ª ‡∑Ä‡∑É‡∂ª‡∂ö‡∑ä ‡∂ö‡∑ô‡∂Ω‡∑Ä‡∑ô‡∂±‡∑ä‡∂± ‡∑Ñ‡∑ö‡∂≠‡∑î‡∑Ä ‡∑Ñ‡∑ú‡∂∫‡∑è‡∂ú‡∂±‡∑ä‡∂± ‡∂∏‡∑Ñ‡∑è ‡∂Ω‡∑ú‡∂ö‡∑î ‡∂Ω‡∑ú‡∂ö‡∑î ‡∂Ø‡∑ö‡∑Ä‡∂Ω‡∑ä ‡∂ï‡∂± ‡∂±‡∑ë

‡∂î‡∂∂ ‡∂Ω‡∂Ç‡∂ö‡∑è‡∑Ä‡∑ö ‡∂¢‡∂±‡∑è‡∂Ø‡∑í‡∂¥‡∂≠‡∑í ‡∂ã‡∂±‡∑ú‡∂≠‡∑ä ‡∂∏‡∑ú‡∂ö‡∂Ø ‡∂ö‡∂ª‡∂±‡∑ä‡∂±‡∑ö? ‡∂∏‡∑ö ‡∂ª‡∂ß ‡∑Ñ‡∂Ø‡∂±‡∑ä‡∂± ‡∂∏‡∑ú‡∂ö‡∂ö‡∑ä‡∂Ø ‡∂ö‡∂ª‡∂±‡∑ä‡∂± ‡∂ï‡∂±? ‡∑Ä‡∂ú‡∑ö ‡∂¥‡∑ù‡∑É‡∑ä‡∂ß‡∑ä ‡∂ë‡∂ö‡∂ö‡∑ä ‡∂ú‡∑≤‡∂¥‡∑ä ‡∂ë‡∂ö‡∂ö ‡∂Ø‡∑è‡∂±‡∑ä‡∂±.. ‡∑Ü‡∑ö‡∑É‡∑ä‡∂∂‡∑î‡∂ö‡∑ä ‡∂∂‡∑ê‡∂ª‡∑í‡∂±‡∂∏‡∑ä ‡∂ö‡∑É‡∑í‡∂¥‡∑ä‡∂¥‡∑î ‡∂¥‡∑ú‡∂ß‡∑ä ‡∂ë‡∂ö‡∂ö‡∂Ø‡∑í ‡∂á‡∑Ñ‡∑î‡∑Ä‡∂≠‡∑ä ‡∂Ö‡∑Ä‡∑ä‡∂Ω‡∂ö‡∑ä ‡∂±‡∑ë

‡∂Ü‡∂†‡∑ä‡∂†‡∑í‡∂ú‡∑ô‡∂±‡∑ä ‡∑Ñ‡∂∏‡∑ä‡∂∂ ‡∂ã‡∂± ‡∂¥‡∂ª‡∑ä‡∂†‡∑É‡∑ä 10‡∂≠‡∑ä ‡∂Ö‡∂©‡∑î‡∑Ä‡∂ß ‡∑Ä‡∑í‡∂ö‡∑ä‡∂ö ‡∂ã‡∂±‡∑ä
‡∂ë‡∂ö‡∑ú‡∂Ω‡∑ú‡∑É‡∑ä ‡∂Ö‡∑Ä‡∑ä‡∂ª‡∑î‡∂Ø‡∑ä‡∂Ø‡∂ö‡∑ä ‡∂±‡∑í‡∂ö‡∂±‡∑ä...",0
202,lellahutanpage,Lella Hutan,0
203,lellahutanpage,"‡∂á‡∂≠‡∑ä‡∂≠‡∂ß‡∂∏ ‡∂Ö‡∂±‡∑î‡∂ª‡∂ß ‡∂¢‡∂±‡∑è‡∂∞‡∑í‡∂¥‡∂≠‡∑í ‡∑Ä‡∑ô‡∂±‡∑ä‡∂± ‡∂∂‡∑ë

‡∂∏‡∑ö ‡∂Ø‡∑Ä‡∑É‡∑ä ‡∑Ä‡∂Ω ‡∂ú‡∑ù‡∂®‡∑è‡∂∑‡∂∫ ‡∂ß ‡∂†‡∂±‡∑ä‡∂Ø‡∑ô ‡∂Ø‡∑î‡∂±‡∑ä‡∂±‡∑î ‡∑É‡∑î‡∂Ω‡∑î ‡∂¥‡∑í‡∂ª‡∑í‡∑É‡∂ö‡∑î‡∂∫‡∑í,‡∂á‡∂≠‡∑ä‡∂≠‡∂ß
‡∂∏ jvp ‡∑É‡∑ô‡∂ß‡∑ä ‡∂ë‡∂ö‡∂∫‡∑í ‡∂Ö‡∂±‡∑è‡∂≠ ‡∑Ä‡∑î‡∂±‡∑î unp ‡∑É‡∑ô‡∂ß‡∑ä ‡∂ë‡∂ö‡∂∫‡∑í ‡∂≠‡∂∏‡∑è ‡∂Ö‡∂±‡∑î‡∂ª‡∑Ä ‡∂Ø‡∑í‡∂±‡∑Ä‡∂±‡∑ä‡∂± ‡∑Ü‡∑ö‡∑É‡∑ä‡∂∂‡∑î‡∂ö‡∑ä ‡∂ë‡∂ö‡∑ö ‡∂ª‡∑ê‡∂Ω‡∑í ‡∑Ñ‡∂Ø‡∂±‡∑ä‡∂±‡∑ô

‡∂†‡∂±‡∑ä‡∂Ø‡∑ô ‡∂ë‡∂±‡∂ö‡∂Ω‡∑ä ‡∂â‡∂Ø‡∂Ω‡∑è ‡∂ö‡∑ú‡∑Ñ‡∑ú‡∂∏‡∂≠‡∑ä ‡∂î‡∂∫ unp ‡∑É‡∑ô‡∂ß‡∑ä ‡∂ë‡∂ö ‡∂†‡∂±‡∑ä‡∂Ø‡∑ô ‡∂Ø‡∑î‡∂±‡∑ä‡∂±‡∑ô ‡∂ª‡∂±‡∑í‡∂Ω‡∑ä‡∂ß

‡∂ú‡∑ù‡∂®‡∑è‡∂∑‡∂∫ ‡∂ú‡∑ê‡∂± ‡∂ö‡∂Ω‡∂ö‡∑í‡∂ª‡∑î‡∂±‡∑î ‡∂¥‡∑í‡∂ª‡∑í‡∑É‡∂ö‡∑ä ‡∂±‡∂∏‡∑ä ‡∂Ö‡∂±‡∑î‡∂ª‡∂ß ‡∂Ø‡∑ô‡∂∫‡∑í

‡∑É‡∂¢‡∑í‡∂≠‡∑ä ‡∂î‡∂†‡∑ä‡∂†‡∂ª ‡∂†‡∑è‡∂ß‡∂ª‡∑ä ‡∂ã‡∂±‡∑î 2019...",0
204,lellahutanpage,"‡∂Ω‡∂Ç‡∂ö‡∑è‡∑Ä‡∑ö ‡∂∏‡∑í‡∂±‡∑í‡∑É‡∑ä‡∑É‡∑î‡∂±‡∑ä‡∂ú‡∑ö ‡∂¢‡∂±‡∂¥‡∑ä‚Äç‡∂ª‡∑í‡∂∫ ‡∂ö‡∂≠‡∑è‡∑Ä ‡∂≠‡∂∏‡∂∫‡∑í ‡∂Ω‡∂Ç‡∂ö‡∑è‡∑Ä‡∑ö ‡∂±‡∑ê‡∂≠‡∑í ‡∂Ø‡∑ô‡∂∫‡∂ö‡∑ä ‡∂±‡∑ë, ‡∂Ω‡∂Ç‡∂ö‡∑è‡∑Ä ‡∑Ñ‡∂Ø‡∂± ‡∂ë‡∂ö ‡∑Ñ‡∂ª‡∑í ‡∂Ω‡∑ö‡∑É‡∑í ‡∂Ø‡∑ô‡∂∫‡∂ö‡∑ä ‡∂ö‡∑í‡∂∫‡∂Ω‡∑è.

‡∑Ñ‡∑ê‡∂∂‡∑ê‡∂∫‡∑í ‡∂á‡∂≠‡∑ä‡∂≠ ‡∂ö‡∂≠‡∑è‡∑Ä ‡∂Ω‡∂Ç‡∂ö‡∑è‡∑Ä‡∑ö ‡∂±‡∑ñ‡∂≠‡∂± ‡∂∏‡∑è‡∂ö‡∂ß‡∑ä ‡∂ë‡∂ö‡∂ß ‡∂Ö‡∑Ä‡∑Å‡∑ä‚Äç‡∂∫ ‡∂á‡∂≠‡∑í ‡∂Ø‡∑ô‡∂∫‡∂ö‡∑ä ‡∂±‡∑ë.

‡∂Ω‡∂Ç‡∂ö‡∑è‡∑Ä‡∑ö ‡∂õ‡∂±‡∑í‡∂¢ ‡∂≠‡∑ô‡∂Ω‡∑ä ‡∂±‡∑í‡∂∞‡∑í ‡∂±‡∑ë, ‡∂ú‡∂Ω‡∑ä ‡∂Ö‡∂ú‡∑î‡∂ª‡∑î ‡∂±‡∑ë. ‡∂Ö‡∂¥‡∑í ‡∂≠‡∑ô‡∂Ω‡∑ä ‡∂ú‡∑ë‡∑É‡∑ä ‡∂ú‡∑ö‡∂±‡∑ä‡∂±‡∑ö ‡∂ª‡∂ß‡∑í‡∂±‡∑ä.

‡∑Ä‡∑í‡∂ö‡∑î‡∂´‡∂Ω‡∑è ‡∑É‡∂Ω‡∑ä‡∂Ω‡∑í ‡∑Ñ‡∑ú‡∂∫‡∂±‡∑ä‡∂± ‡∂ª‡∂≠‡∑ä‡∂≠‡∂ª‡∂Ç ‡∂±‡∑ë, ‡∂Ø‡∑í‡∂∫‡∂∏‡∂±‡∑ä‡∂≠‡∑í ‡∂±‡∑í‡∂∞‡∑í ‡∂±‡∑ë.

‡∂ö‡∂ª‡∑ä‡∂∏‡∑è‡∂±‡∑ä‡∂≠‡∂∫‡∂ö‡∑ä ‡∂¥‡∂ß‡∂±‡∑ä ‡∂ú‡∂±‡∑ä‡∂± ‡∂∫‡∂¥‡∑É‡∑ä ‡∂±‡∑ë, ‡∂±‡∑í‡∂ö‡∂Ω‡∑ä ‡∂±‡∑ë, ‡∂ö‡∑ú‡∂¥‡∂ª‡∑ä ‡∂±‡∑ë. ‡∂∏‡∑ú‡∂±‡∑Ä‡∑è ‡∑Ñ‡∂ª‡∑í ‡∑Ñ‡∂Ø‡∂±‡∑Ä‡∑è ‡∂±‡∂∏‡∑ä ‡∂Ö‡∂∏‡∑î‡∂Ø‡∑ä‚Äç‡∂ª‡∑Ä‡∑ä‚Äç‡∂∫ ‡∂ú‡∑ö‡∂±‡∑ä‡∂± ‡∑Ä‡∑ô‡∂±‡∑ä‡∂±‡∑ö ‡∂¥‡∑í‡∂ß‡∂ª‡∂ß‡∑í‡∂±‡∑ä.

‡∂∂‡∑ä‚Äç‡∂ª‡∑É‡∑ì‡∂Ω‡∑ö ‡∑Ä‡∂ú‡∑ö ‡∂ª‡∂ß‡∑Ä‡∂Ω ‡∂∏‡∑è‡∂Ç‡∑Å ‡∂ö‡∂ª‡∑ä‡∂∏‡∑è‡∂±‡∑ä‡∂≠‡∂∫‡∂ß ‡∑Ä‡∑í‡∑Å‡∑è‡∂Ω ‡∑É‡∂≠‡∑î‡∂±‡∑ä ‡∂â‡∂±‡∑ä‡∂±‡∑Ä‡∑è. ‡∂Ö‡∂¥‡∑í‡∂ß ‡∂í‡∂ö‡∂≠‡∑ä ‡∂±‡∑ë.
...",0
205,lellahutanpage,Lella Hutan,0
206,lellahutanpage,‡∂ë‡∂∫‡∑è‡∂Ω ‡∂î‡∂ö‡∑ä‡∂ö‡∑ú‡∂∏ ‡∂∫‡∑è‡∂Ω‡∑î‡∑Ä‡∑ù‡∂Ø üòê,0
207,lellahutanpage,Lella Hutan,0
208,lellahutanpage,Lella Hutan,0
209,lellahutanpage,‡∂Ö‡∂∏‡∑ù ‡∂Ö‡∂∏‡∑ù ‡∑É‡∂¢‡∑í‡∂ß‡∑ä ‡∑É,0
210,lellahutanpage,‡∑Ä‡∂≠‡∑î‡∂ª ‡∂ú‡∑Ñ‡∂ú‡∑ô‡∂± ‡∂Ü‡∑Ä‡∑è ‡∂Ø ‡∂Ø‡∂±‡∑ä‡∂±‡∑ê üòê,0
211,lellahutanpage,"‡∂¢‡∑ì‡∑Ä‡∑í‡∂≠‡∑ö ‡∑Ä‡∑í‡∂Ø‡∑í‡∂± ‡∂∏‡∑í‡∂±‡∑í‡∑É‡∑ä‡∑É‡∑î üòÇ

People who enjoy life üòÇ",0
212,lellahutanpage,"‡∂¢‡∂±‡∑è‡∂∞‡∑í‡∂¥‡∂≠‡∑í ‡∂ú‡∑ù‡∂®‡∑è‡∂∑‡∂∫ ‡∂ª‡∑è‡∂¢‡∂¥‡∂ö‡∑ä‡∑Ç ‡∂∏‡∑ê‡∂≠‡∑í‡∂≠‡∑î‡∂∏‡∑è ‡∑Ä‡∑í‡∑É‡∑í‡∂±‡∑ä ‡∂¢‡∑è‡∂≠‡∑í‡∂ö ‡∂Ü‡∂ª‡∑ä‡∂Æ‡∑í‡∂ö ‡∑É‡∂∑‡∑è‡∑Ä‡∂ß ‡∑É‡∑Ñ‡∑è‡∂∫‡∑Ä‡∑ì‡∂∏ ‡∑É‡∂≥‡∑Ñ‡∑è ‡∂ã‡∂¥‡∂Ø‡∑ö‡∑Å‡∂ö ‡∂ö‡∂∏‡∑í‡∂ß‡∑î‡∑Ä‡∂ö‡∑ä ‡∂¥‡∂≠‡∑ä‡∂ö‡∂ª‡∂∫‡∑í.

01. ‡∂∏‡∑Ñ‡∑è‡∂†‡∑è‡∂ª‡∑ä‡∂∫ ‡∂ë‡∂†‡∑ä.‡∂©‡∑ì ‡∂ö‡∂ª‡∑î‡∂´‡∑è‡∂ª‡∂≠‡∑ä‡∂±
02. ‡∂∏‡∑Ñ‡∑è‡∂†‡∑è‡∂ª‡∑ä‡∂∫ ‡∑Å‡∑í‡∂ª‡∂±‡∑ä‡∂≠ ‡∑Ñ‡∑ì‡∂±‡∑ä‡∂ö‡∑ô‡∂±‡∑ä‡∂Ø
03. ‡∂Ü‡∂†‡∑è‡∂ª‡∑ä‡∂∫ ‡∂Ø‡∑î‡∑Ç‡∑ä‡∂±‡∑í ‡∑Ä‡∑ì‡∂ª‡∂ö‡∑ù‡∂±‡∑ä
04. ‡∂∞‡∂∏‡∑ä‡∂∏‡∑í‡∂ö ‡∂¥‡∑ô‡∂ª‡∑ö‡∂ª‡∑è
05. ‡∂ö‡∑ä‚Äç‡∂ª‡∑í‡∑Ç‡∑è‡∂±‡∑ä ‡∂∂‡∑è‡∂Ω‡∑ö‡∂±‡∑ä‡∂Ø‡∑ä‚Äç‡∂ª
06. ‡∂Ö‡∑Ç‡∑ä‡∂ª‡∑Ü‡∑ä ‡∂ï‡∂∏‡∑è‡∂ª‡∑ä
07. ‡∂Ü‡∂†‡∑è‡∂ª‡∑ä‡∂∫ ‡∑Ñ‡∑è‡∂±‡∑ä‡∑É‡∑ä ‡∑Ä‡∑í‡∂¢‡∑ö‡∑É‡∑ñ‡∂ª‡∑í‡∂∫
08. ‡∑Ä‡∑í‡∑Å‡∑ä ‡∂ú‡∑ù‡∑Ä‡∑í‡∂±‡∑ä‡∂Ø‡∑É‡∑è‡∂∏‡∑í...",0
213,lellahutanpage,"‡∂ª‡∑ê‡∂Ω‡∑ä‡∂Ω ‡∂≠‡∑í‡∂∫‡∑ô‡∂± ‡∂¥‡∑ê‡∂≠‡∑ä‡∂≠ ‡∂∂‡∂Ω‡∂Ω‡∑è ‡∂ë ‡∂¥‡∑ê‡∂≠‡∑ä‡∂≠‡∂ß ‡∂ë‡∂ö‡∂≠‡∑î ‡∑Ä‡∑ô‡∂±‡∑ä‡∂±‡∑ë,‡∂Ö‡∂¥‡∑í ‡∂Ö‡∑Ä‡∂Ç‡∂ö ‡∂∏‡∑í‡∂±‡∑í‡∑É‡∑ä‡∑É‡∑î üòé‚úå",0
214,lellahutanpage,üòÇüôèüòé‚úå,0
215,lellahutanpage,‡∂Ö‡∂±‡∑î‡∂ª ‡∂Ü‡∑Ä‡∂∏ ‡∂î‡∑Ñ‡∑ú‡∂∏ ‡∂ö‡∂ª‡∂±‡∑ä‡∂± ‡∑Ñ‡∑í‡∂≠‡∂Ç ‡∂á‡∂≠‡∑ä‡∂≠‡∑ô üòÇ,0
216,lellahutanpage,Lella Hutan,0
217,lellahutanpage,Lella Hutan,0
218,lellahutanpage,Lella Hutan,0
219,lellahutanpage,Lella Hutan,0
220,lellahutanpage,"‡∂Ω‡∑ù‡∂ö‡∑ô ‡∂∏‡∑í‡∂Ω ‡∑Ä‡∑ê‡∂©‡∂ö‡∑ä ‡∂±‡∑ë ‡∂Ö‡∂¥‡∑í‡∂ß 117 ‡∂ß ‡∂ï‡∂±‡∑ô üòÇüòÇ

Price is useless in the world, we need it for 117 üòÇ üòÇ",0
221,lellahutanpage,‡∂ö‡∑ú‡∂∫‡∑í ‡∂ö‡∑è‡∂Ω‡∑ô ‡∂ã‡∂±‡∂≠‡∑ä ‡∂â‡∂≠‡∑í‡∂±‡∑ä ‡∑Ä‡∑í‡∂¥‡∂ö‡∑ä‡∑Ç‡∑ô ‡∂â‡∂±‡∑ä‡∂± ‡∂ã‡∂±‡∑ä‡∂ß ‡∂∏‡∂ª‡∑î üòÇ,0
222,lellahutanpage,üòÇ,0
223,lellahutanpage,"‡∂∏‡∑ö‡∂ö ‡∂á‡∂≠‡∑ä‡∂≠‡∂ö‡∑ä

This is so true",0
224,lellahutanpage,‡∂¥‡∑è‡∂Ç 100 ‡∂¥‡∂±‡∑í‡∂±‡∑ä‡∂©‡∂∫‡∑í ‡∂∫‡∂±‡∑ä‡∂±‡∑ö üòÇüôÜ,0
225,lellahutanpage,Lella Hutan,0
226,lellahutanpage,‡∂Ö‡∂∏‡∑ä‡∂∏‡∑ù üòêüòêüôÜ,0
227,lellahutanpage,Lella Hutan,0
228,lellahutanpage,"‡∑Ü‡∑ö‡∂ö‡∑ä‡∂∂‡∑î‡∂ö‡∑ä ‡∂ë‡∂ö‡∑ö ‡∂∫‡∂±‡∑ä‡∂±‡∑ô ‡∂∏‡∑ú‡∂±‡∑è‡∂Ø,‡∂î‡∑Ñ‡∑ö ‡∂ö‡∂ª‡∑ö ‡∂≠‡∑í‡∂∫‡∂Ç ‡∂Ø‡∑î‡∑Ä‡∂±‡∑Ä‡∑è,‡∂Ö‡∂©‡∑î‡∂∏ ‡∂ú‡∑è‡∂±‡∑ô ‡∑Ñ‡∑ú‡∂∫‡∂Ω‡∑è ‡∂∂‡∂Ω‡∂±‡∑ä‡∂± ‡∂≠‡∑ö‡∂ª‡∑ô‡∂±‡∑ä‡∂±‡∑ê üòÇ

What's going on Facebook, running on your shoulders, search at least you won't understand üòÇ",0
229,lellahutanpage,"‡∑Å‡∑ä‚Äç‡∂ª‡∑ì ‡∂¥‡∑è‡∂Ø‡∂∫,‡∂á‡∂≠‡∑ä‡∂≠‡∂ß‡∂∏ ‡∂∏‡∑ú‡∂ö‡∂ß‡∂Ø ‡∑Å‡∑ä‚Äç‡∂ª‡∂Ø‡∑ä‡∂∞‡∑è‡∑Ä üòì

‡∂¥‡∑è‡∂Ω‡∂∫‡∂±‡∑ä‡∂ß ‡∑Ñ‡∑ê‡∂∏‡∂Ø‡∑è‡∂∏ ‡∂∂‡∂±‡∑í‡∂±,‡∂∏‡∑í‡∂±‡∑í‡∑É‡∑ä‡∑É‡∑î ‡∂ö‡∑ú‡∂ú‡∑ô ‡∑Ñ‡∂ª‡∑í ‡∂ú‡∑í‡∂∫‡∑è‡∂∏,‡∂∏‡∑ö ‡∂ª‡∂ß‡∑ö ‡∂¥‡∑è‡∂Ω‡∂ö‡∂∫‡∑ù ‡∂±‡∑ô‡∑Ä‡∑ö ‡∂Ö‡∑Ä‡∑ä‡∂Ω‡∑ä,‡∂∏‡∑ö ‡∂ª‡∂ß‡∑ö ‡∂∫‡∂ß‡∂∏ ‡∑É‡∑ä‡∂Æ‡∂ª‡∂∫‡∑ô ‡∂∏‡∑í‡∂±‡∑í‡∑É‡∑ä‡∑É‡∑î ‡∂∫‡∑í ‡∂Ö‡∑Ä‡∑ä‡∂Ω‡∑ä,‡∂∫‡∂ß ‡∂Ö‡∑Ä‡∑ä‡∂Ω‡∑ä ‡∂ã‡∂±‡∑è‡∂∏ ‡∂ã‡∂© ‡∂ö‡∑ú‡∑Ñ‡∑ú‡∂∏‡∂≠‡∑ä ‡∂Ö‡∑Ä‡∑ä‡∂Ω‡∑ä

‡∑Ü‡∑Ä‡∑î‡∂±‡∑ä‡∂©‡∑ö‡∑Å‡∂±‡∑ä ‡∂ë‡∂ö ‡∂Ö‡∑Ä‡∑ä‡∂Ω‡∑ä ‡∂±‡∂∏‡∑ä,‡∂ã‡∂© ‡∂≠‡∂ß‡∑ä‡∂ß‡∑î ‡∂ú‡∑ê‡∂± ‡∂∏‡∑ú‡∂± ‡∂ö‡∂≠‡∑è‡∂Ø

‡∂Ö‡∑Ä‡∑ä‡∂Ω‡∂ö‡∑ä ‡∂±‡∑ë ‡∂ö‡∑è‡∂ß‡∑Ñ‡∂ª‡∑í ‡∂∂‡∑ê‡∂±‡∂Ω‡∑è ‡∑Ñ‡∑í‡∂≠ ‡∂ª‡∑Ä‡∂ß‡∑ä‡∂ß ‡∂ú‡∂∏‡∑î üòé",0
230,lellahutanpage,"‡∑É‡∑í‡∂Ø‡∑ä‡∂∞‡∑è‡∂ª‡∑ä‡∂Æ ‡∂ö‡∑î‡∂∏‡∑è‡∂ª‡∂∫‡∑è
‡∂ö‡∂±‡∑ä‡∂Æ‡∂ö ‡∂Ö‡∑É‡∑î‡∂ú‡∑ö ‡∂¥‡∑í‡∂ß‡∑í‡∂±‡∑ä ‡∂∂‡∑ê‡∑É‡∂ú‡∂≠‡∑ä‡∂Ø‡∑è ‡∑É‡∑í‡∂ß
‡∂∂‡∑î‡∂Ø‡∑î ‡∑Ä‡∑ì ‡∂ú‡∑Ä‡∑ä ‡∂ú‡∂´‡∂±‡∑ä ‡∂¥‡∑è‡∂ú‡∂∏‡∂±‡∑í‡∂±‡∑ä‡∂∏ ‡∑Ä‡∑ê‡∂©‡∂∏ ‡∂ö‡∑Ö‡∂Ø ,
‡∂ö‡∑í‡∑É‡∑í‡∂Ø‡∑è ‡∂±‡∑ê‡∑Ä‡∂≠ ‡∑É‡∂≠‡∑ô‡∂ö‡∑î‡∂ú‡∑ö ‡∂¥‡∑í‡∂ß ‡∑Ä‡∑ê‡∂©‡∂∏ ‡∂ö‡∑Ö ‡∂∂‡∑Ä‡∂ö‡∑ä ‡∂∏‡∑è ‡∂Ö‡∑É‡∑è ‡∂±‡∑ê‡∂≠.",0
231,lellahutanpage,üòì,0
232,lellahutanpage,Lella Hutan,0
233,lellahutanpage,‡∂Ö‡∂¥‡∑í ‡∂Ö‡∑Ñ‡∂±‡∑ä‡∂± ‡∂ï‡∂± ‡∂í‡∑Ä‡∑è ‡∂Ö‡∂¥‡∑ô‡∂±‡∑ä ‡∂Ö‡∑Ñ‡∂±‡∑ä‡∂± ‡∂ë‡∂¥‡∑è ‡∑Ä‡∑í‡∂∏‡∂Ω‡∑ù üòÇüôÜ,0
234,lellahutanpage,‡∂á‡∂≠‡∑í ‡∂à üòÇüôè,0
235,lellahutanpage,"‡∑Ñ‡∑ê‡∂≠‡∑ä‡∂≠ ‡∂≠‡∑î‡∂±‡∑ö ‡∑Ä‡∑í‡∂±‡∑è‡∑É‡∑ö,‡∂±‡∑ú‡∂Ø‡∑í‡∂∫‡∑î‡∂´‡∑î
‡∂ª‡∂ß,‡∂´‡∂∫ ‡∂¥‡∑í‡∂ª‡∑î‡∂´‡∑î ‡∂ª‡∂ß,‡∂ö‡∂ª‡∂±‡∑ä‡∂ß‡∑ä,‡∂ú‡∑ë‡∑É‡∑ä,
‡∂©‡∑ú‡∂Ω‡∂ª‡∑ä ‡∂Ö‡∂ª‡∂ö ‡∂∏‡∑ö‡∂ö ‡∂±‡∑ê‡∂≠‡∑í ‡∂ª‡∂ß,‡∂ö‡∑í‡∂∫ ‡∂ö‡∑í‡∂∫ ‡∂ö‡∑Ä‡∑î‡∂ª‡∑î ‡∂ö‡∑ë ‡∂ú‡∑ê‡∑Ñ‡∑î‡∑Ä‡∂≠‡∑ä,‡∂¥‡∂ö‡∑ä‡∑Ç ‡∑Ä‡∂Ω‡∂ß ‡∂∂‡∑ô‡∂Ø‡∑í‡∂Ω‡∑è ‡∂Ö‡∂±‡∑í‡∂≠‡∑ä ‡∂¥‡∑ê‡∂≠‡∑ä‡∂≠‡∑ô ‡∂ã‡∂±‡∑ä‡∂ß ‡∂±‡∑ñ‡∂ú‡∂≠‡∑ä‡∂≠‡∑î ‡∂ö‡∑í‡∂∫‡∂Ω‡∑è ‡∂∂‡∑ê‡∂±‡∑ä‡∂±‡∂≠‡∑ä ......

‡∑É‡∑è‡∂∏‡∑è‡∂±‡∑ä‚Äç‡∂∫ ‡∂¥‡∑ô‡∑Ö ‡∂±‡∑ê‡∂≠‡∑í ‡∂ã‡∂±‡∑ä‡∑Ä ‡∂¥‡∑è‡∂ª‡∑ä‡∂Ω‡∑í‡∂∏‡∑ö‡∂±‡∑ä‡∂≠‡∑î ‡∂∫‡∑ê‡∑Ä‡∑ä‡∑Ä‡∑ô ‡∂ö‡∑Ä‡∑î‡∂Ø

‡∂ã‡∑É‡∑É‡∑ä ‡∂¥‡∑ô‡∑Ö ‡∂±‡∑ê‡∂≠‡∑í ‡∂ã‡∂±‡∑ä‡∑Ä ‡∂¥‡∑è‡∂ª‡∑ä‡∂Ω‡∑í‡∂∏‡∑ö‡∂±‡∑ä‡∂≠‡∑î ‡∂∫‡∑ê‡∑Ä‡∑ä‡∑Ä‡∑ô ‡∂ö‡∑Ä‡∑î‡∂Ø

‡∂∂‡∑ú‡∂ª‡∂Ω‡∑î ‡∂ö‡∂¥‡∂±,‡∂ö##‡∂¥‡∑î ‡∂¥‡∑ô‡∂ª‡∂± ‡∂ã‡∂±‡∑ä‡∑Ä ‡∂¥‡∑è‡∂ª‡∑ä‡∂Ω‡∑í‡∂∏‡∑ö‡∂±‡∑ä‡∂≠‡∑î...",0
236,lellahutanpage,"‡∂∏‡∑Ñ ‡∂∂‡∑ê‡∂Ç‡∂ö‡∑î‡∑Ä ‡∑Ñ‡∑ú‡∂ª‡∑è ‡∂ö‡∑ë‡∑Ä‡∑ô ‡∂∏‡∑í‡∂±‡∑í‡∑É‡∑ä‡∑É‡∑î ‡∂Ø
‡∑É‡∂Ç‡∑É‡∑ä‡∂ö‡∑ò‡∂≠‡∑í‡∂ö ‡∂Ö‡∂ª‡∂∏‡∑î‡∂Ø‡∂Ω ‡∑Ñ‡∑ú‡∂ª‡∑è ‡∂ö‡∑ë‡∑Ä‡∑ô ‡∂∏‡∑í‡∂±‡∑í‡∑É‡∑ä‡∑É‡∑î ‡∂Ø
‡∑É‡∑ì‡∂±‡∑í ‡∑Ä‡∂Ç‡∂†‡∑è‡∑Ä ‡∂ö‡∂ª‡∑ô ‡∂∏‡∑í‡∂±‡∑í‡∑É‡∑ä‡∑É‡∑î ‡∂Ø
‡∂©‡∑ú‡∂Ω‡∂ª‡∑ä ‡∑É‡∂Ç‡∂†‡∑í‡∂≠ ‡∂ß‡∑í‡∂ö‡∂ß ‡∂ö‡∑ô‡∂Ω‡∑Ä ‡∂ú‡∂≠‡∑ä‡∂≠‡∑ô ‡∂∏‡∑í‡∂±‡∑í‡∑É‡∑ä‡∑É‡∑î ‡∂Ø
‡∂∏‡∑í‡∂±‡∑í‡∑É‡∑ä‡∑É‡∑î ‡∂≠‡∑ô‡∂Ω‡∑ä ‡∂±‡∑í‡∂ö‡∂Ç ‡∂ú‡∑Ñ ‡∂ú‡∂≠‡∑ä‡∂≠‡∂Ø
‡∂∏‡∑í‡∂±‡∑í‡∑É‡∑ä‡∑É‡∑î ‡∂Ω‡∑ù‡∂ö‡∑ô‡∂ß‡∂∏ ‡∂´‡∂∫ ‡∂ã‡∂±‡∑è‡∂Ø
‡∂∏‡∑í‡∂±‡∑í‡∑É‡∑ä‡∑É‡∑î ‡∂ö‡∂ª‡∂±‡∑ä‡∂ß‡∑ä ‡∂ë‡∂ö ‡∂±‡∑í‡∂ö‡∂Ç ‡∂ú‡∂≠‡∑ä‡∂≠‡∂Ø
‡∂∏‡∑í‡∂±‡∑í‡∑É‡∑ä‡∑É‡∑î ‡∂ª‡∑è‡∂¢‡∑ä‚Äç‡∂∫ ‡∂Ü‡∂∫‡∂≠‡∂± ‡∑Ä‡∂Ω‡∂ß ‡∑Ñ‡∑ô‡∂Ç‡∂†‡∂∫‡∑í‡∂∫‡∑ú ‡∂¥‡∑í‡∂ª‡∑ô‡∑Ä‡∑ä‡∑Ä‡∂Ø
‡∂ª‡∂≠‡∑ä‡∂≠‡∂ª‡∂Ç ‡∑É‡∂Ç‡∂†‡∑í‡∂≠ ‡∑Ñ‡∑í‡∑É‡∑ä ‡∂ö‡∂ª‡∑ô ‡∂∏‡∑í‡∂±‡∑í‡∑É‡∑ä‡∑É‡∑î ‡∂Ø
‡∂Ω‡∑ú‡∂ö‡∑î ‡∂¥‡∑ä‚Äç‡∂ª‡∑ú‡∂¢‡∑ô‡∂ö‡∑ä‡∂ß‡∑ä ‡∑Ä‡∂Ω‡∑í‡∂±‡∑ä ‡∂ö‡∑ú‡∂∏‡∑í‡∑É‡∑ä ‡∂ú‡∑ê‡∑Ñ‡∑î‡∑Ä‡∑ô ‡∂∏‡∑í‡∂±‡∑í‡∑É‡∑ä‡∑É‡∑î ‡∂Ø
‡∂ª‡∂ß ‡∂¢‡∑í‡∂±‡∑ì‡∑Ä‡∑è ‡∑Ä‡∂Ω ‡∂¥‡∑è‡∑Ä‡∑è ‡∂Ø‡∑î‡∂±‡∑ä‡∂±‡∑ô ‡∂∏‡∑í‡∂±‡∑í‡∑É‡∑ä‡∑É‡∑î ‡∂Ø
88.89 ‡∂ª‡∂ß‡∑ö ‡∑É‡∂∏‡∑ä‡∂¥‡∂≠‡∑ä ‡∑Ä‡∑í‡∂±‡∑è‡∑É ‡∂ö‡∂ª‡∑ô ‡∂∏‡∑í‡∂±‡∑í‡∑É‡∑ä‡∑É‡∑î ‡∂Ø

‡∂î‡∂∫ ‡∂ö‡∑í‡∑É‡∑í ‡∂∏‡∂ú‡∑î‡∂Ω‡∂ö‡∑ä ‡∂∏‡∑í‡∂±‡∑í‡∑É‡∑ä‡∑É‡∑î ‡∂ö‡∂ª‡∂Ω‡∑è ‡∂±‡∑ë,‡∑Ñ‡∑ê‡∂∂‡∑ê‡∂∫‡∑í ‡∂∏‡∑ö ‡∑Ñ‡∑ê‡∂∏ ‡∂ë‡∂ö‡∑ô‡∂∏‡∑ä‡∂∏ ‡∂∏‡∑í‡∂±‡∑í‡∑É‡∑ä‡∑É‡∑î ‡∂∂‡∑ê‡∂ß ‡∂ö‡∂±‡∂ö‡∑ú‡∂ß

‡∂í ‡∂î‡∂ö‡∑ä‡∂ö‡∑ú‡∂∏ ‡∂ö‡∂ª‡∂¥‡∑î ‡∂∏‡∑ú‡∂± ‡∂¥‡∑è‡∂Ω‡∂ö‡∂∫‡∂Ø ‡∂Ø‡∑î‡∂ö‡∑ä ‡∑Ä‡∑í‡∂Ø‡∑í‡∂±‡∑ä‡∂±‡∑ô üòé",0
237,lellahutanpage,"‡∂∏‡∑í‡∂±‡∑í‡∑É‡∑ä‡∑É‡∑î ‡∂≠‡∂±‡∑í‡∂ö‡∂ª ‡∂∂‡∑ú‡∂ª‡∑î‡∑Ä ‡∂∂‡∂Ç ‡∂ö‡∂ª‡∂±‡∑ä‡∂±‡∑ô üòÇüôè

People lie alone üòÇ üôè",0
238,lellahutanpage,Lella Hutan,0
239,lellahutanpage,Lella Hutan,0
240,lellahutanpage,Lella Hutan,0
241,lellahutanpage,"‡∑Ñ‡∑ú‡∂ª‡∂ö‡∂Ç ‡∂ö‡∂ª‡∂±‡∑ä‡∂±‡∑Ä‡∂≠‡∑ä ‡∂≠‡∑ô‡∂Ω‡∑ä ‡∂±‡∑ë,‡∂∏‡∑ú‡∂±‡∑Ä ‡∂Ü‡∂ª‡∂ö‡∑ä‡∑Ç‡∑è ‡∂ö‡∂ª‡∂±‡∑ä‡∂±‡∂Ø ‡∂Ø‡∂±‡∑ä‡∂±‡∑ë cctv üòÇüôè",0
242,lellahutanpage,‡∂ë‡∂ö‡∑ô‡∂∏‡∑ä‡∂∏ ‡∂à üòé,0
243,lellahutanpage,üòÇüòÇ,0
244,lellahutanpage,‡∂∏‡∂ª‡∑î ‡∑É‡∑ô‡∂ß‡∑ä ‡∂ë‡∂ö üòÇ,0
245,lellahutanpage,‡∂∏‡∑ö ‡∂¥‡∑è‡∂ª ‡∂≠‡∂∏‡∑è ‡∂â‡∂Ω‡∑ä‡∂Ω‡∂Ç ‡∂ö‡∂±‡∑ä‡∂±‡∑ô üòÇ,0
246,lellahutanpage,üòÇüòÇüôÜ,0
247,lellahutanpage,Lella Hutan,0
248,lellahutanpage,Lella Hutan,0
249,lellahutanpage,üòÇ,0
250,lellahutanpage,üòêüòê,0
251,lellahutanpage,‡∂Ö‡∂±‡∑ö ‡∂∏‡∂Ç‡∂Ø‡∑è ‡∂∂‡∂Ç üòÇ‚úÖ,0
252,lellahutanpage,Lella Hutan,0
253,lellahutanpage,"#‡∂ö‡∂∫‡∑í‡∑Ä‡∑è‡∂ª‡∑î_‡∂Ö‡∂±‡∑î‡∂ª

‡∂Ö‡∂±‡∑î‡∂ª ‡∑Ä‡∑ê‡∂©‡∑ä‡∂©‡∑ô‡∂ö‡∑ä,‡∂Ö‡∂±‡∑î‡∂ª ‡∂≠‡∂∏‡∑è ‡∂ë‡∂ö‡∂∏ ‡∑Ä‡∑í‡∂ö‡∂Ω‡∑ä‡∂¥‡∑ô ‡∂ö‡∑í‡∂∫‡∂Ω‡∑è ‡∑Ñ‡∑í‡∂≠‡∂Ç ‡∂â‡∂±‡∑ä‡∂± ‡∂ö‡∑ô‡∂±‡∑ô‡∂ö‡∑ä ‡∂â‡∂±‡∑ä‡∂±‡∑Ä‡∑è ‡∂±‡∂∏‡∑ä ‡∂ö‡∂∏‡∂ö‡∑ä ‡∂±‡∑ë ‡∂ë‡∑Ñ‡∑ô‡∂∏ ‡∂Ø‡∑í‡∂ú‡∂ß‡∂∏ ‡∑Ñ‡∑í‡∂≠‡∂Ç ‡∂â‡∂±‡∑ä‡∂±,‡∂¥‡∑î‡∂Ω‡∑î‡∑Ä‡∂±‡∑ä ‡∂±‡∂∏‡∑ä ‡∂∏‡∑ö ‡∂¥‡∑ä‚Äç‡∂ª‡∑Å‡∑ä‡∂±‡∑ô‡∂ß ‡∂ã‡∂≠‡∑ä‡∂≠‡∂ª‡∂∫‡∂ö‡∑ä ‡∂Ø‡∑ô‡∂±‡∑ä‡∂±

1. ‡∂¥‡∑í‡∂ß‡∂ª‡∂ß‡∑í‡∂±‡∑ä ‡∂´‡∂∫ ‡∂ú‡∂±‡∑ä‡∂±‡∑Ä‡∂ß ‡∂Ö‡∂±‡∑î‡∂ª ‡∑Ä‡∑í‡∂ª‡∑î‡∂Ø‡∑ä‡∂∞‡∂∫‡∑í
2. ‡∑É‡∂Ω‡∑ä‡∂Ω‡∑í ‡∂Ö‡∂†‡∑ä‡∂†‡∑î ‡∂ú‡∑Ñ‡∂±‡∑Ä‡∂ß‡∂≠‡∑ä ‡∂Ö‡∂±‡∑î‡∂ª ‡∑Ä‡∑í‡∂ª‡∑î‡∂Ø‡∑ä‡∂∞‡∂∫‡∑í
3. ‡∂¥‡∑í‡∂ß‡∂ª‡∂ß‡∑Ä‡∂Ω‡∑ä ‡∂ë‡∂ö‡∑ä‡∂ö ‡∂ë‡∂ö‡∂≠‡∑î ‡∑Ä‡∑ô‡∂Ω‡∑è ‡∂ö‡∂ª‡∂± ‡∂Ü‡∂∫‡∑ù‡∂¢‡∂± ‡∑Ä‡∂Ω‡∂ß‡∂≠‡∑ä ‡∂Ö‡∂±‡∑î‡∂ª ‡∑Ä‡∑í‡∂ª‡∑î‡∂Ø‡∑ä‡∂∞‡∂∫‡∑í
4. ‡∂ª‡∂≠‡∑ä‡∂≠‡∂ª‡∂Ç...",0
254,lellahutanpage,ü§£ü§£,0
255,lellahutanpage,"‡∂∫‡∑î‡∂Ø‡∑ä‡∂∞‡∂∫ ‡∂Ö‡∑Ä‡∑É‡∂±‡∑ä ‡∑Ä‡∂±‡∑î ‡∂á‡∂≠. ‡∂±‡∑è‡∂∫‡∂ö‡∂∫‡∂±‡∑ä ‡∂Ö‡∂≠‡∂ß ‡∂Ö‡∂≠ ‡∂Ø‡∑ô‡∂±‡∑î ‡∂á‡∂≠. ‡∂∏‡∑Ñ‡∂Ω‡∑î ‡∂ö‡∑è‡∂±‡∑ä‡∂≠‡∑è‡∑Ä ‡∑É‡∑í‡∂∫ ‡∂Ø‡∑í‡∑Ä‡∑í ‡∂¥‡∑í‡∂Ø‡∑ñ ‡∂¥‡∑î‡∂≠‡∑è ‡∂ë‡∂±‡∂≠‡∑î‡∂ª‡∑î ‡∂∂‡∂Ω‡∑è ‡∑É‡∑í‡∂ß‡∑í‡∂±‡∑î ‡∂á‡∂≠. ‡∂∂‡∑í‡∂ª‡∑í‡∂Ø ‡∂≠‡∂∏ ‡∂Ü‡∂Ø‡∂ª‡∂´‡∑ì‡∂∫ ‡∑É‡∑ä‡∑Ä‡∑è‡∂∏‡∑í‡∂¥‡∑î‡∂ª‡∑î‡∑Ç‡∂∫‡∑è ‡∂ë‡∂±‡∂≠‡∑î‡∂ª‡∑î ‡∂∂‡∂Ω‡∑è ‡∑É‡∑í‡∂ß‡∑í‡∂±‡∑î ‡∂á‡∂≠. ‡∑Ö‡∂∏‡∂∫‡∑í ‡∂≠‡∂∏‡∂±‡∑ä‡∂ú‡∑ö ‡∑Ä‡∑ì‡∂ª ‡∂≠‡∑è‡∂≠‡∑ä‡∂≠‡∑è ‡∂ë‡∂±‡∂ö‡∂∏‡∑ä ‡∂∂‡∂Ω‡∑è ‡∑É‡∑í‡∂ß‡∑í‡∂±‡∑î ‡∂á‡∂≠. ‡∂Ö‡∂¥‡∑ö ‡∂∏‡∑è‡∂≠‡∑ò‡∂∑‡∑ñ‡∂∏‡∑í‡∂∫ ‡∑Ä‡∑í‡∂ö‡∑î‡∂´‡∑î‡∑Ä‡∑ö ‡∂ö‡∑Ä‡∑î‡∂Ø ‡∂ö‡∑í‡∂∫‡∂Ω‡∑è ‡∂∏‡∂∏ ‡∂±‡∑ú‡∂Ø‡∂±‡∑ì. ‡∂±‡∂∏‡∑î‡∂≠‡∑ä ‡∂ë‡∑Ñ‡∑í ‡∂∏‡∑í‡∂Ω ‡∂ú‡∑ô‡∑Ä‡∑ä‡∑Ä‡∑ö ‡∂ö‡∑Ä‡∑î‡∂Ø‡∑ê‡∂∫‡∑í ‡∂∏‡∂∏ ‡∂Ø‡∑î‡∂ß‡∑î‡∑Ä‡∑ô‡∂∏‡∑í.

- ‡∂∏‡∑Ñ‡∂∏‡∑î‡∂Ø‡∑ä ‡∂©‡∑è‡∂ª‡∑ä‡∑Ä‡∑í‡∑Ç‡∑ä-",0
256,lellahutanpage,Lella Hutan,0
257,lellahutanpage,Lella Hutan,0
258,lellahutanpage,Lella Hutan,0
259,lellahutanpage,Lella Hutan,0
260,lellahutanpage,"‡∂Ö‡∂Ø ‡∂∫‡∑î‡∂ö‡∑ä‚Äç‡∂ª‡∑ô‡∑ä‡∂±‡∂∫‡∂ß ‡∂ö‡∑Ä‡∂¥‡∑î ‡∂Ω‡∂±‡∑î‡∑Ä ‡∂ë‡∂Ø‡∑è ‡∂Ω‡∂Ç‡∂ö‡∑è‡∑Ä‡∂ß‡∂≠‡∑ä ‡∂ö‡∑Ä‡∂±‡∑ä‡∂± ‡∑Ä‡∑í‡∑Å‡∑è‡∂Ω ‡∂¥‡∑í‡∂ª‡∑í‡∑É‡∂ö‡∑ä ‡∂Ü‡∑Ä‡∑è ‡∑Ä‡∑ô‡∂Ω‡∑è‡∑Ä‡∂ß ‡∑Å‡∂ö‡∑ä‡∂≠‡∑í‡∂∏‡∂≠‡∑ä ‚Å£‡∂¢‡∂±‡∑è‡∂∞‡∑í‡∂¥‡∂≠‡∑í‡∑Ä‡∂ª‡∂∫‡∑ô‡∂ö‡∑ä
‡∂±‡∑è‡∂∫‡∂ö‡∂∫‡∑ô‡∂ö‡∑ä ‡∂Ö‡∂¥‡∂ß ‡∑Ñ‡∑í‡∂ß‡∑í‡∂∫. ‡∂±‡∑ê‡∂≠‡∑ä‡∂±‡∂∏‡∑ä ‡∂Ö‡∂Ø ‡∂Ω‡∂Ç‡∂ö‡∑è‡∑Ä ‡∂¥‡∑è‡∂Ω‡∂±‡∂∫ ‡∂ö‡∂ª‡∂±‡∑ä‡∂±‡∑ô ‡∂ö‡∑ú# ‡∑É‡∂Ç‡∑Ä‡∑í‡∂∞‡∑è‡∂±‡∂∫ ‡∑Ä‡∑ô‡∂±‡∑ä‡∂± ‡∂¥‡∑î‡∂Ω‡∑î‡∑Ä‡∂±‡∑ä",0
261,lellahutanpage,"‡∂∫‡∑î‡∂ö‡∑ä‚Äç‡∂ª‡∑ö‡∂± ‡∂¢‡∂±‡∑è‡∂∞‡∑í‡∂¥‡∂≠‡∑í ‡∑É‡∑ô‡∂Ω‡∑ô‡∂±‡∑ä‡∑É‡∑ä‡∂ö‡∑í ‡∑É‡∑Ñ ‡∂¢‡∑Ä‡∑í‡∂¥‡∑ô ‡∂Ö‡∂±‡∑î‡∂ª ‡∂Ø‡∑í‡∑É‡∑è‡∂±‡∑è‡∂∫‡∂ö

‡∂∫‡∑î‡∂ö‡∑ä‚Äç‡∂ª‡∑ö‡∂± ‡∂¢‡∂±‡∑è‡∂∞‡∑í‡∂¥‡∂≠‡∑í‡∂ß ‡∂ª‡∑î‡∑É‡∑í‡∂∫‡∑è‡∑Ä‡∑ô‡∂±‡∑ä ‡∂ú‡∑ö‡∂∏ ‡∂â‡∂Ω‡∑ä‡∂Ω‡∂±‡∑ä‡∂± ‡∂ö‡∑í‡∂∫‡∂Ω ‡∂á‡∂∏‡∂ª‡∑í‡∂ö‡∑è‡∑Ä ‡∂á‡∂≠‡∑î‡∂Ω‡∑î ‡∂±‡∑ö‡∂ß‡∑ù ‡∑É‡∂Ç‡∑Ä‡∑í‡∂∞‡∑è‡∂±‡∑ô ‡∑Ñ‡∑ô‡∂± ‡∂≠‡∂Ω‡∑ä‡∂Ω‡∑î‡∑Ä‡∂ö‡∑ä ‡∂Ø‡∑î‡∂±‡∑ä‡∂±..‡∂â‡∂≠‡∑í‡∂±‡∑ä ‡∂∫‡∑î‡∂ö‡∑ä‚Äç‡∂ª‡∑ö‡∂± ‡∂¢‡∂±‡∑è‡∂∞‡∑í‡∂¥‡∂≠‡∑í ‡∑É‡∑ô‡∂Ω‡∑ô‡∂±‡∑ä‡∑É‡∑ä‡∂ö‡∑í ‡∂ª‡∑î‡∑É‡∑í‡∂∫‡∑è‡∑Ä‡∑ô ‡∂¥‡∑î‡∂ß‡∑í‡∂±‡∑ä‡∂ú‡∑ô‡∂±‡∑ä ‡∂∂‡∂∫ ‡∂±‡∑ê‡∂≠‡∑î‡∑Ä ‡∂ú‡∑ö‡∂∏ ‡∂â‡∂Ω‡∑ä‡∂Ω‡∑î‡∑Ä.‡∂¥‡∑ú‡∂ª ‡∑Ñ‡∑í‡∂≠‡∑î‡∑Ä‡∑ô ‡∂¥‡∑î‡∂ß‡∑í‡∂±‡∑ä ‡∂ú‡∑ö‡∂∏‡∂ß ‡∂Ü‡∑Ä‡∑ú‡∂≠‡∑ä ‡∂á‡∂∏‡∂ª‡∑í‡∂ö‡∑è‡∑Ä ‡∂á‡∂≠‡∑î‡∂Ω‡∑î ‡∂Ö‡∂±‡∑í‡∂≠‡∑ä ‡∂∂‡∂Ω‡∑Ä‡∂≠‡∑ä ‡∂ª‡∂ß‡∑Ä‡∂Ω‡∑ä ‡∑É‡∂¥‡∑ù‡∂ß‡∑ä ‡∂ë‡∂ö‡∂ß ‡∂ë‡∂∫‡∑í...",0
262,lellahutanpage,Lella Hutan,0
263,lellahutanpage,‡∂Ö‡∂¥‡∑í ‡∂±‡∑ú‡∂Ø‡∂±‡∑ä‡∂± ‡∂Ω‡∂Ç‡∂ö‡∑è‡∑Ä‡∑ö ‡∂ã‡∂±‡∑ä üòÇ,0
264,lellahutanpage,‡∂∏‡∂ú‡∑ö ‡∂ö‡∑ú‡∂Ω‡∑ä‡∂Ω‡∑ú ‡∂ß‡∑í‡∂öüòç,0
265,lellahutanpage,Lella Hutan,0
266,lellahutanpage,Lella Hutan,0
267,lellahutanpage,Lella Hutan,0
268,lellahutanpage,Lella Hutan,0
269,lellahutanpage,"‡∂Ü ‡∂ö‡∂∏‡∂ö‡∑ä ‡∂±‡∑ë üòé

Ahh it's okay üòé",0
270,lellahutanpage,‡∂∏‡∂Ç ‡∑Ä‡∑ê‡∂ª‡∂Ø‡∑í‡∂Ø,0
271,lellahutanpage,1000 ‡∂ö‡∑ä ‡∂ö‡∂ª‡∂≠‡∑ä ‡∂ú‡∂±‡∑ì ‡∂ú‡∑í‡∑Ñ‡∑í‡∂±‡∑ä,0
272,lellahutanpage,üòÇ,0
273,lellahutanpage,üòê,0
274,lellahutanpage,Lella Hutan,0
275,lellahutanpage,‡∂í ‡∂±‡∑í‡∑É‡∑è ‡∂∂‡∑ú‡∂ª‡∑î ‡∑Ä‡∑ê‡∂© ‡∂ö‡∂ª‡∂±‡∑ä‡∂±‡∑ô‡∂¥‡∑è üòê,0
276,lellahutanpage,üòéüôè,0
277,lellahutanpage,‡∂Ö‡∑Ä‡∂Ç‡∂ö‡∑ô‡∂∏‡∑ä‡∂∏ ‡∂ë‡∑Ñ‡∑ô‡∂∏‡∂∫‡∑í ‡∂±‡∑ô üòÇ,0
278,lellahutanpage,"‡∂∏‡∂Ø‡∑í‡∂Ø

Isn't it enough?",0
279,lellahutanpage,"IPL ‡∂ö‡∑í‡∂∫‡∂±‡∑ä‡∂±‡∑ö ‡∂∏‡∑ö ‡∑Ä‡∑ô‡∂Ø‡∑ä‡∂Ø‡∑í ‡∂Ω‡∑ù‡∂ö‡∑ö T20 ‡∂ö‡∑ä‚Äç‡∂ª‡∑í‡∂ö‡∂ß‡∑ä ‡∑Ä‡∂Ω ‡∂â‡∑Ñ‡∂Ω‡∂∏ ‡∑É‡∑ä‡∂ß‡∑ë‡∂±‡∑ä‡∂©‡∂ª‡∑ä‡∂©‡∑ä ‡∂ë‡∂ö.. ‡∂í ‡∂ú‡∑ê‡∂± ‡∑É‡∑ê‡∂ö‡∂∫‡∂ö‡∑ä ‡∂±‡∑ë..

‡∂ë‡∂≠‡∂±‡∂ß ‡∂∫‡∂±‡∑Ä‡∑è ‡∂±‡∂∏‡∑ä ‡∂¥‡∑ä‡∂Ω‡∑ö‡∂∫‡∂ª‡∑ä ‡∂ö‡∑ô‡∂±‡∑ô‡∂ö‡∑ä ‡∂Ö‡∑Ñ‡∂±‡∑ä‡∂± ‡∂Ø‡∑ô‡∂∫‡∂ö‡∑ä ‡∂±‡∑ë ‡∂í ‡∑Ä‡∂ª‡∑ä‡∂Ω‡∑ä‡∂©‡∑ä ‡∂ö‡∑ä‡∂Ω‡∑è‡∑É‡∑ä ‡∂¥‡∑ä‡∂Ω‡∑ö‡∂∫‡∂ª‡∑ä ‡∂ö‡∑ô‡∂±‡∑ô‡∂ö‡∑ä.

‡∂¥‡∑Ñ‡∑î‡∂ú‡∑í‡∂∫ IPL ‡∂î‡∂ö‡∑ä‡∑Ç‡∂±‡∑ä ‡∂ë‡∂ö‡∑ö ‡∂Ω‡∂Ç‡∂ö‡∑è‡∑Ä‡∑ö ‡∂¥‡∑ä‡∂Ω‡∑ö‡∂∫‡∂ª‡∑ä‡∑É‡∑ä‡∂Ω‡∑è ‡∂¥‡∑É‡∑ä ‡∂Ø‡∑ô‡∂±‡∑ô‡∂ö‡∑ä ‡∂ú‡∂≠‡∑ä‡∂≠‡∑è.

‡∑Ä‡∂±‡∑í‡∂≥‡∑î, ‡∂∏‡∑Ñ‡∑ì‡∑Ç‡∑ä, ‡∂†‡∑è‡∂∏‡∑í‡∂ö, ‡∂†‡∂∏‡∑ì‡∂ª, ‡∂∑‡∑è‡∂±‡∑î‡∂ö..

‡∂∏‡∑ô‡∂≠‡∂±‡∑í‡∂±‡∑ä ‡∑Ñ‡∂≠‡∂ª ‡∂Ø‡∑ô‡∂±‡∑ô‡∂ö‡∑ä ‡∂∂‡∑ù‡∂Ω‡∂ª‡∑ä‡∑É‡∑ä‡∂Ω‡∑è, ‡∂∂‡∑ù‡∂Ω‡∑í‡∂Ç ‡∂ï‡∂Ω‡∑ä...",0
280,lellahutanpage,Lella Hutan,0
281,lellahutanpage,üòÇ,0
282,lellahutanpage,"1 ‡∑Ä‡∑ô‡∂±‡∑í ‡∂ª‡∑ñ‡∂¥‡∂∫‡∑ô ‡∂â‡∂±‡∑ä‡∂±‡∑ô ‡∂∂‡∂∫‡∑ù ‡∂∂‡∂∂‡∂Ω‡∑ä ‡∂ö‡∂©‡∂Ω‡∑è ‡∑Ä‡∑í‡∂±‡∂∫ ‡∑Ä‡∑í‡∂ª‡∑ù‡∂∞‡∑ì‡∑Ä ‡∑Ñ‡∑ê‡∑É‡∑í‡∂ª‡∑í‡∂Ω‡∑è ‡∂Ö‡∑Ä‡∑î‡∂ª‡∑î‡∂Ø‡∑ä‡∂Ø‡∂ö ‡∂≠‡∂ª‡∂ü ‡∂≠‡∑Ñ‡∂±‡∂∏‡∂ö‡∑ä ‡∂≠‡∑í‡∂∫‡∑ô‡∂Ø‡∑ä‡∂Ø‡∑í ‡∂∏‡∂ú‡∂Ø‡∑í ‡∂Ø‡∂©‡∑î‡∑Ä‡∂∏ ‡∂Ö‡∂≠‡∑ä‡∑Ñ‡∑í‡∂ß‡∑î‡∑Ä‡∂Ω‡∑è ‡∂±‡∑ê‡∑Ä‡∂≠ ‡∂ß‡∑ì‡∂∏‡∑ä ‡∂ë‡∂ö‡∂ß ‡∂ú‡∂≠‡∑ä‡∂≠ ‡∂ª‡∂¢ ‡∂≠‡∑î‡∂±‡∑ä‡∂ö‡∂ß‡∑ä‡∂ß‡∑î‡∑Äü§Æ

2 ‡∑Ä‡∂± ‡∂ª‡∑ñ‡∂¥‡∂∫‡∑ô ‡∂â‡∂±‡∑ä‡∂±‡∑ô 2km ‡∂ß‡∑ô‡∑É‡∑ä‡∂ß‡∑ä ‡∂ë‡∂ö ‡∂¥‡∑è‡∑É‡∑ä ‡∂ö‡∂ª‡∂ú‡∂≠‡∑ä‡∂≠‡∂≠‡∑ä ‡∂Ü‡∂∫‡∑ô ‡∂∏‡∑ú‡∂±‡∂∏ ‡∑Ñ‡∂ª‡∑í ‡∑Ñ‡∑ö‡∂≠‡∑î‡∑Ä‡∂ö‡∑ä ‡∂Ø‡∑è‡∂Ω‡∑è ‡∂ß‡∑ì‡∂∏‡∑ä ‡∂ë‡∂ö‡∑ô‡∂±‡∑ä ‡∂ë‡∑Ö‡∑í‡∂∫‡∂ß ‡∂Ø‡∑è‡∂± ‡∂∑‡∑è‡∂±‡∑î‡∂öüòë",0
283,lellahutanpage,Lella Hutan,0
284,lellahutanpage,"‡∂Ü‡∂∫‡∑ô‡∂≠‡∑ä ‡∂Ø‡∑Ä‡∑É‡∂ß ‡∂¥‡∑ê‡∂∫ 1 ‡∂∫‡∑í ‡∑Ä‡∑í‡∂±‡∑è‡∂©‡∑í 45 ‡∂ö‡∑ä ‡∂Ø ‡∂ö‡∑ú‡∑Ñ‡∑ô‡∂Ø ‡∂ö‡∂ª‡∂±‡∑ä‡∂ß‡∑ä ‡∂ë‡∂ö ‡∂ö‡∂¥‡∂±‡∑Ä‡∂Ω‡∑î üòÇ

‡∂Ö‡∂¥‡∑í ‡∂í‡∂ö‡∑ô ‡∑Ñ‡∑ú‡∂Ø ‡∂∏‡∑ô‡∑Ñ‡∑ô‡∂∏ ‡∂Ø‡∂ö‡∑í‡∂∏‡∑î

1. ‡∂≠‡∂∏ ‡∑Ä‡∂ª‡∑ä‡∂ú‡∂∫‡∑è ‡∂∂‡∑ù ‡∂ö‡∂ª‡∂±‡∑ä‡∂± ‡∂í ‡∂ö‡∑è‡∂Ω‡∂∫ ‡∑Ä‡∑ê‡∂∫ ‡∂ö‡∂ª‡∂±‡∑ä‡∂± ‡∂¥‡∑î‡∂Ω‡∑î‡∑Ä‡∂±‡∑ä

2. ‡∑Ä‡∑ê‡∑É‡∑ä‡∑É ‡∂Ω‡∑ê‡∂∂‡∑í‡∂Ω‡∑è ‡∂¢‡∂Ω ‡∑Ä‡∑í‡∂Ø‡∑î‡∂Ω‡∑í‡∂∫ ‡∂∏‡∂ú‡∑í‡∂±‡∑ä ‡∂Ü‡∂∫ ‡∂ö‡∂ª‡∂±‡∑ä‡∂ß‡∑ä ‡∂ö‡∂¥‡∂± ‡∂ë‡∂ö ‡∂±‡∑ê‡∂≠‡∑í ‡∑Ä‡∑ô‡∂±‡∑ä‡∂± ‡∂∏‡∑ú‡∂±‡∑Ä ‡∑Ñ‡∂ª‡∑í ‡∂ö‡∂±‡∑ä‡∂±‡∂Ω‡∑Ä‡∑ä‡∑Ä‡∂ö‡∑ä ‡∂ö‡∂ª‡∂±‡∑ä‡∂± ‡∂í ‡∑Ä‡∑ô‡∂Ω‡∑è‡∑Ä ‡∂∫‡∑ú‡∂Ø‡∑è ‡∂ú‡∂±‡∑ä‡∂± ‡∂¥‡∑î‡∂Ω‡∑î‡∑Ä‡∂±‡∑ä

3. ‡∂ú‡∑ô‡∂Ø‡∂ª ‡∂∏‡∑í‡∂±‡∑í‡∑É‡∑ä‡∑É‡∑î ‡∂ë‡∂ö‡∑ä‡∂ö ‡∂¥‡∑ú‡∂©‡∑ä‡∂©‡∂ö‡∑ä ‡∂ö‡∂≠‡∑è ‡∂ö‡∂ª‡∂Ω‡∑è ‡∂í ‡∂∏‡∑í‡∂±‡∑í‡∑É‡∑ä‡∑É‡∑î...",0
285,lellahutanpage,Lella Hutan,0
286,lellahutanpage,‡∂í ‡∂∏‡∂Ø‡∑í‡∑Ä‡∂ß ‡∂â‡∂≠‡∑í‡∂±‡∑ä ‡∑É‡∑í‡∂ö‡∑î‡∂ª‡∑í‡∂ß‡∑í‡∂ö‡∑è‡∂ª‡∂∫‡∂ú‡∑ô ‡∂¥‡∑Ä‡∑è ‡∂¥‡∂© ‡∑Å‡∑ù ‡∂∂‡∂Ω‡∂±‡∑ä‡∂±‡∂≠‡∑ä ‡∂ë‡∂¥‡∑ê‡∂∫‡∑í,0
287,lellahutanpage,Lella Hutan,0
288,lellahutanpage,Jvp ‡∂∂‡∑ú‡∂ª‡∑î ‡∂ª‡∑ê‡∂Ω‡∑ä‡∂Ω üòÇ,0
289,lellahutanpage,üòÇ,0
290,lellahutanpage,üòÇ,0
291,lellahutanpage,üòÇ,0
292,lellahutanpage,Lella Hutan,0
293,lellahutanpage,üòÇ,0
294,lellahutanpage,"‡∂í‡∂ö‡∂ß ‡∂ö‡∑í‡∂∫‡∂±‡∑ä‡∂±‡∑ô ‡∂Ü‡∂≠‡∑ä‡∂∏‡∑è‡∂ª‡∑ä‡∂Æ‡∂ö‡∑è‡∂∏‡∑ì‡∂≠‡∑ä‡∑Ä
‡∂∫ ‡∂∏‡∂Ω‡∑ä‡∂Ω‡∑í

This is called selfishness brother",0
295,lellahutanpage,üòêüòê,0
296,lellahutanpage,‡∑Ä‡∑í‡∂ö‡∂ß ‡∂á‡∂≥‡∑î‡∂∏‡∑ä ‡∂≠‡∂ª‡∂ü‡∂∫‡∂ö‡∑ä‡∂Ø ‡∂∏‡∂±‡∑ä‡∂Ø ‡∂≠‡∑í‡∂∫‡∑ô‡∂±‡∑ä‡∂±‡∑ô ü§£ü§£ü§£,0
297,lellahutanpage,Lella Hutan,0
298,lellahutanpage,üòÇ,0
299,lellahutanpage,Lella Hutan,0
300,lellahutanpage,‡∂¢‡∂±‡∂≠‡∑è ‡∑Ñ‡∑ì‡∂±‡∑Ä‡∂Ω‡∂ß ‡∂ö‡∑ú‡∂ö‡∑è ‡∂¥‡∑ô‡∂±‡∑ä‡∑Ä‡∑è ‡∂¥‡∑ä‚Äç‡∂ª‡∂∑‡∑è‡∂≠‡∑ä ‡∂±‡∑è‡∂±‡∑è‡∂∫‡∂ö‡∑ä‡∂ö‡∑è‡∂ª ‡∂∏‡∂∞‡∑ä‚Äç‡∂∫‡∂∏ ‡∂Ö‡∂∞‡∑í‡∑Ä‡∑ö‡∂ú‡∂∫‡∑ö ‡∂â‡∂Ø‡∑í‡∂ö‡∑í‡∂ª‡∑ì‡∂∏‡∑ä ‡∑Ñ‡∑í‡∂≠‡∑è‡∂∏‡∂≠‡∑è ‡∂¥‡∑ä‚Äç‡∂ª‡∂∏‡∑è‡∂Ø‡∂ö‡∂ª‡∂∫‡∑í.,0
301,lellahutanpage,Lella Hutan,0
302,lellahutanpage,‡∂ª‡∂∫‡∑í‡∂ß‡∑ä ‡∂ï‡∂ö‡∑ö üòÇüòé,0
303,lellahutanpage,Lella Hutan,0
304,lellahutanpage,"‡∂ö‡∂±‡∑ä‡∂±‡∂±‡∑ë ‡∂Ö‡∂ª‡∂ö ‡∂±‡∑ë ‡∂∏‡∑ö‡∂ö ‡∂±‡∑ë ‡∑É‡∂Ω‡∑ä‡∂Ω‡∑í ‡∂±‡∑ë ‡∂ö‡∑í‡∑Ä‡∑ä‡∑Ä‡∂ß ‡∂∏‡∑í‡∂±‡∑í‡∑É‡∑ä‡∑É‡∑î ‡∂¥‡∑î‡∂Ø‡∑î‡∂∏ ‡∂Ü‡∂≠‡∂Ω‡∑ä ‡∂ë‡∂ö‡∑ö‡∂±‡∑ô ‡∂∫‡∂ö‡∑ù ‡∂â‡∂±‡∑ä‡∂±‡∑ô,‡∂ë‡∂ö‡∑ä‡∂ö‡∑ú ‡∑Å‡∑ú‡∂¥‡∑í‡∂Ç ‡∂∏‡∑ù‡∂Ω‡∑ä ‡∑Ä‡∂Ω ‡∂±‡∑ê‡∂≠‡∑ä‡∂≠‡∂Ç ‡∂¥‡∑ù‡∂ß‡∑ä‡∑É‡∑í‡∂ß‡∑í‡∂∫‡∑ô ‡∂Ö‡∂±‡∑ô ‡∂∏‡∂Ç‡∂Ø‡∑è üòÇüòÇ",0
305,lellahutanpage,‡∂Ö‡∂±‡∑î‡∂ª ‡∂ö‡∑í‡∑Ä‡∑ä‡∑Ä ‡∑Ä‡∂ú‡∑ö ‡∂¥‡∑ù‡∂ß‡∑ä‡∑É‡∑í‡∂ß‡∑í‡∂∫ ‡∂∂‡∂Ω‡∂±‡∑ä‡∂± ‡∑Ä‡∑ì‡∑É‡∑è ‡∂ú‡∂±‡∑ä‡∂± ‡∂≠‡∑í‡∂∂‡∑ä‡∂∂ ‡∂±‡∂∏‡∑ä ‡∑Ñ‡∑ú‡∂Ø‡∂∫‡∑í ‡∑Ä‡∂ú‡∑ö ‡∂≠‡∂∏‡∑è üòÇ,0
306,lellahutanpage,‡∂¥‡∑ù‡∂ß‡∑ä‡∑É‡∑í‡∂ß‡∑í‡∂∫ ‡∂∂‡∂Ω‡∂±‡∑ä‡∂± ‡∂ú‡∑í‡∂∫ ‡∑É‡∑ì ‡∂Ω‡∑è‡∂Ç‡∂ö‡∑í‡∂ö‡∂∫‡∑ú üòÇ,0
307,lellahutanpage,"‡∑É‡∂Ç‡∂†‡∑è‡∂ª‡∂ö‡∂∫‡∑ú ‡∂ë‡∂±‡∑ä‡∂± ‡∂Ö‡∂ª‡∂Ç,‡∂©‡∑ú‡∂Ω‡∂ª‡∑ä ‡∂¥‡∑ä‚Äç‡∂ª‡∑Å‡∑ä‡∂±‡∑ô ‡∑Ä‡∑í‡∑É‡∂Ø‡∑ô‡∂∫‡∑í,‡∂¢‡∑ô‡∂¥‡∑ä‡∂¥‡∂±‡∑í
‡∂±‡∑í‡∂ö‡∂Ç ‡∂â‡∂Ø‡∂Ω‡∑è ‡∂±‡∂∏‡∑ä ‡∑Ñ‡∂ª‡∑í‡∂∫‡∂±‡∑ä‡∂±‡∑ë,‡∂∏‡∑ú‡∂ö‡∂ö‡∑ä ‡∑Ñ‡∂ª‡∑í ‡∂ö‡∂ª‡∂±‡∑ä‡∂± ‡∑Ä‡∑ô‡∂∫‡∑í üòÇ",0
308,lellahutanpage,‡∑É‡∂∏‡∑Ñ‡∂ª‡∑î ‡∂∏‡∂±‡∑í‡∂± ‡∑Ñ‡∑ê‡∂ß‡∑í üòÇ,0
309,lellahutanpage,üòé,0
310,lellahutanpage,üòç,0
311,lellahutanpage,Lella Hutan,0
312,lellahutanpage,üòé,0
313,lellahutanpage,‡∂ö‡∑î‡∑Ñ‡∂ö ‡∑Ä‡∑ô‡∂±‡∑ä‡∂±‡∑ô‡∂¥‡∑è ‡∂î‡∂∫‡∑è‡∂Ω‡∂ß‡∂≠‡∑ä ‡∂í‡∑Ä‡∂ú‡∑ô ‡∂ú‡∑í‡∑Ñ‡∑ë‡∂ö‡∑í üòÇ,0
314,lellahutanpage,"‡∂∏‡∂∞‡∑ä‚Äç‡∂∫‡∂∏ ‡∂Ö‡∂∞‡∑í‡∑Ä‡∑ö‡∂ú‡∑ì ‡∂∏‡∑è‡∂ª‡∑ä‡∂ú‡∂∫‡∑ö ‡∂∏‡∑ì‡∂ª‡∑í‡∂ú‡∂∏ ‡∑É‡∑í‡∂ß ‡∂ö‡∑î‡∂ª‡∑î‡∂´‡∑ë‡∂ú‡∂Ω ‡∂Ø‡∂ö‡∑ä‡∑Ä‡∑è ‡∂Ø‡∑ô‡∑Ä‡∂± ‡∂Ö‡∂Ø‡∑í‡∂∫‡∂ª ( ‡∂á‡∂≠‡∑î‡∂ú‡∂Ω‡∑ä‡∂¥‡∑î‡∂ª ‡∂¥‡∑í‡∑Ä‡∑í‡∑É‡∑î‡∂∏ ) ‡∂¢‡∂±‡∑Ä‡∑è‡∂ª‡∑ì 15 ‡∑Ä‡∂± ‡∂Ø‡∑í‡∂± ‡∂¢‡∂±‡∂≠‡∑è ‡∂Ö‡∂∫‡∑í‡∂≠‡∑í‡∂∫‡∂ß - ‡∂∏‡∑Ñ‡∑è‡∂∏‡∑è‡∂ª‡∑ä‡∂ú ‡∂Ö‡∂∏‡∑è‡∂≠‡∑ä‚Äç‡∂∫ ‡∂¢‡∑ú‡∂±‡∑ä‡∑É‡∑ä‡∂ß‡∂±‡∑ä ‡∂¥‡∑ä‚Äç‡∂ª‡∂±‡∑è‡∂±‡∑ä‡∂Ø‡∑î

‡∂∏‡∂∞‡∑ä‚Äç‡∂∫‡∂∏ ‡∂Ö‡∂∞‡∑í‡∑Ä‡∑ö‡∂ú‡∑ì ‡∂∏‡∑è‡∂ª‡∑ä‡∂ú‡∂∫‡∑ö ‡∂∏‡∑ì‡∂ª‡∑í‡∂ú‡∂∏ ‡∑É‡∑í‡∂ß ‡∂ö‡∑î‡∂ª‡∑î‡∂´‡∑ë‡∂ú‡∂Ω ‡∂Ø‡∂ö‡∑ä‡∑Ä‡∑è ‡∂Ø‡∑ô‡∑Ä‡∂± ‡∂Ö‡∂Ø‡∑í‡∂∫‡∂ª ( ‡∂á‡∂≠‡∑î‡∂ú‡∂Ω‡∑ä‡∂¥‡∑î‡∂ª ‡∂¥‡∑í‡∑Ä‡∑í‡∑É‡∑î‡∂∏ ) ‡∂¢‡∂±‡∑Ä‡∑è‡∂ª‡∑ì 15 ‡∑Ä‡∂± ‡∂Ø‡∑í‡∂± ‡∂ú‡∂ª‡∑î ‡∂Ö‡∂ú‡∑ä‚Äç‡∂ª‡∑è‡∂∏‡∑è‡∂≠‡∑ä‚Äç‡∂∫ ‡∂∏‡∑Ñ‡∑í‡∂±‡∑ä‡∂Ø ‡∂ª‡∑è‡∂¢‡∂¥‡∂ö‡∑ä‡∑Ç ‡∂∏‡∑ê‡∂≠‡∑í‡∂≠‡∑î‡∂∏‡∑è ‡∑É‡∑Ñ...",0
315,lellahutanpage,üòçüòçüòç,0
316,lellahutanpage,ü§®,0
317,lellahutanpage,Lella Hutan,0
318,lellahutanpage,Lella Hutan,0
319,lellahutanpage,‡∂ö‡∑ú‡∑Ñ‡∑î‡∑Ä‡∂Ω ‡∂ú‡∑î‡∑Ä‡∂±‡∑ä ‡∂¥‡∑è‡∂Ω‡∂∏ ‡∂â‡∂Ø‡∑í‡∂ö‡∑í‡∂ª‡∑ì‡∂∏ ‡∑É‡∂Ø‡∑Ñ‡∑è ‡∂∏‡∑î‡∂Ω‡∑ä‡∂ú‡∂Ω ‡∂≠‡∑ê‡∂∂‡∑ì‡∂∏ üòçüòç,0
320,lellahutanpage,"‡∑É‡∑î‡∂¥‡∑í‡∂ª‡∑í‡∂∫‡∂ö‡∑ä üòç

A super üòç",0
321,lellahutanpage,‡∂¢‡∑ô‡∂¥‡∑ä‡∂¥‡∑ú ‡∂ë‡∂ö‡∑ä‡∂ö ‡∂∂‡∂Ω‡∂±‡∂ö‡∑ú‡∂ß ‡∂∂‡∂∫‡∑í‡∂∫‡∑ú ‡∑Ñ‡∑ú‡∂Ø‡∂∫‡∑í ‡∂≠‡∑Ä üòÇ,0
322,lellahutanpage,üòÇ,0
323,lellahutanpage,Lella Hutan,0
324,lellahutanpage,üòé,0
325,lellahutanpage,üòêüòê,0
326,lellahutanpage,"‡∂¥‡∂ª‡∑í‡∑É‡∂ª‡∂∫ ‡∂ª‡∂ö‡∑í‡∂±‡∑ä‡∂± ‡∂ï‡∂± ‡∂ö‡∑í‡∂∫‡∂Ω‡∑è ‡∂∏‡∑ú‡∂ª ‡∂Ø‡∑ô‡∂± ‡∂ú‡∂∏‡∂±‡∑ä ‡∂ª‡∂ß ‡∑Ä‡∂ß‡∑ö‡∂∏ ‡∂≠‡∑è‡∂¥‡∑ä‡∂¥ ‡∑Ä‡∂Ω ‡∂†‡∂∏‡∑ä‡∂¥‡∑í‡∂ö‡∂∫‡∑è ‡∂¥‡∑ù‡∑É‡∑ä‡∂ß‡∂ª‡∑ä ‡∂ú‡∑Ñ‡∂Ω‡∑èüòÇ

‡∂¢‡∑ô‡∂¥‡∑ä‡∂¥‡∑ú ‡∑Ñ‡∑ú‡∂≥‡∂∫‡∑í ‡∂∂‡∂Ω‡∂Ø‡∑ä‡∂Ø‡∑í..
‡∂Ö‡∂±‡∑ö ‡∂∏‡∑î‡∂±‡∑ä ‡∑Ñ‡∂Ø‡∂± ‡∂Ö‡∂Ω‡∑î‡∂≠‡∑ä ‡∂ª‡∂ß‡∑Ä‡∂Ω‡∑äü§Æ",0
327,lellahutanpage,üòÇüòÇ,0
328,lellahutanpage,‡∂±‡∑ô‡∂ö‡∑ä‡∑É‡∑ä‡∂ß‡∑ä ‡∂¥‡∑ä‚Äç‡∂ª‡∑É‡∑í‡∂©‡∂±‡∑ä‡∂ß‡∑ä üòéüòçüôè,0
329,lellahutanpage,"‡∑Ä‡∑í‡∑É‡∂Ø‡∑î‡∂∏‡∑ä ‡∂Ø‡∑ô‡∂±‡∑ä‡∂±,‡∂Ö‡∂¥‡∑í ‡∂í‡∂ö‡∂ß ‡∂ú‡∑ê‡∂ß‡∂Ω‡∑î ‡∂±‡∑í‡∂ª‡∑ä‡∂∏‡∑è‡∂±‡∂∫ ‡∂ö‡∂ª‡∂±‡∑ä‡∂±‡∂∏‡∑ä - ‡∂∏‡∑ì‡∂ß ‡∂¢‡∑ô‡∂¥‡∑ä‡∂¥‡∑ú üòÇ",0
330,lellahutanpage,‡∂Ü ‡∂¥‡∑ô‡∂±‡∑ä‡∑Å‡∂±‡∑ä ‡∂ë‡∂ö‡∂≠‡∑ä ‡∑Ä‡∑ê‡∂©‡∑í ‡∂ã‡∂±‡∑è ‡∂±‡∑ö‡∂≠ üòéüòç,0
331,lellahutanpage,‡∂¥‡∑Ä‡∑ä ‡∑Ñ‡∑ê‡∂∂‡∑ê‡∂∫‡∑í üòÅ,0
332,lellahutanpage,üòÇüòÇ,0
333,lellahutanpage,Lella Hutan,0
334,lellahutanpage,"‡∂¥‡∑Ä‡∑ä ‡∂â‡∂≠‡∑í‡∂±‡∑ä üòÇ

So sad üòÇ",0
335,lellahutanpage,üòÅüòÇ,0
336,lellahutanpage,"‡∂Ö‡∂∏‡∑ä‡∂∏‡∑ú üòÇ

Oh my god üòÇ",0
337,lellahutanpage,‡∂Ö‡∂©‡∑ù ‡∂í‡∂ö üòçüòéüôè,0
338,lellahutanpage,üëç,0
339,lellahutanpage,‡∂â‡∂Ø‡∑í‡∂ª‡∑í‡∂∫‡∂ß ‡∂≠‡∑Ä ‡∂∏‡∑ú‡∂±‡∑è‡∂Ø ‡∑Ä‡∑ô‡∂±‡∑ä‡∂± ‡∂≠‡∑í‡∂∫‡∑ô‡∂±‡∑ä‡∂±‡∑ô üòÇ,0
340,lellahutanpage,Lella Hutan,0
341,lellahutanpage,‡∂∏‡∑ô‡∑Ñ‡∑ô ‡∂ã‡∂±‡∑ä‡∂ß ‡∑Ä‡∂©‡∑è ‡∂¥‡∂ö‡∑í‡∑É‡∑ä‡∂Æ‡∑è‡∂± ‡∂ã‡∂±‡∑ä ‡∑Ñ‡∑ú‡∂Ø‡∂∫‡∑í üòä,0
342,lellahutanpage,"‡∑Ä‡∂±‡∑ä ‡∂ú‡∑ù‡∂Ω‡∑ä ‡∑Ü‡∑ö‡∑É‡∑ä ‡∑Å‡∑ú‡∂¥‡∑í‡∂Ç ‡∂∏‡∑ù‡∂Ω‡∑ä ‡∂ë‡∂ö‡∂ß ‡∂∫‡∂±‡∑ä‡∂± ‡∂∂‡∑ê‡∂ª‡∑í ‡∂≠‡∂ª‡∂∏‡∑ä ‡∑É‡∑ô‡∂±‡∂ú.

‡∂±‡∑î‡∑Ä‡∂ª‡∂ë‡∑Ö‡∑í‡∂∫ ‡∂Ø‡∑ö‡∑Å‡∑ì‡∂∫ ‡∑É‡∂Ç‡∂†‡∑è‡∂ª‡∂ö‡∂∫‡∂±‡∑ä‡∂ú‡∑ô‡∂±‡∑ä ‡∂¥‡∑í‡∂ª‡∑ì ‡∂ú‡∑í‡∑Ñ‡∑í‡∂±‡∑ä. ‡∂ú‡∑ä‚Äç‡∂ª‡∑ô‡∂ú‡∂ª‡∑í ‡∂¥‡∑è‡∂ª‡∑ä‡∂ö‡∑ä ‡∂ë‡∂ö ‡∑Ü‡∑î‡∂Ω‡∑ä.

‡∑É‡∑î‡∂¥‡∂ª‡∑ä ‡∂∏‡∑è‡∂ª‡∑ä‡∂ö‡∂ß‡∑ä ‡∑Ä‡∂Ω ‡∂∏‡∑í‡∂±‡∑í‡∑É‡∑ä‡∑É‡∑î ‡∂≠‡∂ª‡∂ú‡∑ô‡∂ß ‡∂∂‡∂©‡∑î ‡∂ú‡∂±‡∑ä‡∂±‡∑Ä‡∑è.

‡∂ú‡∑ú‡∂©‡∂ö‡∑ä ‡∂ª‡∑ô‡∑É‡∑ä‡∂ß‡∑ù‡∂ª‡∂±‡∑ä‡∂ß‡∑ä ‡∑Ä‡∂Ω X'mas night dinner ‡∂ß‡∑ö‡∂∂‡∂Ω‡∑ä ‡∑Ü‡∑î‡∂Ω‡∑ä.

‡∂í ‡∑Ä‡∑í‡∂≠‡∂ª‡∂ö‡∑ä ‡∂±‡∑ô‡∑Ä‡∑ô‡∂∫‡∑í 31st evening gala dinner ‡∂ú‡∑ú‡∂©‡∂ö‡∑ä ‡∂Ø‡∑ê‡∂±‡∂ß‡∂∏ ‡∂ª‡∑í‡∑É‡∂ª‡∑ä‡∑Ä‡∑î‡∂©‡∑ä. ‡∂ë‡∂ö ‡∑Ü‡∂∫‡∑í‡∑Ä‡∑ä ‡∑É‡∑ä‡∂ß‡∑è‡∂ª‡∑ä ‡∑Ñ‡∑ú‡∂ß‡∑ô‡∂Ω‡∑ä ‡∂ë‡∂ö‡∂ö Evening Gala dinner table ‡∂ë‡∂ö‡∂ö‡∑ä ‡∂ª‡∑í‡∑É‡∂ª‡∑ä‡∑Ä‡∑ä ‡∂ö‡∂ª‡∂±‡∑ä‡∂± 25 ‡∑Ä‡∑ô‡∂Ø‡∑ä‡∂Ø‡∑í ‡∂Ö‡∂∏‡∑è‡∂ª‡∑î‡∂∫‡∑í.

Book My Show ‡∂ú‡∑í‡∑Ñ‡∑í‡∂±‡∑ä Spider Man - No way home ‡∂ß‡∑í‡∂ö‡∂ß‡∑ä‡∑É‡∑ä ‡∂†‡∑ô‡∂ö‡∑ä ‡∂ö‡∂ª‡∂±‡∑ä‡∂±. ‡∂Ø‡∑Ä‡∑É‡∑ä ‡∂ö‡∑í‡∑Ñ‡∑í‡∂¥‡∂∫‡∂ö‡∑ä ‡∂â‡∑É‡∑ä‡∑É‡∂ª‡∑Ñ‡∑è ‡∑Å‡∑ù ‡∂ß‡∂∫‡∑í‡∂∏‡∑ä ‡∑Ä‡∂Ω ‡∂¥‡∑Ä‡∑è ‡∂ß‡∑í‡∂ö‡∂ß‡∑ä‡∑É‡∑ä ‡∑É‡∑ù‡∂Ω‡∑ä‡∂©‡∑ä ‡∂Ö‡∑Ä‡∑î‡∂ß‡∑ä.
...",0
343,lellahutanpage,üòç,0
344,lellahutanpage,Lella Hutan,0
345,lellahutanpage,Lella Hutan,0
346,lellahutanpage,3% ‡∂â‡∂ö‡∑ä‡∂∏‡∂±‡∑í‡∂±‡∑ä 51% ‡∑Ä‡∑ö‡∑Ä‡∑í üòç,0
347,lellahutanpage,Lella Hutan,0
348,lellahutanpage,"‡∂Ö‡∂Ø ‡∂ö‡∂≠‡∑è..

‡∂Ω‡∂Ç‡∂ö‡∑è‡∑Ä‡∑ö ‡∂Ü‡∑Ñ‡∑è‡∂ª ‡∑Ñ‡∑í‡∂ü ‡∑Ä‡∑ô‡∂±‡∑Ä‡∑è.
‡∑É‡∑è‡∂ú‡∂≠‡∂∫‡∂ö‡∑ä ‡∂ë‡∂±‡∑Ä‡∑è.
‡∂©‡∑ú‡∂Ω‡∂ª‡∑ä ‡∂±‡∑ê‡∂≠‡∑í‡∑Ä ‡∂ª‡∂ß ‡∑Ä‡∑ê‡∂ß‡∑ô‡∂±‡∑Ä‡∑è.

‡∂ë‡∂Ø‡∑è ‡∂ö‡∂≠‡∑è..

‡∑Ñ‡∑ú‡∑É‡∑ä‡∂¥‡∑í‡∂ß‡∑ä‡∂Ω‡∑ä ‡∂∂‡∑ô‡∂©‡∑ä‡∑É‡∑ä ‡∂±‡∑ê‡∂≠‡∑í ‡∑Ä‡∑ô‡∂±‡∑Ä‡∑è.
‡∂î‡∂ö‡∑ä‡∑Ç‡∑í‡∂¢‡∂±‡∑ä ‡∂±‡∑ê‡∂≠‡∑í ‡∑Ä‡∑ô‡∂±‡∑Ä‡∑è.
‡∑Ä‡∑í‡∑É‡∑è‡∂Ω‡∑è‡∑Ä‡∂ö‡∑ä ‡∑Ä‡∑ô‡∂±‡∑Ä‡∑è.
‡∑Ä‡∑ê‡∂ö‡∑ä‡∑É‡∑í‡∂±‡∑ä ‡∂±‡∑ê‡∂≠‡∑í ‡∂ë‡∂±‡∂ö‡∑ú‡∂ß 2022 ‡∑Ä‡∑ô‡∂±‡∑Ä‡∑è",0
349,lellahutanpage,üò•üòì,0
350,lellahutanpage,üòÇ,0
351,lellahutanpage,"‡∂∏‡∑ö ‡∂∏‡∑ú‡∑Ñ‡∑ú‡∂≠‡∑ö ‡∂Ü‡∂´‡∑ä‡∂©‡∑î‡∑Ä‡∂ß‡∂≠‡∑ä ‡∑Ä‡∂©‡∑è ‡∂¥‡∑ä‚Äç‡∂ª‡∑Å‡∑ä‡∂± ‡∂á‡∂≠‡∑ä‡∂≠‡∑ö ‡∑Ä‡∑í‡∂¥‡∂ö‡∑ä‡∑Ç ‡∂±‡∑è‡∂∫‡∂ö ‡∑É‡∂¢‡∑í‡∂≠‡∑ä ‡∂¥‡∑ä‚Äç‡∂ª‡∑ö‡∂∏‡∂Ø‡∑è‡∑É ‡∂∏‡∑Ñ‡∂≠‡∑è‡∂ß‡∂∫.

‡∂ë‡∂ö‡∑ä ‡∂Ö‡∂≠‡∂ö‡∑í‡∂±‡∑ä ‡∑É‡∑í‡∂∫ ‡∂Ø‡∑í‡∂∫‡∂´‡∑í‡∂∫ ‡∂∏‡∑è‡∂ö‡∂ß‡∑ä ‡∂ö‡∂ª‡∂∏‡∑í‡∂±‡∑ä‡∂Ø, ‡∑Ä‡∑í‡∑Ä‡∑í‡∂∞ ‡∂ö‡∂≠‡∑è ‡∂ö‡∑í‡∂∫‡∂∏‡∑í‡∂±‡∑ä‡∂Ø ‡∂¥‡∑è‡∂®‡∂Ω‡∑ì ‡∂†‡∂∏‡∑ä‡∂¥‡∑í‡∂ö ‡∂ª‡∂´‡∑Ä‡∂ö 2025 ‡∂¢‡∂±‡∂¥‡∂≠‡∑í ‡∂Ö‡∂¥‡∑ö‡∂ö‡∑ä‡∑Ç‡∂ö‡∂≠‡∑ä‡∑Ä‡∂∫ ‡∂Ø‡∑í‡∂±‡∑è ‡∂ú‡∑ê‡∂±‡∑ì‡∂∏‡∑ö ‡∂≠‡∂ª‡∂ú‡∂∫‡∑ö ‡∑É‡∑ì‡∂ú‡∑ä‚Äç‡∂ª‡∂∫‡∑ô‡∂±‡∑ä ‡∂â‡∂Ø‡∑í‡∂ª‡∑í‡∂∫‡∂ß ‡∂¥‡∑ê‡∂∏‡∑í‡∂´‡∑ô‡∂∏‡∑í‡∂±‡∑ä ‡∂≠‡∑í‡∂∂‡∑ö.

‡∂¥‡∑è‡∂®‡∂Ω‡∑ì ‡∑Ä‡∑ê‡∂±‡∑í ‡∂ú‡∑ö‡∂∏‡∑ä‡∂ö‡∑è‡∂ª‡∂∫‡∑ô‡∂ö‡∑î‡∂ß ‡∂ï‡∂±‡∑ë‡∂∏ ‡∂∏‡∑ú‡∑Ñ‡∑ú‡∂≠‡∂ö ‡∑Ñ‡∂ª‡∑ì‡∂±‡∑ä‡∂Ω‡∑è ‡∑Ä‡∑ê‡∂±‡∑í ‡∂¥‡∑í‡∂ª‡∑í‡∑É‡∑ä ‡∑É‡∑í‡∂∫ ‡∂¥‡∑ê‡∂≠‡∑ä‡∂≠‡∂ß ‡∂ú‡∑ô‡∂±...",0
352,lellahutanpage,Lella Hutan,0
353,lellahutanpage,Lella Hutan,0
354,lellahutanpage,Lella Hutan,0
355,lellahutanpage,‡∂Ö‡∂ª ‡∂¢‡∑ô‡∂¥‡∑ä‡∂¥‡∑ú ‡∂ö‡∑í‡∂∫‡∂±‡∑Ä‡∑è ‡∑Ä‡∂ú‡∑ö 10 000 ‡∂ö‡∑í‡∂±‡∑ä ‡∂¥‡∂©‡∑í ‡∑Ä‡∑ê‡∂©‡∑í ‡∂ö‡∂ª‡∂±‡∑ä‡∂± ‡∑Ä‡∑ô‡∂∫‡∑í ‡∑Ä‡∂ú‡∑ö üòê,0
356,lellahutanpage,Lella Hutan,0
357,lellahutanpage,‡∂Ö‡∂¥‡∑í ‡∂±‡∑ú‡∂Ø‡∂±‡∑ä‡∂± ‡∂ö‡∑ú‡∂Ø‡∑î ‡∂â‡∂≠‡∑í‡∂±‡∑ä üòÅ,0
358,lellahutanpage,üòâüòâ,0
359,lellahutanpage,Lella Hutan,0
360,lellahutanpage,‡∂Ω‡∑É‡∑ä‡∑É‡∂± ‡∂±‡∑è‡∂ß‡∑ä‡∂ß‡∑í‡∂∫ ‡∑Ñ‡∑ê‡∂∂‡∑ê‡∂∫‡∑í,0
361,lellahutanpage,‡∂∏‡∑ô‡∂Ω‡∑ù ‡∂ª‡∑Ñ‡∂ö‡∑ä ‡∂±‡∑ê‡∂≠‡∑í ‡∂ª‡∑è‡∂¢‡∑ä‚Äç‡∂∫ ‡∑É‡∑ö‡∑Ä‡∂ö‡∂∫‡∑ú ‡∑Ñ‡∑ê‡∂∏‡∂Ø‡∑è‡∂∏ ‡∑É‡∑ä‡∂ß‡∑ä‚Äç‡∂ª‡∂∫‡∑í‡∂ö‡∑ä,0
362,lellahutanpage,üòÇüòÇ,0
363,lellahutanpage,üòÇ,0
364,lellahutanpage,üòÇ,0
365,lellahutanpage,üòÇ,0
366,lellahutanpage,‡∂ö‡∑è‡∂ú‡∑ô ‡∂Ø‡∂ª‡∑î‡∑Ä‡∑ú‡∂Ø üòÇüòÇ,0
367,lellahutanpage,Lella Hutan,0
368,lellahutanpage,"‡∂±‡∑ê‡∂≠‡∑í‡∑Ä‡∑î‡∂±‡∑ö ‡∂∏‡∑î‡∑É‡∂∏‡∑ä‡∂∏‡∑í‡∂Ω‡∑ä‡∂Ø ‡∂∫‡∂ö‡∑ùüôÑ

Lanka Best News

Lanka Best News

‡∑Ä‡∑è‡∂ª‡∑í‡∂∫‡∂¥‡∑ú‡∂Ω ‡∂¥‡∑ä‚Äç‡∂ª‡∑è‡∂Ø‡∑ö‡∑Å‡∑ì‡∂∫ ‡∑É‡∂∑‡∑è‡∑Ä ‡∂∂‡∑ê‡∂±‡∂ª‡∂∫ ‡∂â‡∑Ä‡∂≠‡∑ä ‡∂ö‡∂ª‡∂∫‡∑í.

‡∑Ä‡∂∫‡∂π ‡∂¥‡∂Ω‡∑è‡∂≠‡∑ä ‡∂Ü‡∂´‡∑ä‡∂©‡∑î‡∂ö‡∑è‡∂ª ‡∂ª‡∑è‡∂¢‡∑è ‡∂ö‡∑ú‡∂Ω‡∑ä‡∂Ω‡∑î‡∂ª‡∑ö‡∂ú‡∑ö ‡∂Ö‡∂∑‡∑è‡∑Ä‡∂∫ ‡∑Ä‡∑ô‡∂±‡∑î‡∑Ä‡∑ô‡∂±‡∑ä ‡∑Ä‡∑è‡∂ª‡∑í‡∂∫‡∂¥‡∑ú‡∂Ω ‡∂¥‡∑ä‚Äç‡∂ª‡∑è‡∂Ø‡∑ö‡∑Å‡∑ì‡∂∫ ‡∑É‡∂∑‡∑è‡∑Ä ‡∑Ä‡∑í‡∑É‡∑í‡∂±‡∑ä ‡∂ë‡∂∏ ‡∂¥‡∑ä‚Äç‡∂ª‡∑è‡∂Ø‡∑ö‡∑Å‡∑ì‡∂∫ ‡∂â‡∂Ø‡∑í‡∂ª‡∑í‡∂¥‡∑í‡∂ß ‡∂¥‡∑ä‚Äç‡∂ª‡∂Ø‡∂ª‡∑ä‡∑Å‡∂±‡∂∫ ‡∂ö‡∂ª ‡∂≠‡∑í‡∂∂‡∑ñ ‡∂∂‡∑ê‡∂±‡∂ª‡∂∫‡∂ö‡∑ä ‡∂¥‡∑í‡∂Ω‡∑í‡∂∂‡∂Ø‡∑Ä ‡∑É‡∂∏‡∑è‡∂¢ ‡∂∏‡∑è‡∂∞‡∑ä‚Äç‡∂∫ ‡∂≠‡∑î‡∑Ö ‡∂ö‡∂≠‡∑è‡∂∂‡∑Ñ‡∂ö‡∑ä ‡∂á‡∂≠‡∑í‡∑Ä‡∑ì ‡∂≠‡∑í‡∂∂‡∑ô‡∂±‡∑Ä‡∑è.

‡∂í ‡∂ª‡∑è‡∂¢‡∑è ‡∂ö‡∑ú‡∂Ω‡∑ä‡∂Ω‡∑î‡∂ª‡∑ö‡∂ú‡∑ö ‡∂°‡∑è‡∂∫‡∑è‡∂ª‡∑ñ‡∂¥‡∂∫ ‡∑Ä‡∑ô‡∂±‡∑î‡∑Ä‡∂ß ‡∑Ä‡∂∫‡∂π ‡∑Ñ‡∑í‡∂ß‡∂¥‡∑î ‡∂Ü‡∂´‡∑ä‡∂©‡∑î‡∂ö‡∑è‡∂ª ‡∑Ä‡∂ª‡∑ä‡∂≠‡∂∏‡∑è‡∂±‡∂∫‡∑ö ‡∂å‡∑Ä ‡∂¥‡∂Ω‡∑è‡∂≠‡∑ä...",0
369,lellahutanpage,‡∂¥‡∑ú‡∂ª‡∂ö‡∑ä ‡∑Ñ‡∂∏‡∑ä‡∂∂‡∑î‡∂±‡∑è‡∂∏ ‡∂¥‡∑ú‡∂ª‡∂ö‡∑ä ‡∂ö‡∑í‡∂∫‡∂Ω‡∑è ‡∑Ñ‡∑í‡∂≠‡∂Ç ‡∂â‡∂±‡∑ä‡∂± ‡∂ã‡∂±‡∑ä ‡∂â‡∂±‡∑ä‡∂± ‡∑Ñ‡∑ê‡∂ß‡∑í üòÇ,0
370,lellahutanpage,Lella Hutan,0
371,lellahutanpage,Lella Hutan,0
372,lellahutanpage,Lella Hutan,0
373,lellahutanpage,"‡∑Ñ‡∑ú‡∂≥ ‡∑Ä‡∑ê‡∂©‡∂ö‡∑äüëç

Good job üëç",0
374,lellahutanpage,Lella Hutan,0
375,lellahutanpage,"‡∂Ü‡∂´‡∑ä‡∂©‡∑î‡∑Ä ‡∂Ö‡∂¥‡∑Ñ‡∑É‡∑î‡∂≠‡∑è‡∑Ä‡∂∫‡∂ß ‡∂¥‡∂≠‡∑ä ‡∂ö‡∂ª‡∂±‡∑ä‡∂±‡∂≠‡∑ä ‡∂≠‡∂∏‡∂±‡∑ä‡∂ú‡∑ö ‡∑Ä‡∑ò‡∂≠‡∑ä‡∂≠‡∑ì‡∂∫ ‡∂Ö‡∂∫‡∑í‡∂≠‡∑ì‡∂±‡∑ä ‡∂Ø‡∑í‡∂±‡∑è ‡∂ú‡∂±‡∑ä‡∂±‡∂≠‡∑ä ‡∑Ä‡∑ò‡∂≠‡∑ä‡∂≠‡∑ì‡∂∫ ‡∑É‡∂∏‡∑í‡∂≠‡∑í ‡∂Ø‡∑ô‡∑Ä‡∑ô‡∂±‡∑í ‡∑Ä‡∂ª‡∂ß‡∂≠‡∑ä ‡∂ö‡∑í‡∑É‡∑í‡∂∏ ‡∂¥‡∑ê‡∂ö‡∑í‡∂Ω‡∑ì‡∂∏‡∂ö‡∑ä ‡∂±‡∑ê‡∂≠‡∑í‡∑Ä ‡∂ª‡∂ß‡∂ß‡∂∏ ‡∑Ä‡∑í‡∂Ø‡∑î‡∂Ω‡∑í‡∂∫ ‡∂ö‡∂¥‡∑ä‡∂¥‡∑è‡∂Ø‡∑î ‡∂ö‡∂ª‡∂±‡∑Ä‡∑è.

‡∂∏‡∑í‡∂±‡∑í‡∑É‡∑ä‡∑É‡∑î ‡∂Ü‡∂´‡∑ä‡∂©‡∑î‡∑Ä‡∂ß ‡∂∂‡∂±‡∑í‡∂±‡∑Ä‡∑è. ‡∂Ö‡∑Ä‡∑É‡∑è‡∂±‡∑ö ‡∂Ü‡∂´‡∑ä‡∂©‡∑î‡∑Ä‡∂ß ‡∂Ö‡∑É‡∑è‡∂∞‡∑è‡∂ª‡∂´ ‡∂¥‡∂©‡∑í ‡∑Ä‡∑ê‡∂©‡∑í ‡∂ö‡∑í‡∂ª‡∑ì‡∂∏‡∑ä ‡∑É‡∑Ñ ‡∂â‡∂Ω‡∑ä‡∂Ω‡∑ì‡∂∏‡∑ä ‡∑Ä‡∑í‡∂Ø‡∑î‡∂Ω‡∑í ‡∂â‡∂Ç‡∂¢‡∑í‡∂±‡∑ö‡∂ª‡∑î‡∑Ä‡∂±‡∑ä‡∂ß ‡∂Ω‡∂∂‡∑è ‡∂Ø‡∑ô‡∂±‡∑ä‡∂± ‡∂¥‡∑ì‡∂©‡∂±‡∂∫‡∂ö‡∑ä ‡∂ë‡∂ö‡∂≠‡∑î ‡∑Ä‡∑ô‡∂±‡∑Ä‡∑è.

‡∂ë‡∂≠‡∂±‡∂≠‡∑ä ‡∂Ö‡∑Ä‡∑É‡∑è‡∂±‡∂∫‡∑ö ‡∂ö‡∑ô‡∂Ω ‡∑Ä‡∑ô‡∂±‡∑ä‡∂±‡∑ö ‡∂∏‡∑Ñ‡∂¢‡∂± ‡∂∂‡∂Ø‡∑î ‡∂∏‡∑î‡∂Ø‡∂Ω‡∑ä ‡∑Ä‡∂Ω‡∂ß.

‡∂∏‡∑ö ‡∂ª‡∂ß‡∑ö ‡∂≠‡∑í‡∂∫‡∑ô‡∂±‡∑ä‡∂±‡∑ö ‡∑É‡∑í‡∑É‡∑ä‡∂ß‡∂∏‡∑ä ‡∂ë‡∂ö‡∂ö‡∑ä ‡∂±‡∑í‡∑É‡∑è ‡∂á‡∂≠‡∑í‡∑Ä‡∑ô‡∂†‡∑ä‡∂† ‡∂¥‡∑ä‚Äç‡∂ª‡∑Å‡∑ä‡∂± ‡∂±‡∑ô‡∑Ä‡∑ô‡∂∫‡∑í. ‡∂±‡∂ª‡∑î‡∂∏ ‡∂Ö‡∑Ä‡∑É‡∑ä‡∂≠‡∑è‡∑Ä‡∑è‡∂Ø‡∑ì‡∂±‡∑ä ‡∑Ä‡∑í‡∑É‡∑í‡∂±‡∑ä ‡∂á‡∂≠‡∑í‡∂ö‡∂ª‡∂¥‡∑î, ‡∂á‡∂≠‡∑í‡∂ö‡∂ª‡∂± ‡∂¥‡∑ä‚Äç‡∂ª‡∑Å‡∑ä‡∂±

‡∂í‡∑Ä‡∑è ‡∂¥‡∑ä‚Äç‡∂ª‡∂¢‡∑è‡∂≠‡∂±‡∑ä‡∂≠‡∑ä‚Äç‡∂ª‡∑Ä‡∑è
‡∂Ø‡∂∫‡∑ô‡∂±‡∑ä ‡∑Ä‡∑í‡∑É‡∂≥‡∂±‡∑ä‡∂± ‡∂∂‡∑ë.

‡∂∏‡∑ö ‡∂¥‡∑ä‚Äç‡∂ª‡∑Å‡∑ä‡∂± ‡∂Ü‡∂´‡∑ä‡∂©‡∑î ‡∂∏‡∑è‡∂ª‡∑î ‡∂ö‡∂ª‡∂Ω‡∂≠‡∑ä ‡∑Ä‡∑í‡∑É‡∂≥‡∂±‡∑ä‡∂± ‡∂∂‡∑ë.
...",0
376,lellahutanpage,Lella Hutan,0
377,lellahutanpage,Lella Hutan,0
378,lellahutanpage,Lella Hutan,0
379,lellahutanpage,üòÇüòÇ,0
380,lellahutanpage,‡∂¢‡∑ô‡∂¥‡∑ä‡∂¥‡∂±‡∑ä‡∂ß ‡∑Ä‡∂©‡∑è ‡∂±‡∂∏‡∑ä ‡∑É‡∂¢‡∑í‡∂≠‡∑î‡∂≠‡∑ä ‡∑Ñ‡∑ú‡∂Ø‡∂∫‡∑í üòÇ,0
381,lellahutanpage,üòÇ,0
382,lellahutanpage,"‡∑Ñ‡∑í‡∂ü ‡∑Ä‡∑ê‡∂ß‡∑î‡∂¥‡∑ä ‡∂Ω‡∑ê‡∂∂‡∑î‡∂±‡∑è,‡∂∏‡∑ö‡∂ö‡∂≠‡∑ä 250 ‡∂∫‡∑í üòÇüòÇ",0
383,lellahutanpage,üòÇ,0
384,lellahutanpage,"‡∑Ñ‡∑ô‡∂Ω‡∑ä‡∂¥‡∑ä ‡∂ë‡∂ö‡∂ö‡∑ä ‡∂Ø‡∑ô‡∂∏‡∑î

Let's give some help",0
385,lellahutanpage,‡∂≠‡∂∏‡∂±‡∑ä‡∂ß ‡∑Ñ‡∑ê‡∂∏‡∂Ø‡∑è‡∂∏ ‡∂†‡∂±‡∑ä‡∂Ø‡∑ô ‡∂Ø‡∑î‡∂±‡∑ä‡∂±‡∑î ‡∂¥‡∑ê‡∂≠‡∑ä‡∂≠‡∂ß ‡∂¥‡∑è‡∂Ω‡∂∏‡∂ö‡∑ä ‡∑Ä‡∂≠‡∑ä ‡∂±‡∑ú‡∂Ø‡∑î‡∂±‡∑ä‡∂±‡∑î ‡∂ã‡∂±‡∑ä ‡∂ä‡∂Ω‡∂ú ‡∂Ö‡∑Ä‡∑î‡∂ª‡∑î‡∂Ø‡∑î ‡∂¥‡∑Ñ ‡∂â‡∂Ω‡∑ä‡∂Ω‡∂±‡∑Ä‡∑è ‡∂ª‡∂ß ‡∑Ñ‡∂Ø‡∂±‡∑ä‡∂± üòÇüôÜ,0
386,lellahutanpage,"‡∂¥‡∑è‡∂Ω‡∂Ç,‡∂¥‡∑è‡∂ª‡∑Ä‡∂Ω‡∑ä ‡∑Ñ‡∂Ø‡∂±‡∑ä‡∂±‡∂Ø ‡∂ë‡∂¥‡∑è‡∂Ø ‡∑Ñ‡∂ª‡∑í‡∂∫‡∂ß ‡∂ö‡∑í‡∂∫‡∂¥‡∂Ω‡∑ä‡∂Ω‡∑è üôÜ",0
387,lellahutanpage,"‡∑É‡∑î‡∂¥‡∑í‡∂ª‡∑í‡∂∫‡∂ö‡∑ä üòç

A super üòç",0
388,lellahutanpage,"‡∂ª‡∂ß‡∑ö ‡∂¥‡∑è‡∂ª‡∂ö‡∑ä ‡∑Ñ‡∂Ø‡∂Ø‡∑ä‡∂Ø‡∑í, ‡∂¥‡∑è‡∂Ω‡∂∏‡∂ö‡∑ä, ‡∂∂‡∑ù‡∂ö‡∑ä‡∂ö‡∑î‡∑Ä‡∂ö‡∑ä ‡∑Ñ‡∂Ø‡∂Ø‡∑ä‡∂Ø‡∑í ‡∂ä‡∂ß ‡∂ë‡∂ª‡∑ô‡∑Ñ‡∑í‡∑Ä ‡∂ã‡∂Ø‡∑ä‡∂ù‡∑ù‡∑Ç‡∂´‡∂∫ ‡∂ö‡∂ª‡∂±‡∑è ‡∂¢‡∂ª‡∑è ‡∂Ø‡∑ö‡∑Å‡∂¥‡∑è‡∂Ω‡∂±‡∂∫‡∂ö ‡∂±‡∑í‡∂ª‡∂≠ ‡∂¢‡∑Ä‡∑í‡∂¥‡∑ô ‡∂á‡∂≠‡∑î‡∂Ω‡∑î ""‡∑Ñ‡∑ê‡∂∏‡∂Ø‡∑ö‡∂ß‡∂∏ ‡∑Ä‡∑í‡∂ª‡∑î‡∂Ø‡∑ä‡∂∞"" ‡∂ö‡∂Ω‡∑ä‡∂Ω‡∑í‡∂∫ ‡∂ö‡∑í‡∂±‡∑ä‡∂±‡∑í‡∂∫‡∑è ‡∂Ø‡∂ª‡∑î‡∑Ä‡∂±‡∑ä‡∂ú‡∑ö ‡∑Ä‡∂ú‡∂ö‡∑ì‡∂∏ ‡∂ú‡∂≠ ‡∂∫‡∑î‡∂≠‡∑î‡∂∫.

‡∂ª‡∂ß‡∑ö ‡∂∫‡∂ß‡∑í‡∂≠‡∂Ω ‡∂¥‡∑Ñ‡∑É‡∑î‡∂ö‡∂∏‡∑ä ‡∂Ø‡∑í‡∂∫‡∑î‡∂´‡∑î ‡∂ö‡∂ª‡∂±‡∑ä‡∂±‡∑ö ‡∂Ø‡∑î‡∂¥‡∑ä‡∂¥‡∂≠‡∑ä ‡∂ú‡∑ä‚Äç‡∂ª‡∑è‡∂∏‡∑ì‡∂∫ ‡∂¢‡∂±‡∂≠‡∑è‡∑Ä‡∂ú‡∑ö ‡∂¢‡∑ì‡∑Ä‡∑í‡∂≠ ‡∑Ä‡∂©‡∑è ‡∂∫‡∑Ñ‡∂¥‡∂≠‡∑ä ‡∂ö‡∑í‡∂ª‡∑ì‡∂∏‡∂ß‡∂∫‡∑í.

‡∂í‡∑Ä‡∑è ‡∂Ø‡∑ö‡∑Å‡∂¥‡∑è‡∂Ω‡∂ö‡∂∫‡∂±‡∑ä ‡∑Ñ‡∑ù‡∂ª‡∑è ‡∂ö‡∑ë‡∂∏‡∂ß ‡∑É‡∑í‡∂Ø‡∑î ‡∂ö‡∂ª‡∂± ‡∑Ä‡∑ä‚Äç‡∂∫‡∑è‡∂¥‡∑ò‡∂≠‡∑í ‡∂Ω‡∑ô‡∑É ‡∑Ñ‡∂Ç‡∑Ä‡∂©‡∑î ‡∂ú‡∑É‡∑è, ‡∂ª‡∂ß‡∑ö ‡∂∏‡∑Ñ‡∑è ‡∂∏‡∑è‡∂ª‡∑ä‡∂ú ‡∂á‡∂≠‡∑î‡∂Ω‡∑î ‡∂¥‡∑Ñ‡∑É‡∑î‡∂ö‡∂∏‡∑ä ‡∑É‡∂Ç‡∑Ä‡∂ª‡∑ä‡∂∞‡∂±‡∂∫‡∂ß ‡∂¥‡∑ä‚Äç‡∂ª‡∂∞‡∑è‡∂± ‡∂∂‡∑è‡∂∞‡∑è‡∑Ä ‡∑Ä‡∑ì ‡∂á‡∂≠‡∑ä‡∂≠‡∑ö ‡∂∏‡∑ô‡∂∏ 3% ‡∂¥‡∑í‡∂ª‡∑í‡∑É‡∂∫.

‡∂ª‡∂ß‡∑ö ‡∂Ø‡∑î‡∂¥‡∑ä‡∂¥‡∂≠‡∑ä‡∂ö‡∂∏ ‡∂ã‡∂±‡∑ä‡∂ú‡∑ö ‡∂Ø‡∑ö‡∑Å‡∂¥‡∑è‡∂Ω‡∂±‡∂∫‡∑ö ‡∂¥‡∑ä‚Äç‡∂ª‡∂∞‡∑è‡∂± ‡∂â‡∂±‡∑ä‡∂∞‡∂±‡∂∫‡∂∫‡∑í. ‡∂â‡∂≠‡∑í‡∂±‡∑ä ‡∂ª‡∂ß‡∑ö ‡∂∫‡∂ß‡∑í‡∂≠‡∂Ω ‡∂¥‡∑Ñ‡∑É‡∑î‡∂ö‡∂∏‡∑ä ‡∂Ø‡∑í‡∂∫‡∑î‡∂´‡∑î ‡∑Ä‡∑ì‡∂∏‡∂ß‡∂≠‡∑ä, ‡∂ú‡∂∏‡∑ö ‡∂¥‡∑è‡∂ª‡∑Ä‡∂Ω‡∑ä, ‡∂¥‡∑è‡∂Ω‡∂∏‡∑ä, ‡∂∂‡∑ù‡∂ö‡∑ä‡∂ö‡∑î ‡∂ß‡∑í‡∂ö ‡∑É‡∑ë‡∂Ø‡∑ì‡∂∏‡∂ß‡∂≠‡∑ä...",0
389,lellahutanpage,"‡∂∂‡∑î‡∂Ø‡∑ä‡∂∞ ‡∑Å‡∑è‡∑É‡∂±‡∂∫‡∑ö ‡∑Ä‡∑ê‡∂Ø‡∂ú‡∂≠‡∑ä ‡∂†‡∑í‡∂ª‡∑É‡∑ä‡∂Æ‡∑í‡∂≠‡∑í‡∂∫ ‡∑Ä‡∑ô‡∂±‡∑î‡∑Ä‡∑ô‡∂±‡∑ä ‡∂Ø‡∑Ñ‡∂©‡∑í‡∂∫ ‡∂∏‡∑Ñ‡∂±‡∑ä‡∑É‡∑í‡∂∫‡∑ô‡∂±‡∑ä ‡∂ö‡∑ê‡∂¥‡∑Ä‡∑ô‡∂± ‡∂±‡∑ô‡∂Ω‡∑ä‡∂Ω‡∑í‡∂ú‡∂Ω ‡∂∂‡∑û‡∂Ø‡∑ä‡∂∞ ‡∂∏‡∂∞‡∑ä‚Äç‡∂∫‡∑É‡∑ä‡∂Æ‡∑è‡∂±‡∂∫‡∑ö ‡∂Ω‡∑ú‡∂ö‡∑î ‡∑Ñ‡∑è‡∂∏‡∑î‡∂Ø‡∑î‡∂ª‡∑î‡∑Ä‡∂±‡∑ä‡∂ß ‡∂≠‡∑î‡∂´‡∑î‡∂ª‡∑î‡∑Ä‡∂±‡∑ä‡∂ú‡∑ö ‡∂¥‡∑í‡∑Ñ‡∑í‡∂ß ‡∂ª‡∑ê‡∂ö‡∑Ä‡∂ª‡∂´‡∂∫‡∑ô‡∂±‡∑ä ‡∂â‡∂ö‡∑ä‡∂∏‡∂±‡∑ä ‡∑É‡∑î‡∑Ä‡∂∫ ‡∂Ω‡∑ê‡∂∂‡∑ö‡∑Ä‡∑è..‡∂≠‡∑ô‡∂ª‡∑î‡∑Ä‡∂±‡∑ä
‡∑É‡∂ª‡∂´‡∂∫‡∑í ‚ò∏üôè",0
390,lellahutanpage,Lella Hutan,0
391,lellahutanpage,250 ‡∑Ñ‡∑ô ‡∂¥‡∑ù‡∑É‡∑ä‡∂ß‡∑ä,0
392,lellahutanpage,‚ù§Ô∏è,0
393,lellahutanpage,Lella Hutan,0
394,lellahutanpage,Lella Hutan,0
395,lellahutanpage,"‡∂á‡∂∫‡∑í ‡∂íü§î

Why is that ü§î",0
396,lellahutanpage,‡∂∂‡∑ú‡∂ª‡∑î‡∑Ä‡∂ß ‡∂ª‡∑ê‡∂Ω‡∑ä‡∂Ω‡∂ß ‡∂ª‡∂ú‡∂±‡∑Ä‡∑è üòÇüòÇ,0
397,lellahutanpage,"‡∂î‡∂∂‡∂ß ‡∑É‡∂≠‡∑î‡∂ß‡∑î‡∂∫‡∑í‡∂Ø ‡∂Ø‡∑ê‡∂±‡∑ä ?

‡∂∏‡∑í‡∂±‡∑ä ‡∑Ä‡∑É‡∂ª ‡∂Ø‡∑ô‡∂ö‡∂ö‡∂ß ‡∂¥‡∑ô‡∂ª, 2019 ‡∂±‡∑ú‡∑Ä‡∑ô‡∂∏‡∑ä‡∂∂‡∂ª‡∑ä 16 ‡∑Å‡∑ä‚Äç‡∂ª‡∑ì ‡∂Ω‡∂Ç‡∂ö‡∑è‡∑Ä‡∑ö ‡∂∂‡∑Ñ‡∑î‡∂≠‡∂ª‡∂∫‡∂ö‡∑ä ‡∂∏‡∑ô‡∂±‡∑ä‡∂∏ ‡∂∏‡∂∏‡∂Ø ‡∂¢‡∂∫‡∂ú‡∑ä‚Äç‡∂ª‡∑Ñ‡∂´‡∂∫‡∂ö‡∑ä ‡∑É‡∑ê‡∂∏‡∂ª‡∑ñ ‡∂Ø‡∑í‡∂±‡∂∫‡∂ö‡∑í. ‡∂ë‡∂∫ ‡∂±‡∂∏‡∑ä ‡∑Ä‡∑É‡∂ª ‡∂ú‡∂´‡∂±‡∑è‡∑Ä‡∂ö‡∑ä ‡∂≠‡∑í‡∑É‡∑ä‡∑É‡∑ö ‡∑Ä‡∑í‡∑Ä‡∑í‡∂∞ ‡∂Ö‡∂±‡∑ä‡∂Ø‡∂∏‡∑í‡∂±‡∑ä ‡∂Ö‡∂ª‡∂ú‡∂Ω ‡∂ö‡∂ª‡∂∏‡∑í‡∂±‡∑ä, ‡∂∫‡∑î‡∂±‡∑í‡∂ö‡∑ù‡∂©‡∑ä ‡∂Ω‡∂ö‡∑ä‡∑Ç ‡∂ú‡∂±‡∂±‡∂ö‡∑ä ‡∂ß‡∂∫‡∑í‡∂¥‡∑ä ‡∂ö‡∂ª‡∂∏‡∑í‡∂±‡∑ä ‡∂Ö‡∑Ä‡∑É‡∑è‡∂±‡∂∫‡∑ö ‡∑Ä‡∑É‡∂ª ‡∂¥‡∑Ñ‡∂ö ‡∂Ö‡∂∫‡∑è‡∂Ω‡∑ö ‡∂ú‡∑í‡∂∫ ‡∂¥‡∑è‡∂Ω‡∂±‡∂∫‡∂ö‡∑ä ‡∂ë‡∂Ω‡∑Ä‡∑è ‡∂Ø‡∑ê‡∂∏‡∑ñ ‡∂¥‡∑ä‚Äç‡∂ª‡∑í‡∂≠‡∑í‡∂∫‡∂∫‡∑í.

‡∂Ö‡∂±‡∑ô‡∂ö ‡∂±‡∂∏‡∑ä ‡∂Ö‡∂¥ ‡∑Ä‡∑í‡∑É‡∑í‡∂±‡∑ä ‡∑É‡∑ò‡∂¢‡∑î‡∑Ä ‡∂¥‡∑ô‡∂±‡∑ì ‡∑É‡∑í‡∂ß‡∑í ‡∂Ö‡∂¥‡∂ú‡∑ö...",0
398,lellahutanpage,‡∂∏‡∑ú‡∂Ω ‡∂Ω‡∑ô‡∑Ü‡∑ä‡∂ß‡∑ä ‡∑É‡∑ô‡∂ß‡∑ä ‡∂ë‡∂ö üòÇüôè,0
399,lellahutanpage,Lella Hutan,0
400,lellahutanpage,‡∂¥‡∑Ä‡∑ä ‡∂∫‡∂ö‡∑ù üòÇüòÇüôè,0
401,lellahutanpage,üòÇüòÇüôè,0
402,lellahutanpage,‡∑Ñ‡∑ô‡∂ß ‡∂Ø‡∑í‡∑Ä‡∑î‡∂ª‡∑î‡∂∏‡∑ä ‡∂Ø‡∑ô‡∂±‡∑ä‡∂±‡∑ê‡∂≠‡∑í ‡∑Ä‡∑ô‡∂∫‡∑í‡∂Ø üòÇ,0
403,lellahutanpage,"‡∂ö‡∑ú‡∂ª‡∑ù‡∂±‡∂≠‡∑ä ‡∂ö‡∑ú‡∂ª üòÇ

‡∂∏‡∑î‡∂±‡∑ä ‡∂±‡∂∏‡∑ä ‡∂∏‡∑í‡∂±‡∑í‡∑É‡∑ä‡∑É‡∑î ‡∑Ä‡∑ô‡∂±‡∑ä‡∂± ‡∂∂‡∑ê üòÇ",0
404,lellahutanpage,‡∂†‡∑í‡∂ª‡∂Ç ‡∂¢‡∂∫‡∂≠‡∑î üòÇ,0
405,lellahutanpage,‡∂ä‡∂Ω‡∂ú ‡∂ª‡∑ê‡∂Ω‡∑ä‡∂Ω ‡∑É‡∂Ø‡∑Ñ‡∑è ‡∂¥‡∑ñ‡∂ª‡∑ä‡∂´ ‡∂Ö‡∂±‡∑î‡∂ú‡∑ä‚Äç‡∂ª‡∑Ñ‡∂∫ ‡∂¥‡∑î‡∂≠‡∑è ‡∂¥‡∑ä‚Äç‡∂ª‡∂∏‡∑î‡∂õ ‡∂Ö‡∂¢‡∑ñ‡∂≠ ‡∑Ä‡∑í‡∂¥‡∂ö‡∑ä‡∑É‡∑ô üòÇ,0
406,lellahutanpage,‡∂∂‡∑î‡∂ö‡∑ì ‡∑Ä‡∑ì‡∂ª‡∂∫‡∂±‡∑ä‡∂ú‡∑ö ‡∂ª‡∂ß ‡∑Ñ‡∑ê‡∂Ø‡∑í‡∂∏‡∑ö ‡∑Ä‡∑ì‡∂ª‡∂∫‡∑ú ‡∂ß‡∑í‡∂ö üòÇ ‡∂∏‡∑ú‡∂ö‡∑ä‡∂ö‡∑î‡∂Ø ‡∂ï‡∂∫‡∑í ‡∂∏‡∑ô üòÇ,0
407,lellahutanpage,"‡∂∏‡∑ä‡∂∏‡∑ä‡∂∏‡∑ä‡∂∏‡∑äüòÇ

Mmmm üòÇ",0
408,lellahutanpage,"‡∂Ö‡∑É‡∂ª‡∂´ ‡∂¢‡∑ì‡∑Ä‡∑í‡∂≠ üòÇ

Poor lives üòÇ",0
409,lellahutanpage,Lella Hutan,0
410,lellahutanpage,üòçüòé,0
411,lellahutanpage,‡∂ë‡∑Ñ‡∑ô‡∑Ä‡∑ä ‡∂ã‡∂±‡∑ä‡∑Ä ‡∂ë‡∂ö‡∑É‡∑ê‡∂ª‡∂∫‡∂ö‡∑ä ‡∂ú‡∑ö‡∂∏‡∑î‡∂Ω‡∑î üòÇ,0
412,lellahutanpage,üòÇüòÇ,0
413,lellahutanpage,üôè,0
414,lellahutanpage,Lella Hutan,0
415,lellahutanpage,Lella Hutan,0
416,lellahutanpage,‡∂Ö‡∂±‡∑í‡∂≠‡∑ä ‡∂Ω‡∑ú‡∂ö‡∑ä‡∂ö‡∑ú ‡∂¥‡∑è‡∂ª‡∑ô ‡∂ª‡∂Ç‡∂©‡∑î‡∂≠‡∑ä ‡∑Ä‡∑ô‡∂Ω‡∑è ‡∂ú‡∑ô‡∂Ø‡∂ª ‡∂ú‡∑í‡∂∫‡∑ô üòÇ,0
417,lellahutanpage,‡∑Ñ‡∂∏‡∑î‡∂Ø‡∑è‡∑Ä üòç,0
418,lellahutanpage,üòÇüòÇ,0
419,lellahutanpage,üòÇ,0
420,lellahutanpage,Lella Hutan,0
421,lellahutanpage,üòÇüòÇüôÜ,0
422,lellahutanpage,"‡∂¥‡∑Ñ‡∑î‡∂ú‡∑í‡∂∫ ‡∂ö‡∑è‡∂Ω‡∂∫‡∑ö ‡∂∂‡∑û‡∂Ø‡∑ä‡∂∞‡∂∫‡∂±‡∑ä‡∂ú‡∑ô‡∂±‡∑ä ‡∂à‡∂≠‡∑ä ‡∑Ä‡∑î‡∂± ‡∂ö‡∑ñ‡∂ª‡∂ú‡∂Ω ‡∂¥‡∑î‡∂Ø‡∂∂‡∑í‡∂∏‡∑ö ‡∂¥‡∑ä‚Äç‡∂ª‡∂Æ‡∂∏ ‡∂ö‡∂®‡∑í‡∂± ‡∂¥‡∑ñ‡∂¢‡∑ù‡∂≠‡∑ä‡∑É‡∑Ä‡∂∫üôèüôè

‡∑É‡∑ä‡∂≠‡∑ñ‡∂≠‡∑í‡∂∫‡∑í ‡∂±‡∑ô‡∂Ω‡∑ä‡∂Ω‡∑í‡∂ú‡∂Ω ‡∑Ñ‡∑è‡∂∏‡∑î‡∂Ø‡∑î‡∂ª‡∑î‡∑Ä‡∂±‡∑ä‡∂ß, ‡∂∫‡∑î‡∂Ø‡∑Ñ‡∂∏‡∑î‡∂Ø‡∑è‡∂¥‡∂≠‡∑í ‡∂á‡∂≠‡∑î‡∑Ö‡∑î ‡∂ª‡∂´‡∑Ä‡∑í‡∂ª‡∑î‡∑Ä‡∂±‡∑ä‡∂ß ‡∑Ñ‡∑è ‡∂∏‡∑ö ‡∑Ä‡∑ô‡∂±‡∑î‡∑Ä‡∑ô‡∂±‡∑ä ‡∑É‡∑Ñ‡∂∫‡∑ù‡∂ú‡∂∫ ‡∂Ø‡∑ê‡∂ö‡∑ä‡∑Ä‡∑ñ ‡∑É‡∑í‡∂∫‡∑Ö‡∑î ‡∂Ø‡∑ô‡∂±‡∑è‡∂ßüôè",0
423,lellahutanpage,"‡∂î‡∂∂‡∂ß ‡∂Ö‡∑Ä‡∑Å‡∑ä‚Äç‡∂∫ ‡∂ï‡∂±‡∑ë‡∂∏ ‡∂ö‡∑è‡∂ª‡∑ä ‡∂ª‡∂Æ‡∂∫‡∂ö ‡∑É‡∑ì‡∂ß‡∑ä ‡∂ö‡∑Ä‡∂ª ‡∂î‡∂∂‡∑ö ‡∂±‡∑í‡∑Ä‡∑É‡∂ß‡∂∏ ‡∂Ø‡∑ê‡∂±‡∑ä ‡∂ú‡∑ô‡∂±‡∑ä‡∂±‡∑è ‡∂ú‡∂≠ ‡∑Ñ‡∑ê‡∂ö .
* 100 % ‡∂Ø‡∑ö‡∑Å‡∑ì‡∂∫‡∑Ä ‡∂∏‡∑É‡∑è ‡∂±‡∑í‡∂∏ ‡∂ö‡∂ª‡∂±‡∑î ‡∂Ω‡∂∂‡∂∫‡∑í.
* ‡∂î‡∂∂‡∑ö ‡∂±‡∑í‡∑Ä‡∑è‡∑É‡∂ß‡∂∏ ‡∑É‡∑ì‡∂ß‡∑ä ‡∂ö‡∑Ä‡∂ª ‡∂Ω‡∑ê‡∂∂‡∑î ‡∂∏‡∑î‡∂Ø‡∂Ω‡∑ä ‡∂ú‡∑ô‡∑Ä‡∑ì‡∂∏‡∑ö ‡∑Ñ‡∑ê‡∂ö‡∑í‡∂∫‡∑è‡∑Ä .
* 100 % ‡∑É‡∑ì‡∂ß‡∑ä ‡∂ö‡∑Ä‡∂ª ‡∑Ä‡∂Ω ‡∂¥‡∑ä‚Äç‡∂ª‡∂∏‡∑è‡∂´‡∂∫ ‡∂±‡∑í‡∑Ä‡∑ê‡∂ª‡∂Ø‡∑í ‡∑Ä‡∑ì‡∂∏ .
üöïSporty Look Your Car
üá±üá∞üá±üá∞üá±üá∞üá±üá∞100% Sri Lankan Productüá±üá∞üá±üá∞üá±üá∞üá±üá∞üá±üá∞
HCK Auto Parts And...",0
424,lellahutanpage,üòÅ,0
425,lellahutanpage,Lella Hutan,0
426,lellahutanpage,‡∂ª‡∂ß‡∂ß ‡∑Ä‡∑ê‡∂©‡∂ö‡∑ä ‡∂ö‡∂ª‡∂± ‡∂ª‡∑è‡∂¢‡∑ä‚Äç‡∂∫ ‡∑É‡∑ö‡∑Ä‡∂ö‡∂∫‡∑ú üòç,0
427,lellahutanpage,Lella Hutan,0
428,lellahutanpage,‡∑Ñ‡∂ª‡∑í ‡∑É‡∑ù‡∂ö‡∑ä üòÇüôÜ,0
429,lellahutanpage,Lella Hutan,0
430,lellahutanpage,Lella Hutan,0
431,lellahutanpage,"‡∑Ä‡∑í‡∂∏‡∂Ω‡∑ä‡∂Ω‡∑è ‡∂ú‡∂∏‡∑ä‡∂∏‡∂±‡∑ä‡∂¥‡∑í‡∂Ω‡∂Ω‡∑è ‡∂ë‡∂Ω‡∑í‡∂∫‡∂ß ‡∂∂‡∑ê‡∑É‡∑ä‡∑É‡∑ú‡∂≠‡∑ä ‡∑É‡∂∏‡∂ú‡∑í ‡∂¢‡∂± ‡∂∂‡∂Ω‡∑Ä‡∑ö‡∂ú‡∂∫‡∑ö 12‡∂ö‡∑ä ‡∂Ü‡∂´‡∑ä‡∂©‡∑î‡∑Ä‡∑Ä‡∂ß

‡∑Ä‡∑í‡∂∏‡∂Ω‡∑ä ‡∑Ä‡∑ì‡∂ª‡∑Ä‡∂Ç‡∑Å ‡∂ã‡∂Ø‡∂∫ ‡∂ú‡∂∏‡∑ä‡∂∏‡∂±‡∑ä‡∂¥‡∑í‡∂Ω ‡∂Ü‡∂´‡∑ä‡∂©‡∑î‡∑Ä‡∑ô‡∂±‡∑ä ‡∂â‡∑Ä‡∂≠‡∑ä ‡∑Ä‡∑î‡∑Ä‡∑Ñ‡∑ú‡∂≠‡∑ä ‡∑É‡∂∏‡∂ú‡∑í ‡∂¢‡∂± ‡∂∂‡∂Ω‡∑Ä‡∑ö‡∂ú‡∂∫‡∑ö ‡∂∏‡∂±‡∑ä‡∂≠‡∑ä‚Äç‡∂ª‡∑ì‡∑Ä‡∂ª‡∑î‡∂±‡∑ä 12‡∂ö‡∑ä ‡∂Ü‡∂´‡∑ä‡∂©‡∑î‡∑Ä‡∂ß ‡∑É‡∑Ñ‡∂∫ ‡∂Ø‡∑ì‡∂∏‡∂ß ‡∂â‡∂Ø‡∑í‡∂ª‡∑í‡∂¥‡∂≠‡∑ä‡∑Ä‡∂± ‡∂∂‡∑Ä‡∂ß ‡∂Ü‡∂´‡∑ä‡∂©‡∑î ‡∂¥‡∂ö‡∑ä‡∑Ç ‡∂Ö‡∂∑‡∑ä‚Äç‡∂∫‡∂±‡∑ä‡∂≠‡∂ª ‡∂Ü‡∂ª‡∂Ç‡∂†‡∑í ‡∂∏‡∑è‡∂ª‡∑ä‡∂ú ‡∂¥‡∑Ä‡∑É‡∂∫‡∑í.

‡∂∏‡∑ö ‡∑Ä‡∂±‡∑Ä‡∑í‡∂ß ‡∂©‡∂∫‡∂±‡∑è ‡∂ú‡∂∏‡∂ú‡∑ö ‡∂∏‡∂±‡∑ä‡∂≠‡∑ä‚Äç‡∂ª‡∑ì‡∑Ä‡∂ª‡∑í‡∂∫ ‡∂Ü‡∂´‡∑ä‡∂©‡∑î‡∑Ä‡∂ß ‡∑É‡∑Ñ‡∑è‡∂∫ ‡∂¥‡∂Ω ‡∂ö‡∂ª‡∂± ‡∂Ö‡∂≠‡∂ª ‡∑Ñ‡∑ö‡∑Å‡∑è ‡∑Ä‡∑í‡∂≠‡∑è‡∂±‡∂ú‡∑ö ‡∑Ñ‡∑è ‡∂†‡∂∏‡∑í‡∂±‡∑ä‡∂Ø...",0
432,lellahutanpage,Lella Hutan,0
433,lellahutanpage,üòç,0
434,lellahutanpage,‡∂Ö‡∂±‡∑î‡∂ª ‡∑É‡∂ª‡∑ä ‡∂Ü‡∂¥‡∑î‡∑Ä‡∑è‡∂∏ ‡∂¥‡∑ù‡∂ß‡∑ä‡∑É‡∑í‡∂ß‡∑í‡∂∫‡∑ô ‡∂¥‡∂Ø‡∑í‡∂±‡∑ä‡∂±‡∑ô ‡∂∏‡∑ö‡∑Ä‡∂Ω‡∑î‡∂Ø üòÇüôÜ,0
435,lellahutanpage,"‡∂á‡∂∫ ‡∂¥‡∂Ø‡∑ä‡∂∏‡∂Ω‡∂≠‡∑è ‡∂ú‡∂∏‡∂ú‡∑ö.

Create Adventure ‡∑É‡∂∏‡∑è‡∂ú‡∂∏‡∑ö ‡∂Ö‡∂∞‡∑ä‚Äç‡∂∫‡∂ö‡∑ä‡∑Ç‡∑Ä‡∂ª‡∑í‡∂∫. ‡∂¢‡∑è‡∂≠‡∑í‡∂ö ‡∂ª‡∑ñ‡∂¥‡∑Ä‡∑è‡∑Ñ‡∑í‡∂±‡∑í‡∂∫‡∑ö ‡∑Ä‡∑í‡∂ö‡∑è‡∑Å‡∂∫ ‡∑Ä‡∑ñ Wild Asia ‡∑Ä‡∑ê‡∂©‡∑É‡∂ß‡∑Ñ‡∂±‡∑ö ‡∂±‡∑í‡∑Å‡∑ä‡∂¥‡∑è‡∂Ø‡∂ö‡∑Ä‡∂ª‡∑í‡∂∫.

‡∂ë‡∂∫‡∑è‡∂ß ‡∑Ñ‡∑í‡∂±‡∑è‡∑Ä‡∑ô‡∑Ä‡∑í ‡∂ã‡∂π‡∂Ω‡∑è ‡∑Ñ‡∑ú‡∂∫‡∂± ‡∂±‡∑í‡∑É‡∑í ‡∂≠‡∑ê‡∂± ‡∂ö‡∑è‡∂±‡∑ä‡∂≠‡∑è ‡∑Ä‡∑í‡∂∏‡∑î‡∂ö‡∑ä‡∂≠‡∑í‡∂∫ ....

‡∂¥‡∂≠‡∑ä‡∂∏‡∂Ω‡∂≠‡∑è
‡∂Ø‡∑í‡∂ª‡∑í‡∂∫ ‡∂ö‡∑è‡∂±‡∑ä‡∂≠‡∑è‡∑Ä‡∂ö‡∑ä.
‡∂¥‡∑í‡∂ª‡∑í‡∂∏‡∑í‡∂±‡∑ä‡∂ß ‡∂±‡∑ê‡∂≠‡∑í ‡∑Ñ‡∂∫‡∑í‡∂∫‡∂ö‡∑ä ‡∑É‡∑í‡∂≠‡∑ö ‡∂≠‡∑í‡∂∂‡∑î‡∂´‡∑î ‡∂ö‡∑è‡∂±‡∑ä‡∂≠‡∑è‡∑Ä‡∂ö‡∑ä.
...",0
436,lellahutanpage,‡∂∏‡∂ª‡∑î ‡∂à üòÇüôÜ,0
437,lellahutanpage,‡∂Ö‡∂¥‡∑ö ‡∑Ñ‡∂∏‡∑î‡∂Ø‡∑è‡∂¥‡∂≠‡∑í ‡∂≠‡∑î‡∂∏‡∑è ‡∂ª‡∑î‡∑É‡∑í‡∂∫‡∑è‡∑Ä‡∑ö ‡∂ú‡∑í‡∑Ñ‡∑í‡∂±‡∑ä üòçüôè,0
438,lellahutanpage,Lella Hutan,0
439,lellahutanpage,Lella Hutan,0
440,lellahutanpage,Lella Hutan,0
441,lellahutanpage,Lella Hutan,0
442,lellahutanpage,Lella Hutan,0
443,lellahutanpage,Lella Hutan,0
444,lellahutanpage,"T20 World Cup Song üé∂ üá±üá∞
Sri Lanka Cricket #apekollo #‡∂Ö‡∂¥‡∑ö‡∂ö‡∑ú‡∂Ω‡∑ä‡∂Ω‡∑ù
https://
www.youtube.com/
watch?v=LH7eEN7S
rYs",0
445,lellahutanpage,‡∂Ω‡∑ú‡∂ö‡∑ä‡∂ö‡∑è‚ù§Ô∏è,0
446,lellahutanpage,üòÇüòÇ,0
447,lellahutanpage,Lella Hutan,0
448,lellahutanpage,‡∑Ñ‡∂ª‡∑í‡∂∫‡∂ß ‡∂ö‡∑í‡∂∫‡∂¥‡∂Ω‡∑ä‡∂Ω‡∑è ‡∂ö‡∑è‡∂ß‡∂Ø ‡∂∂‡∑è‡∂ª ‡∂Ø‡∑ô‡∂±‡∑ä‡∂± ‡∂ï‡∂±‡∑ô üòÇ,0
449,lellahutanpage,‡∂á‡∂≠‡∑ä‡∂≠ ‡∑É‡∑í‡∂Ç‡∑Ñ‡∂∫‡∑è ‡∂Ω‡∂ú‡∂ß ‡∂∫‡∂±‡∂ö‡∂Ω‡∑ä ‡∂î‡∂ö‡∑ä‡∂ö‡∑ú‡∂∏ ‡∑É‡∑í‡∂Ç‡∑Ñ‡∂∫‡∑ù ‡∂≠‡∂∏‡∑è üòÇüòÇüòÇ,0
450,lellahutanpage,‡∂Ö‡∂∫‡∑í‡∂∫‡∑è ‡∂ö‡∑ú‡∑Ñ‡∑ú‡∂∏‡∂≠‡∑ä ‡∑Ä‡∑ê‡∂©‡∑ä‡∂©‡∑è üòçüòéüôè,0
451,lellahutanpage,‡∂Ö‡∂±‡∑è‡∂ú‡∂≠ ‡∂¢‡∂±‡∑è‡∂∞‡∑í‡∂¥‡∂≠‡∑í ‡∂ú‡∑ô ‡∑Ä‡∑ê‡∂© üòÇüòÇ,0
452,lellahutanpage,Lella Hutan,0
453,lellahutanpage,‡∂ö‡∂Ω‡∂Ø‡∑î‡∂ß‡∑î ‡∂ö‡∂Ω ‡∑Ä‡∂Ω ‡∂â‡∑Ñ‡∂ú‡∂±‡∑ä‡∂± ‡∂∏‡∂ª‡∑î ‡∂Ø‡∑ö‡∑Å‡∑ì‡∂∫ ‡∑É‡∂∏‡∑è‡∂ü‡∂∏‡∑ä ‡∂∏‡∑ô‡∑Ä‡∑ä‡∑Ä üòÇ,0
454,lellahutanpage,üòÇ,0
455,lellahutanpage,üòéüòé,0
456,lellahutanpage,Lella Hutan,0
