роХрпЗроЯрпБ роХрпЖроЯрпНроЯрокрогрпНро▒ро┐,politics
роОройрпНройро╡рпЛ  роиро╛роЯроХроорпН  ..родрпКроЯро░рпНроирпНродрпБ роПрооро╛ро▒рпБро╡родрпБ  родрооро┐ро┤ройрпН  родро╛ройрпН..родро▓рпИропрпИ роХро┤рпБро╡ро┐роп  роХро╛ро▓роорпН  роХроЯроирпНродрпБ ро╡ро┐роЯрпНроЯродрпБ  роЪро┐роирпНродройрпИ роЪрпЖропрпНропрпБроЩрпНроХро│рпН  .. роЗрокрпНрокроЯро┐ропрпЗ  роОро▓рпНро▓ро╛роорпН  роиро┐роЬроорпН роОрой роироорпНрокро┐  роПрооро╛роирпНрод  роХро╛ро▓роорпН  рокрпЛродро╛род ?,ethnicity
роХро┤рпБродрпИ рокройрпНроЯро┐ роХрпБро░роЩрпНроХрпБ роиро╛ропрпН  ро╡рпЗ <cm>рооро╡ройрпН,politics
рокрогрпНро▒ро┐,politics
роУроЯро╡ро┐роЯрпНроЯрпБ роЕроЯро┐родрпНродрпБ ро╡ро┐ро░роЯрпНроЯрпБроЩрпНроХро│рпН роЗроирпНрод роиро╛роп,politics
рокрпВройрпИ рокрпЛро▓ роЗро░рпБроХрпНроХрпБ,politics
Silly cow \nBloody wastage of public money and time listening to this rubbish  !!!,politics
Next joker<sq>s,politics
роХроЯрпИропрпИ роХрпКро┤рпБродрпНродро┐ ро╡ро┐роЯро╛рооро▓рпН рокродро┐ро╡рпБ рокрпЛроЯрпНроЯрпБроХрпН роХрпКрогрпНроЯро┐ро░рпБроХрпНроХро┐ро▒рпАроЩрпНроХро│рпЗ.,other
роЕро╡ро░рпБроХрпНроХрпБ роХрпКроЮрпНроЪроорпН роорпЗродро╛ро╡ро┐родрпНродройроорпН роорпБродрпНродро┐родро╛ройрпН рокрпЛроЪрпНроЪрпБ.. роЕро╡ройрпЖро▓рпНро▓ро╛роорпН роТро░рпБ роЖро│рпБ рооропро┐ро░рпБ,other
роЗройро╡ро╛родро┐,politics
роЗро╡ройрпН  роиро▓рпНро▓  роирпАродро┐ропро╛рой  роЖро│рпН,politics
роЕропрпНропрпЛ роЗро╡ройрпНрокроЪрпНроЪ роЗройро╡ро╛родро┐ роЖроЪрпНроЪрпЗЁЯС║тШая╕П,politics
рокро╛ро░рпБ роЪрпКродрпНродрпИроп,politics
Nonsense,politics
Adeee ponayane poddaa,politics
Ni nalla family Ulla girl illa\nNi yappadiyo appaditan un Umma Vaapa sister family yallam\nNeeyalam Naazama pohanum,other
роЪро╡рпБродро┐ропро┐ро▓рпН роироорпНроо ро░рпВрооро┐ро▓рпЗ  Tik Tok рокрпЛроЯрпНроЯро╛ро░рпН роороЪрпНроЪро╛ройрпН  роОройрпНрой  роороЪрпНроЪро╛ройрпН роиро╛роЯрпНроЯрпБроХрпНроХрпБ рокрпЛропрпНроЯрпНроЯро╛ роЖро│рпИропрпЗ роХро╛рогрпЛроорпН,other
роЕроЯро┐ ро╡ро┐ро│роХрпНроХрпБ рооро╛ро░ро╛ро▓рпЗ роЕродрпБро╡рпБроорпН рокрпБродрпБ ро╡ро┐ро│роХрпНроХрпБрооро╛ро░ро│рпИ,other
Intha kundachi ninga thanaЁЯШВ,other
Yaru indha kurengu pommei ЁЯШПЁЯШП,other
роЗро╡ройрпН ро╡рпЗро▒ роЪрпБроЯрпБроХро╛роЯрпНроЯро┐ро▓рпН роЗро░рпБроирпНродрпБ роОро┤рпБроирпНродрпБ ро╡роирпНродрпБроЯрпНроЯро╛ройрпН ЁЯША,politics
Intha asarangam nu sonna nee ena unga appan vitulaya eruka keka kukkaru,politics
Joker the real one..,politics
роЗро╡ройрпКро░рпБ рокроЪрпНроЪрпЛроирпНродро┐,politics
Loosipponnya,politics
Dei ivan ellam kalaaikka kooda mudiyala da ЁЯдгЁЯдг,politics
роЯрпЖроЯрпН рокро╛роЯро┐ропрпЖро▓рпНро▓ро╛роорпН рокро╛ро░рпНро│ро┐рооройрпНроЯрпН ро▓ роЗро░рпБроХрпНроХрод роЗройрпНройрпИроХрпНроХрпБ родро╛ рокро╛роХрпНроХрпБро▒рпЗройрпН \nроЕроЯрпЗ рокрпКродроЪрпНроЪро┐ро░рпБроЩрпНроХроЯро╛ роЕроирпНрод рокрпКройродрпНрод роиро╛родрпНродроорпН родро╛роЩрпНроХро▓...,politics
ро╕ро┐ропро╛ро░роорпН роЙроЯрпИроХрпНроХрокрпНрокроЯ ро╡рпЗрогрпНроЯрпБроорпН ЁЯШН,religion
Adai modayan thblig markaz 40 Warusama irukki\nZiyaram 7 warathukku роорпБройрпНройро╛ро│рпН maintains ропро╛ро░рпБроорпН роЗро▓рпНро▓ро╛родродро╛ро▓рпН idingi ulundu irukki.\nApa 33 Warusama thblig markaz роЗро░рпБроХрпНроХ pokala Ziyaram irukki\nроороЯропройрпЗ apa eappadi роЯро╛ thableeg jamath akal udachchi роЗро░рпБрокрпНрокро╛роЩрпНроХ\nNee 7 warathukku роорпБройрпНройро╛ро│рпН wara irundichchi\nроороЯропройрпЗ thewa illadada роЪрпКро▓рпНро▓ро┐ роорпБро╕рпНро▓ро┐роорпНроХро│рпИ pirikkada naye,religion
родрокрпНро▓рпАроХрпН роЬрооро╛родрпН роЪрпЖройрпНроЮ роТро░рпБ роЙро░рпБрокрпНрокроЯро┐ропро╛рой ро╡рпЗро▓ ЁЯдгЁЯдгЁЯдг,religion
роЗро╡ройрпБроХро│рпН родро╛ройрпН роЮро╛ройро╕ро╛ро░ роЙроЯрпИропро╡ройрпН роЖроЯрпНроХро│рпН,religion
Kandy pakkam wandhu ippadi pesira vanam ЁЯШВ,religion
роЗрокрпНрокроЯро┐ропрпЗ рокрпЛройро╛ро▓рпН родрпБро▒ро╡ро┐ ро╡рпЗроЯроорпН рокрпЛроЯрпНроЯрпБроХрпНроХрпКрогрпНроЯрпБ роЗро╡ро░рпНроХро│рпИ ро╡ро┤ро┐роироЯро╛родрпНродро┐роХрпНроХрпКрогрпНроЯро┐ро░рпБроХрпНроХрпБроорпН роЕроирпНрод роЗройро╡ро╛родро┐ роЪрпЖродрпНродро╛ро▓рпБроорпН роЕро╡ройрпБроХрпНроХрпБроорпН ро╕ро┐ропро╛ро░роорпН роХроЯрпНроЯрпБро╡ро╛ройрпБроХро│рпН,religion
роХрокрпБро░рпН ро╡рогроЩрпНроХро┐ рооро▒рпНро▒рпБроорпН рокро┐родрпБроЕродрпН родрокрпНро▓рпАроХрпН,religion
Ongada  velai parthuttu  iringoda  kaburuvananghial nattula  evvalavu ithuvo  impact theva  ponghada  shoottu madughal,religion
роЗроирпНрод ро╡рпАроЯро┐ропрпЛро╡ро┐ро▒рпНроХрпБ ро╡ро┐ро│роХрпНроХроорпН родро░роорпБроЯро┐ропрпБрооро╛?\nроЗродрпБ роОроирпНрод ро╡роХрпИропрпИроЪрпН роЪрпЗро░рпНроирпНродродрпБ?,religion
Onaku shalli ЁЯТ░ waratah mattum paru тАж kallan \nEllarukum therium nee ellam shalliku wela sheria agent endu тАж shumma drama potu wela illa,religion
роЙропро┐ро░рпБроЯройрпН роЙро│рпНро│  роЙроЩрпНроХроЯ роЕро╡рпНро▓ро┐ропро╛ роТро░рпБродрпНродро░рпИ роХро╛роЯрпНроЯроЩрпНроХ,religion
Good work! thabliq jamath. тЭдя╕ПтЭдя╕П,religion
Soru maatukal maatu kutam thapliq vaalakal munafiqkal karayan arikira pola aripanukal masjithkala mukiyama sunnathwal jammath palivasalkalai,religion
Verum muttaalhall ЁЯШВ,religion
роХрокрпНро░рпБ роорпБроЯрпНроЯро┐роХро│рпН,religion
родройрпНройрпИ родро╛ройрпЗ рокрпБроХро┤рпН роХро┐ройрпНро▒ро╛ройрпН роороЯрпИропройрпН роЕро╡ройро╛ роирпА. роХрпЗро░ро┐ vallaa,politics
роирпА роТро░рпБ родрпБро░рпЛроХро┐.,politics
Poda panni,politics
рокроЪрпНроЪ ро▓рпВроЪрпБ,politics
роЕрокрпНрок роЙройрпНроЯро╡ро╛рокрпНрокро╛ рооро╣ро┐роирпНрод роЪрпБродрпНродрооро╛ройро╡ро░ро╛ роорпКроХрпНроХрпБрокрпБрогрпНроЯроЯроороХрой роЪрпАро▓рпН ро╡ро╛ропройрпН роирпА родро┐роЩрпНроХро┐ро░ роЪро╛рооро╛ройрпН рооро▓рооро╛ роЗро▓рпНро▓ роЪро▓рооро╛,politics
рокрпЛ....ро░рпЖрогрпНроЯрпБ рокрпЗро░рпБроорпЗ роЯро╛ро╕рпНрооро╛роХрпН рокрпЛропро┐роЯрпНроЯрпБ ро╡роирпНродрпБроЯрпНроЯро╛роЩрпНроХро│ро╛.....,ethnicity
рокрпБродрпНрод рокро┐роЯрпНроЪрпБроХро│рпЗ роХрпБроЯрпНроЯрпБрокрпНрокроЯрпНроЯрпБродрпНродро╛ройрпН роХрпБройро┐ро╡рпАро░рпНроХро│рпН ро░ро╛ро╡рогройрпН роХродрпИ родрпЖро░ро┐роирпНродрпБроорпН роЪро┐роЩрпНроХро│ро░рпНроХро│ рокрпБродрпНрод рокро┐роЯрпНроЪрпБроХро│рпН    роЗройро╡ро╛родроорпН рокрпЗроЪро┐ропродрпИ роиро┐ройрпИро╡рпБ роХрпКро│рпНроХ,ethnicity
Ungada salliye podum da ellarukkum udavi panna... apa poi picha ketkuringa.. vetkam illaya unakku,politics
Kalla pasange enada kilika poringe,politics
Indiyaneee............ kadan kodunga...... iwanungala nabi kodkkadhinga..... aataya  pottruwanuga....,politics
ропро╛ро░рпБ роХрпБроЯрпНроЯро┐ роЬрпАро╡ройро╛,politics
роОро▓рпНро▓ро╛роорпЗ ро▓рпБроЪрпБроЩрпНроХро▓ро╛родро╛ройрпН роЗро░рпБроХрпНроХрпБ,politics
роирпАроЩрпНроХро│рпБрооро╛ роирогрпНроЯрпБ рооро╛родро┐ро░ро┐,politics
Poda pppp,politics
роЗроЩрпНроХ роТро░рпБродрпНродрпЗ роЗро░рпБроирпНрод роЗроЯродрпНродрпБро▓ропрпЗ роЗро░рпБроирпНродрпБ рокро┐роЪрпНроЪ роОроЯрпБроХрпНроХрпБро▒ роирпАроЩрпНроХ ро░рпЖрогрпНроЯрпБ рокрпЗро░рпБ роКро░рпБ роКро░ро╛ рокрпЗропрпН рокро┐роЪрпНроЪ роОроЯрпБроХрпНроХро┐ро▒ро┐роЩрпНроХ роЕроЯ рокрпЛроЩрпНроХроЯро╛ роирпАроЩрпНроХро│рпБ роТроЩрпНроХ роЕро░роЪро┐ропро▓рпБЁЯШП,politics
рокрпВродрпНродро┐ропроЯро┐роХрпНроХ роиро╛ройрпН ро╡ро╛ро░рпЗройрпН роироХрпНроХро┐ роЕроЯро┐роХрпНроХ рокрпКройрпНро╕рпН ро░ройро┐ро▓рпН,politics
роирпАроЩрпНроХро│рпН роорогрпНрогрпЖрогрпНрогрпЖропрпН ро╡ро┐ропро╛рокро╛ро░родрпНродрпИ роорпАрогрпНроЯрпБроорпН роЖро░роорпНрокро┐роХрпНроХро▓ро╛роорпН!!!,politics
роЖрооро╛роорпН ро░ройро┐ро▓рпН  роиро▓рпНро▓ро╛ роЪрпЖропрпНро╡ро╛ройрпН  роЙроЩрпНроХро│рпБроХрпНроХрпБ,politics
роиро┐ро▒рпИроп роЪрпЖропрпНродро┐ро░рпБроХрпНроХро┐ро▒ро╛ро░рпНрокрпЛро▓.!!!,politics
роХро╛роЯрпНроЯро┐ропро┐ро░рпБрокрпНрокро╛ро░рпБ,politics
роЕроХрпНроХро╛ро╡рпБроорпН роороХро┐роирпНродрооро╛рооро╛роЯ роЖро│рпНродро╛ройрпЗ,politics
Dog tail,politics
Haaaaa роХро▓ро╛ рооро╛ро╕рпНроЯро░ роирпАрогрпНроЯ роЗроЯрпИро╡рпЖро│ро┐роХрпНроХрпБ рокро┐ро░роХрпБ роЪрпБроХрооро╛ роЗро░рпБроХрпНроХро┐роЩрпНроХро│ро╛,politics
роОройрпНрой<cm> роОродрпБроХрпНроХрпЛ роЯрпНро░рпИрокрогрпНрогрпБро▒ро╛рокрпЛро▓?,politics
роЕроЪро┐роЯрпН роХро▓ро╛  роЪрпКро▓рпНро▓  родрпЗро╡рпИ роЗро▓рпНро▓рпИ  .........,politics
роЪрпКродрпНрод.....роЙроЩрпНроХро│рпБроХрпНроХрпБ роЗрокрпНрокро╛ройрпН роиро┐родрпНродро┐ро░ роХро▓роЮрпНроЪ рокрпЛро▓......,politics
Ni kolai karanai kappattija all tbani,politics
Vanthudda makarani porthu mudikondu,politics
yeleh oreh kuttaiyeeleh ooreeya mattaigel leh yethai yetheer pahrka mudium . innum 10 varusham sendra voodan kilarcheee punercheenoo makkal alaivahnge mark our word,politics
роЙроЩрпНроХро│рпБроХрпНроХрпБ роиро▓рпНро▓ро╛ роЪрпЗро╡рпИ роЪрпЖропрпНродро╡ро░рпН роЪро┐роЩрпНроХро│родро┐роХрпНроХро│рпБроХрпНроХрпБроорпН роЪрпЗро╡рпИ роЪрпЖропрпНродро╡ро░рпН роОрогрпНроЯро╛ роПро▒рпНро▒рпБроХрпН роХрпКро│рпНро│ро▓ро╛роорпН роЖройро╛ро▓рпН родрооро┐ро┤рпН роороХрпНроХро│рпБроХрпНроХрпБ роЗро╡ро░рпН родрпБро░рпЛроХроорпН родро╛ройрпЗ роЪрпЖропрпНродро╡ро░рпН,politics
рокрпБро░рпБроЪрогрпИ роХрпВроЯ роЗрокрпНрокроЯро┐ роироорпНрокрооро╛роЯрпНроЯро┐роЩрпНроХро│рпН ро░рогро┐ро▓рпН родро╛родрпНродро╛ро╡ роироорпНрокрпБро░ро┐ропро▓рпН роОройрпНро▒ро╛ро▓рпН роХрпЖроЮрпНроЪроорпН ропрпЛроЪро┐роХрпНроХрогрпБроорпН роЕро╡ро░рпН ро╡рпЗро░ 6роироорпНрокро░рпН роХро╛ро░ройрпН (six is sex),politics
рокрпЛро▓ро┐родрпНродрооро┐ро┤рпН рокрпЖрогрпН,politics
роЙройроХрпНроХрпБроорпН роЪрпЗро░рпНродрпНродрпБ  родро╛ройрпН роЙройроХрпНроХрпБ роиро▓рпНро▓ рокродро╡ро┐ роХро╛родродро┐ро░рпБроХрпНроХро┐ро▒родрпБ роТро░рпЗ роиро╛ро│рпН ро░рогро┐ро▓рпЛроЯрпБ  роТро░рпБ роиро╛ро│рпН...,politics
Podi. Mooditu,politics
Australia route oodum,politics
Beck said,politics
роЬрпАро╡ройрпНрокрпБрогрпНроЯрооро╛ройрпН,politics
рооро╛ройроЩрпНроХрпЖроЯрпНроЯ  рокро░родрпЗроЪро┐ рокрогрпНрогро╛роЯрпИроХро│ро╛.,politics
Poda.thiluvare,politics
Pota kala vassa magan,politics
Halo unakellam ottu potu pottu ni sambatgikkiriye oliya angaloda makkalakku ethawu senji irukkiya pothikittu poda,politics
Dubakoor,politics
Bogawantalawa ро░рпЛроЯ ро╡роирпНродрпБ рокро╛ро░рпБроЯро╛ рокрпБ,politics
Kutty thirudan pa eva,politics
Ade yar da nee,politics
DonтАЩt believe this роОро░рпБроорпИ рооро╛роЯрпБ,politics
роПропрпН роЬрпАро╡ройрпН рокрпЛроХро╡роирпНродро│ро╡ро╛ ро░рпЛроЯрпНро▓ рокрпЛрой роОроЩрпНроХ роЬрпАро╡ройрпН ?????????ЁЯШв,politics
who is writing this scripts for you bro? Your sisters or your brother ? Nice joke . Joke of the day ЁЯСМ ЁЯСМЁЯСМЁЯСМ,politics
роЗроирпНрод роиро╛ропрпН роПройрпН роЗрокрпНрокроЯро┐ роХрпКро▓рпИроХрпНроХрпБродрпБ,politics
Ne pudunguna aani ellam podhum. Kelambu.  Adutha adi unaku vila pogudhuny bayathula kathuriya da baadi sodaЁЯШБЁЯШБЁЯШБ,politics
Eppati  valurathuku unga amma akkava kutikuduthu sambari (sorry my friends evanalella eppaditha kekanu),politics
роОродрпБроХрпНроХрпБ роЗроирпНрод рооро╛ройроорпН роХрпЖроЯрпНроЯ рокрпКро┤рокрпНрокрпБ..,politics
Diye punda,other
Unkidda sollurathu unakku vilankatha unnudaiya pirasanai EnnA ippo,other
Ponnu ila pons ЁЯдг,gender
роХро┤ро┐роЪро░,gender
Kalusara,gender
роирпА  роЙрогрпНроорпИропро┐ро▓рпН   роЖройрпН/рокрпЖрогрпН,gender
роЕро░ро╡ро╛рогро┐ропро╛роХ роЗро░рпБроХрпНроХрпБроорпЛ?,gender
Ivan enna original aave maaritaanЁЯЩДЁЯЩД,gender
роЕроЯрпБ рокрпКрогрпНрог роХрпБродрпНродрпЛ,gender
ADE admin iwan Engada pakkathu ooru than sainthamaruthu ЁЯШВ\n\nPons than da iwan iwan pechum apdi than ikim ,gender
роЕроирпНродрокрпН рокро╛ро▓рпИро╡ройроХрпН роХрпКро│рпНро│рпИропройрпН роХрпКро│рпНро│рпИропро┐ро▓рпН родройроХрпНроХрпБ 100% роХрпЗроЯрпНроЯро╛ро░рпН (роХрпБро░рпНроЖройрпН 8:1)<cm> роЕродрпБ роЪро░ро┐ро╡ро░ро╛рооро▓рпН рокрпЛроХро╡рпЗ 20% роЗро▒рпНроХрпБ (8:41) роЯрпАро▓рпИ роорпБроЯро┐родрпНродро╛ро░рпН.,religion
роЗро╡ро░ро┐ройрпН роХрпБроЮрпНроЪроорогро┐ роЖро╣рпН рокро┐роХрпНроХрогрпБроорпН роХроХрпНроХрпЛро╡рпН роорпБродро▓рпН ЁЯШП,ethnicity
роЕроЯро┐роЪрпНроЪро┐ роЪро╛роХроЯро┐роЩрпНроХ роЯро╛,other
Gohome thondaman family india,politics
роОроородрпБ роЪроорпВроХродрпНродро┐ройрпН роЪро╛рокроорпН роЙроЩрпНроХро│рпБроХрпНроХрпБроорпН ро╡ро░рпБроорпН ЁЯШбЁЯШбЁЯШбЁЯШбЁЯШбЁЯШбЁЯШбЁЯШбЁЯШбЁЯШбЁЯШб,politics
роЕроЯро┐роЪрпНроЪро┐ роХрпКро│рпНро│рогрпБроорпН,other
рокрпА рокрпЛро╡ роХрпБроЯрпБродрпНродрпБ роЗро░ро┐роХрпНроХрпАро░ро╛роЩрпНроХ,other
Ivan chef ondu,other
Mike shaun uncle from uurukodawatte. No one knows it,other
рокрпА рокрпЛропрпНроЯрпБ....,other
Ivan innum irukkaana? Ivanoda   phone number pls give  to me,other
Thevayada naye,other
Thedi wandu suthula uttu kondigalaЁЯСПЁЯСПЁЯСП,other
роЗройрпНройрпБроорпН ро╡рпЗрогрпБроорпН роЗро╡ройрпБроХрпНроХрпБ,other
роПройрпН роирпА ро╡роирпНродрпБ роОро┤рпБродро┐ родро░рокрпЛро▒ропро╛,other
Poda ponnnna,politics
Luseee paitheyam,politics
Poie potthal gal,politics
роЗроирпНрод роорогрпНроЯ роЪро░ро┐ роЗро▓рпНро▓ро╛родродрпБ роХро│ро╛ро▓рпН(роорогрпНроЯрпЗро▓ро╛) роХро┐ро┤роХрпНроХрпБ роороХрпНроХро│рпБроХрпНроХрпЗ роЕро╡рооро╛ройроорпНЁЯШнЁЯШнЁЯШн,politics
роЗродрпБроХрпНроХрпБрокрпН рокрпКро▒роХрпБроорпН роирпА роХрпЛропро┐ро▓рпН роХроЯрпНроЯродрпНродро╛ройрпН рокрпЛро▒ро┐ропро╛ ЁЯдо,religion
роорпБродрпБроХрпЖро▓рпБроорпНрокрпБ роЗро▓рпНро▓род рокрпЗроЯро┐роХро│рпН роЗрокрпНрокроЯро┐родрпНродро╛ройрпН,gender
роЪро╛роХроо роЪрпБроорпНрооро╛ роТро┤рпИроХрпНроХроо роЗро░ро┐роХрпНроХро┐ро░родрпНродро╡ро┐роЯ роЪрпЖродрпНродрпБрокрпНрокрпЛ,other
роЪро╛ро╡рпБроЩрпНроХроЯ,other
роЗро▓роЩрпНроХрпИ рокро╛ро░ро╛ро│рпБрооройрпНро▒роорпН роТро░рпБ ро╡ро┐рокроЪрпНроЪро╛ро░ ро╡ро┐роЯрпБродро┐ ропро╛ро░рпН ро╡ро╛ро░ро╛ ропро╛ро░рпН рокрпЛро░ро╛ роОройрпНройрпБ родрпЖро░ро┐ропро╛рооро▓рпЗ роЗро░рпБроХрпНроХрпБ ЁЯШЛЁЯШЬ,politics
роиро▓рпНро▓ роУро│ро╛ родро╛ройрпН роЗро░рпБроХрпНроХрпБроорпН,politics
рокрпКроЯро┐ропройрпН роЕроЯро┐роХрпНроХ роорпЖроЪрпЗроЮрпНроЪро░ро┐ро▓рпН роЯрпЛроХрпН рокрпЛроЯрпБроХро┐ройрпНро▒ роЪро┐ро▓ роТройрпНрокродрпБроХро│рпБроЯрпИроп ро╡ро┐рокро░роорпН роиро╛ро│рпИроп ро╡рпЖро│ро┐ропрпАроЯрпБ....,gender
All banana coming waiting,gender
Atha tn first seiya venumЁЯднЁЯдн,gender
Amma gaay ЁЯШВ,gender
Oothu oolichi,gender
р╢Ьр╢╜р╢Ър╖К р╢╢р╖Щр╢╜р╖Кр╢╜р╖Ъ р╢╢р╖Рр╢пр╢╜р╖П р╢╢р╖Ър╢╗р╖Ъ р╖Ар╖Рр╖Ар╢з р╢пр╖Пр╢▒р╖Кр╢▒ р╢Хр╢▒ р╢Ср╢Ър╖Щр╢Ър╖К ЁЯдмЁЯдмЁЯдм,politics
Ane ponn@yo,politics
р╖Др╢╗р╢Ър╖К р╢╕р╖Гр╖К р╢Ър╢▒р╖Кр╢▒р╖Щ р╢▒р╖Рр╢нр╖Т р╢▒р╖Тр╖Гр╖П р╖Др╖Ьр╢│р╢║р╖Т ЁЯдо,politics
р╢╕р╖Фр╖А р╢пр╢Ър╖Тр╢пр╖Кр╢пр╖Т р╢╜р╖Ъ р╢Ър╖Эр╢┤ р╖Ар╖Щр╢▒р╖Ар╖П р╖Др╖Ьр╢╗р╖П р╢Ър╖Пр╢┤р╖Ф р╖Гр╢╜р╖Кр╢╜р╖Т р╢Ър╖Пр╢┤р╖Ф р╢нр╢╗р╢╕р╢Ър╖К р╢Ър╖Рр╖Ар╖Ъ р╢╕р╖Фр╢▒р╖К р╢нр╢╕р╢║р╖Т р╢нр╖Ьр╢┤р╖Тр╢з р╖Гр╖Пр╢┤ р╢Ър╢╗р╢▒р╖Ар╖П р╖Гр╖Пр╢┤ р╖Ар╖Щр╢▒р╖Ар╖П р╢╕р╢║р╖Т р╢Ер╢▒р╖Тр╖Ар╖П,politics
р╖Др╖Рр╢пр╖Фр╖Ар╖Ъ..... р╢┤р╖Фр╢Ъ р╢нр╢╕р╢║р╖Т,politics
р╢Ер╢йр╖Э р╢╢р╖Цр╢╗р╖Фр╖Ар╖П р╢Т р╖Ар╢Ьр╖Ър╢╕р╢║р╖Т ЁЯдгЁЯдг,politics
р╢╢р╖Ър╢╗р╖Ъ р╖Ар╖Рр╖Ар╖Щр╢▒р╖К р╢▒р╖Пр╢▒р╖Кр╢▒ р╢║р╢╕р╖Ф,politics
р╢╢р╖Ър╢╗р╖Щ р╖Ар╖Рр╖Ар╖Ъ ... р╢Жр╢▒р╖Кр╢йр╖Фр╖Ар╢Ър╖К.. ЁЯШВЁЯШВЁЯШВ,politics
р╢Ср╢▒ р╢Ър╖Ър╢▒р╖Кр╢нр╖Тр╢║ р╢Хр╢Ър╖П р╢пр╢▒р╖Кр╢▒р╖Ар╢▒р╢╕р╖К.,politics
Ayiyoo р╢╜р╖Ъ р╢╗р╢нр╖К р╢Ър╢╗р╢▒р╖Кр╢▒ р╢Ср╢┤р╖П  ЁЯЦд,politics
р╖Др╢╗р╢Ър╖К р╢╕р╖Гр╖К р╢Ър╢▒р╖Кр╢▒р╖Рр╢нр╖Т р╖Др╢▒р╖Кр╢п р╢╕р╢╗р╢╜ р╖Ар╖Рр╢йр╢Ър╖К р╢▒р╖С,politics
р╢┤р╖Ф ....р╢нр╢╕р╖ПЁЯШЗЁЯШЗ,politics
р╢╕р╖Эр╢й р╢╢р╢║р╖Тр╢║р╖Э........,politics
р╢пр╢Ър╖Тр╢▒ р╢Ър╖Ьр╢зр╢нр╖К  р╢нр╢╗р╖Др╖П р╢║р╢▒р╖Ар╖П ....,politics
р╢╕р╖Цр╖Гр╢╜р╢║р╖П,politics
р╢╕р╖Щр╢║р╖Пр╢╜р╖П р╢Ър╖Ьр╖Др╖Щр╢▒р╖Кр╢п р╢▒р╖Пр╖Ар╢▒р╖Кр╢▒р╖Ъ,politics
роорпВроЯрпИропро┐ро▓ родрооро┐ро┤рпН роЗро░рпБроирпНродро╛ родро┐ройрпНройрпБро╡ро╛роЩрпНроХро│ро╛ ЁЯЩД,ethnicity
Appa ithu vera vaya ? Sticker otura group ingeyum iruka ?,ethnicity
рокроЩрпНроХрпАроЯрпНроЯрпБ роЕроЯрпНроЯрпИроп родрпБро╛роЪрпБродроЯрпНроЯрпБро╡роорпН,ethnicity
Nakkal Thane ЁЯФе,other
ЁЯСЩЁЯСЩЁЯСЩ,politics
ЁЯШБЁЯШБЁЯШБЁЯШБ\nр╢Ер╢Вр╢Ьр╖Ьр╢й р╢Йр╢▒р╖Кр╢▒ р╢Хр╢▒р╖П р╢Лр╢▒р╖К р╢┤р╖Пр╢╗р╖Кр╢╜р╖Тр╢╕р╖Ър╢▒р╖Кр╢нр╖Ф р╢║р╖Рр╖Ар╖Кр╖А р╢Ер╢┤р╖Цр╢╗р╖Ф р╢╕р╖Тр╢▒р╖Тр╖Гр╖Фр╢▒р╖К р╢Йр╢▒р╖Кр╢▒ р╢╗р╢зр╢Ър╖К р╢╕р╖Ър╢Ъ,politics
р╢╕р╖Фр╢В р╢пр╖Рр╢Ър╢нр╖К р╢Ер╢┤р╖Кр╢┤р╖Тр╢╗р╖Тр╢║р╢║р╖Т ЁЯдоЁЯдо,politics
р╢╢р╖Щр╢╗р╖Щ р╢Ьр╢Ьр╢з р╢пр╖Пр╢╜р╖П р╢▒р╖Пр╖Ар╢╜р╖П р╢Ьр╢▒р╖КтАНр╢▒ р╖Ар╢зр╖Ур╢▒ <cm> р╖Др╖Ьр╢╗р╖Ур╢Ър╢йр╢║р╖Ь,politics
Evana kolanum ponda my nsmpar any hlp call 0775757290,other
please stop this type of thing<cm><cm><cm><cm>promise must kill him in public...not only him his total family to be killed.inshall sister u will get a get life ..ameen allah will bless u allways<cm>,other
Plz iwanta details thanga.nan qatatla work pantran.periya grop ondu iruku dont worry,other
роЗродрпБ роЙрогрпНроорпИропрпЖройрпНро▒ро╛ро▓рпН роЕро╡ройрпИ роХрогрпНроЯ роЗроЯродрпНродро┐ро▓рпН ро╡рпЖроЯрпНроЯро┐ рокрпЛроЯрпБроЩрпНроХро│рпН.,other
Avanuku peemutti adikanum munjila,other
Awenku enna nadaka powdhandu paruga,other
Iven pattri therinthavarhal udan ivenudaye FB Id<cm> home address<cm> pictures inai pahiranga paduththi inthe girl ku uthavungel,other
adei pundayandi nee unmaya love panni irunda onda pondatiku ippadi seiwiya kallaa naaye,other
Awalaiyum serthu kondu podunga..,other
Not in Sri Lanka!! Let them live but no legal rights! ItтАЩs a sickness and mess up our new generation.,gender
Well done.... We also support LGHDTV+,gender
A burning issue at the moment ЁЯШВтАж,gender
The most important matter of SL right now..,gender
We can expect some dollars If we could resolve this LGBT problem in sri Lanka ЁЯдгЁЯШВ,gender
роЕро╡ройро╛ роирпА?,gender
Pls tag pons,gender
The country<sq>s serious issue now.,gender
Wow this guy is living in another planet ЁЯШВ,gender
роЬрпАро╡ройрпБроорпН рокрпКроЯро┐ропройрпН роХрпЗро╕ро╛,gender
Ipo ithu mukiyam thana?,gender
Yarda neengal val gamma oka,gender
Naattula evlav problem. Idhula Ivanval ennadanda,gender
When poor state workers dying without food and medicine they are discussing marriage and sexual rights and constitutional reforms .,gender
рокро╛ро╡ро╛роЯрпИ ройрпБ роирпЖройроЪрпНроЪро┐роЯрпНроЯройрпН,other
<dq>роЙроЩрпНроХро│рпБроХрпНроХрпБ роиройрпНроорпИропрпЛ<cm> родрпАроорпИропрпЛ роЪрпЖропрпНропроЪрпН роЪроХрпНродро┐ропро▒рпНро▒ро╡ро▒рпНро▒рпИропро╛ ро╡рогроЩрпНроХрпБроХро┐ро▒рпАро░рпНроХро│рпН? (роХрпБро░рпНроЖройрпН 21:66). роЕро▓рпНро▓ро╛ро╣рпНро╡рпБроХрпНроХрпБроорпН роХрпВроЯ роЗродрпБ рокрпКро░рпБроирпНродрпБроорпН!\nроЕро▓рпНро▓ро╛ро╣рпНро╡рпБроорпН роТро░рпБ рокрпЛро▓ро┐роХрпН роХроЯро╡рпБро│рпЗ.,religion
родрпАроорпИ роЪрпЖропрпНро╡родрпИ роОродрпБроХрпНроХрпБ ро╡рогроЩрпНроХройрпБроорпН ЁЯдФЁЯдФ,religion
ро▓рпВродрпН роирокро┐роЯ рокро░роорпНрокро░рпИро▓ роЗро░рпБроирпНродрпБ ро╡роирпНродро┐ро░рпБрокрпНрокро╛ройрпЛЁЯШнЁЯШЦЁЯШк,gender
Now srilanka increasing pm. Master,gender
роХро╛роЯрпНроЯрпБрооро┐ро░ро╛рогрпНроЯро┐роХро│ро┐роЯроорпН роЪрпКро▓рпНро▓ро┐ рокропройро┐ро▓рпНро▓рпИ \nроЗро╡ро░рпНроХро│рпН рокропроЩрпНроХро░ро╡ро╛родро┐роХро│рпН \nроЗрокрпНрокроЯро┐родрпНродро╛ройрпН роЗро░рпБрокрпНрокро╛ро░рпНроХро│рпН,religion
роорпБродро▓ро┐ро▓рпН роТройрпНрой родрпАроХрпНроХрпБ роЗро░рпИропро╛роХрпНроХройрпБ роиро┐ роЗройродрпНродро┐ройрпН родрпБро░рпЛроХро┐ ро▒ро╛ро╕рпНроХро│рпН,politics
ЁЯСЮродро╛ роХро┐роЯрпИроХрпНроХрпБроорпН,politics
роХрпКро┤рпБроорпНрокро┐ро▓рпН роУро▓рпН рокро╛родрпНрод роорпИройро┐ роТро░рпБро╡ро░рпБроХрпНроХрпБ родро░рооро╛рой роЪроорпНрокро╡роорпН \n\nро╡рпАроЯро┐ропрпЛ роЗройрпНрокрпКроХро╕рпНро╕ро┐ро▓рпН роХро┐роЯрпИроХрпНроХрпБроорпН only  20+,other
роорпИроХрпНроХ роХрогрпНроЯродрпБроорпН роХрогрпНроЯродрпИ рокрпЗроЪрпБро▒родрпБ,politics
Saarayathuku.oddupodurathukal.eallam.makela.veeravasanam.peasuthukal,politics
роЗроирпНродро┐ропро░рпНроХро│рпН роЗроирпНродро┐ропро╛ро╡ро┐роЯроорпН роХрпЗроЯрпНроХро╡рпБроорпН роЕро▓рпНро▓родрпБ роЙроЩрпНроХро│рпН ро╡рпАроИроИроИро░ройрпН роорпБро░ро│ро┐  ро░ро╛роРрокроХрпНроЪ роиройрпНрокройрпН роЕро╡ро░ро┐роЯроорпН,politics
Amma orlicks.. ellam onduthanЁЯШб,politics
Paithiyam evanungalukku,politics
Ungkalai pola pullai illaathavanuku kastram illai ellaam seyvingka,politics
I hate this misogyny monks. respect your mother first ЁЯС╣ЁЯС╣ЁЯС╣,religion
Some of this тАЬmonksтАЭ downright hate women.,religion
Fire ЁЯФе panni vittudonum,politics
роиро╛роЯрпНроЯрпБро▓ роЗро░рпБроХрпНроХрпБро▒ роиро╛ропрпНроХро│рпНроЯ рокро┐ро░роЪрпНроЪройрпИро▓ роЗроирпНрод роиро╛ропрпНроЯ рокро┐ро░роЪрпНроЪрой ро╡рпЗро▒....ЁЯШВ,gender
Yamaha роХроЯрпБроорпН рокро╡ро░рпН bro Yamaha ve роироорпНроородро╛ройрпН роХрпБро▒рпИропро┐роХрпНроХрогрпБроорпН роЗро▓рпНро▓ро╛роЯрпНроЯро┐ роиро▓рпНро▓ро╛ рокро╡ро░рпН роЖро╣рпН рокрпЛро╡ро╛роЩрпНроХ роХро╛роХрпНроХро╛,gender
роЗро╡рпНро╡ро╛ро▒ро╛рой  ро╡рпЗро▓рпИ роЪрпЖропрпНродро╡ро░рпНроХро│рпБроХрпНроХрпБ  роЪроирпНродро┐ропро┐ро▓ роХроЯрпНроЯро┐ роХро▓рпН роОро▒ро┐роп  ро╡рпЗрогрпНроЯрпБроорпН,gender
роХро┐ро┤роЯрпНроЯрпБ ро╡ропроЪро┐ро▓рпН 9 ро╡ропроЪрпБроХрпН роХрпКро┤роирпНродрпИропрпИ ро░рпЗрокрпН рокрогрпНрогро┐ройро╛ропрпЛроХрпНроХро┐ропрокрпН рокропро▓ро┐роЯроорпН роЗро░рпБроирпНродрпБ роОройрпНрой роЕро▒ро┐ро╡ро┐ропро▓рпИ роОродро┐ро░рпНрокро╛ро░рпНроХрпНроХ роорпБроЯро┐ропрпБроорпН?,religion
роироорпНрокрпБро░рооро╛родро┐ро░ро┐ роХродрпИроЩрпНроХ родроорпНрокро┐ роЗро╡ро┤ро╡рпБроиро╛ро┤рпБроорпН роХрпЛрооро╛ро╡ро╛,politics
Ivanuga ellathavum nadu rotula vachi vettanum,politics
роирпА роОродрпНродройрпИ роХрпЛроЯро┐,politics
Ivan sinna. Ranil,politics
Poda saiko,religion
Ootuku was solran,religion
роХро┐ро┤роЯрпНроЯрпБ ро╡ропроЪро┐ро▓рпН роХрпКро┤роирпНродрпИропрпИ ро░рпЗрокрпН рокрогрпНрогро┐рой роЕропрпЛроХрпНроХро┐ропрокрпН рокропро▓ро╛ро▓рпН роЙро▓роХроорпЗ роЪрооро╛родро╛ройродрпНродрпИ родрпКро▓рпИродрпНродрпБ роиро┐ро▒рпНроХро┐ро▒родрпБ.,religion
роОродрпБ роЬро╛ро╣ро┐ро▓ро┐ропро╛роХрпН роХро╛ро▓роорпН?\n.\n.\nроЕро░рпЗрокро┐ропро╛ро╡ро┐ро▓рпН роорпБро╣роорпНроородрпБ роирокро┐ роЗро╕рпНро▓ро╛родрпНродрпИрокрпН рокрпЛродро┐рокрпНрокродро▒рпНроХрпБ роорпБро▒рпНрокроЯрпНроЯ роХро╛ро▓родрпНродрпИ роЬро╛ро╣ро┐ро▓ро┐ропро╛ (роЕро▒ро┐ропро╛роорпИ / роороЯроорпИ)роХрпН роХро╛ро▓роорпН роОройрпНроХро┐ройрпНро▒родрпБ роЗро╕рпНро▓ро╛роорпН. роорпБро╣роорпНроородрпБ роирокро┐ роЗро╕рпНро▓ро╛родрпНродрпИрокрпН рокрпЛродро┐рокрпНрокродро▒рпНроХрпБ роорпБро▒рпНрокроЯрпНроЯ роХро╛ро▓родрпНродро┐ро▓рпН ро╡ро╛ро┤рпНроирпНрод роЕро░рокро┐роХро│рпН роороЯроорпИропро┐ро▓рпБроорпН<cm> роЗро░рпБро│ро┐ро▓рпБроорпН<cm> роЕро▒ро┐ропро╛роорпИропро┐ро▓рпБроорпН ро╡ро╛ро┤рпНроирпНродро╛ро░рпНроХро│рпН роОройрпНро▒рпБроорпН роЪрпКро▓рпНроХро┐ройрпНро▒родрпБ роЗро╕рпНро▓ро╛роорпН. роорпБро╣роорпНроородрпБ роирокро┐родро╛ройрпН роЕроирпНрод роороХрпНроХро│рпБроХрпНроХрпБ роЕро▒ро┐ро╡рпИропрпБроорпН<cm> роиро▓рпНро▓рпКро┤рпБроХрпНроХроЩрпНроХро│рпИропрпБроорпН роХро▒рпНро▒рпБроХрпН роХрпКроЯрпБродрпНродро╛ро░рпН роОройрпНро▒рпБ роорпБро╣роорпНроородрпБ роирокро┐ропрпИрокрпН рокрпЛро▒рпНро▒ро┐рокрпН рокрпБроХро┤рпНроХро┐ройрпНро▒ро╛ро░рпНроХро│рпН роЗро╕рпНро▓ро╛рооро┐роп роЕро▒ро┐роЮро░рпНроХро│рпН. \n.\n.\n.\nроЕройрпНро▒рпИроп роЬро╛ро╣ро┐ро▓ро┐ропродрпН (роЕро▒ро┐ропро╛роорпИ / роороЯроорпИ) роЕро░рпЗрокро┐ропро╛ро╡ро┐ро▓рпН ро╡ро╛ро┤рпНроирпНрод рокрпЖро░ро┐роп рооройро┐родро░рпНроХро│ро┐ро▓рпН роТро░рпБро╡ро░ро╛ро╡родрпБ 50 ро╡ропродрпБ родро╛рогрпНроЯро┐роп рокро┐ройрпН 6 ро╡ропродрпБроХрпН роХрпБро┤роирпНродрпИропрпИродрпН родро┐ро░рпБроорогроорпН роЪрпЖропрпНродродро▒рпНроХрпЛ<cm> 55 ро╡ропродрпБ родро╛рогрпНроЯро┐роп рокро┐ройрпН 9 ро╡ропродрпБроХрпН роХрпБро┤роирпНродрпИропрпБроЯройрпН ро╡ройрпНрокрпБрогро░рпНро╡рпБ роЪрпЖропрпНродродро▒рпНроХрпЛ роТро░рпБ роЖродро░рооро╛ро╡родрпБ роЙрогрпНроЯро╛? \n.\n.\n.\nроЕройрпНро▒рпИроп роЬро╛ро╣ро┐ро▓ро┐ропродрпН (роЕро▒ро┐ропро╛роорпИ / роороЯроорпИ) роЕро░рпЗрокро┐ропро╛ро╡ро┐ро▓рпН ро╡ро╛ро┤рпНроирпНрод роОроирпНрод роТро░рпБ роХрпЛродрпНродро┐ро░родрпН родро▓рпИро╡ро░ро╛ро╡родрпБ роХрпВроЯрпНроЯродрпНродрпБроЯройрпН роЪрпЖройрпНро▒рпБ роХрпКро│рпНро│рпИропроЯро┐родрпНродрпБ<cm> роЕродро┐ро▓рпН родройроХрпНроХрпБ 20% рокроЩрпНроХрпБ роХрпЗроЯрпНроЯродро▒рпНроХрпБ роТро░рпБ роЖродро╛ро░рооро╛ро╡родрпБ роЗро░рпБроХрпНроХро┐ройрпНро▒родро╛? \n.\n.\n.\nроЗро╕рпНро▓ро╛роорпН роЪрпКро▓рпНро▓роХрпН роХрпВроЯро┐роп роЬро╛ро╣ро┐ро▓ро┐ропро╛роХрпН роХро╛ро▓родрпНродро┐ро▓рпН роХродрпАроЬро╛ роОройрпБроорпН рокрпЖрогрпН ро╡ро┐ропро╛рокро╛ро░ро┐ рокрпЖро░рпБроорпН роЪрпЖро▓рпНро╡роЪрпН роЪрпАрооро╛роЯрпНроЯро┐ропро╛роХ ро╡ро╛ро┤рпНроирпНродрпБ роЗро░рпБроХрпНроХро┐ройрпНро▒ро╛ро░рпН<cm> роЕро╡ро░рпН родройродрпБ роорпВройрпНро▒ро╛ро╡родрпБ роХрогро╡ро░ро╛роХ роЕроиро╛родрпИропро╛роХ ро╡ро╛ро┤рпНроирпНрод роорпБро╣роорпНроородрпБ роОройрпБроорпН роЗро│рпИроЮройрпИродрпН родрпЖро░ро┐ро╡рпБ роЪрпЖропрпНродрпБ роТро░рпБ роЕроиро╛родрпИроХрпНроХрпБ ро╡ро╛ро┤рпНро╡рпБ роХрпКроЯрпБродрпНродрпБ роЗро░рпБроХрпНроХро┐ройрпНро▒ро╛ро░рпН. родро╛ройрпН роЙропро┐ро░рпЛроЯрпБ роЗро░рпБроирпНрод роХро╛ро▓роорпН роороЯрпНроЯрпБроорпН (роЪрпБрооро╛ро░рпН 25 ро╡ро░рпБроЯроЩрпНроХро│рпН) родройродрпБ роорпВройрпНро▒ро╛ро╡родрпБ роХрогро╡ройрпН роорпБро╣роорпНроородрпБ роЗройрпНройрпКро░рпБ рокрпЖрогрпНрогрпИродрпН родро┐ро░рпБроорпНрокро┐роХрпН роХрпВроЯ рокро╛ро░рпНроХрпНроХ роорпБроЯро┐ропро╛род роЕро│ро╡рпБ роЖро│рпБроорпИ роЙро│рпНро│ро╡ро░ро╛роХ роЗро░рпБроирпНродро┐ро░рпБроХрпНроХро┐ройрпНро▒ро╛ро░рпН. роорпБро╣роорпНроородрпБ роирокро┐ роЗро╕рпНро▓ро╛родрпНродрпИрокрпН рокрпЛродро┐роХрпНроХ роЖро░роорпНрокро┐родрпНрод рокро┐ройрпНройро░рпН<cm> роЕро╡ро░рпН роЙро░рпБро╡ро╛роХрпНроХро┐роп роЕро╡ро░родрпБ роЗро╕рпНро▓ро╛рооро┐роп роЪроорпВроХродрпНродро┐ро▓рпН<cm> роЬро╛ро╣ро┐ро▓ро┐ропро╛роХрпН роХро╛ро▓родрпНродрпБ роХродрпАроЬро╛ро╡рпБроХрпНроХрпБ роТрокрпНрокро╛рой роТро░рпБ роЪрпЖро▓рпНро╡роЪрпН роЪрпАрооро╛роЯрпНроЯро┐ропро╛рой ро╡ро┐ропро╛рокро░рокрпН рокрпЖрогрпНрогрпИ<cm> роЖро│рпБроорпИропрпИроХрпН роХро╛роЯрпНроЯ роорпБроЯро┐ропрпБрооро╛?\n.\n.\n.\nроЬро╛ро╣ро┐ро▓ро┐ропро╛роХрпН роХро╛ро▓родрпНродрпБ роЕро░рокро┐роХро│рпН рокрпЖрогрпН роХрпБро┤роирпНродрпИ рокро┐ро▒роирпНродро╛ро▓рпН роЙропро┐ро░рпЛроЯрпБ рокрпБродрпИродрпНродрпБ ро╡ро┐роЯрпБро╡ро╛ро░рпНроХро│рпН<cm> роорпБро╣роорпНроородрпБ роирокро┐ропро┐ройрпН роЗро╕рпНро▓ро╛роорпН родро╛ройрпН роЕродройрпИродрпН родроЯрпИ роЪрпЖропрпНродрпБ рокрпЖрогрпН роХрпБро┤роирпНродрпИроХро│рпИроХрпН роХро╛рокрпНрокро╛ро▒рпНро▒ро┐ропродрпБ роОройрпНро▒рпБ роЗро╕рпНро▓ро╛рооро┐роп роЕро▒ро┐роЮро░рпНроХро│рпН ро╡ро░ро▓ро╛ро▒рпБ роЪрпКро▓рпНро╡ро╛ро░рпНроХро│рпН. роЕройрпНро▒рпИроп роЕро░рокро┐роХро│рпН рокрпЖрогрпН роХрпБро┤роирпНродрпИроХро│рпН рокро┐ро▒роирпНродро╛ро▓рпЗ роЙропро┐ро░рпЛроЯрпБ рокрпБродрпИродрпНродрпБ ро╡ро┐роЯрпБро╡ро╛ро░рпНроХро│рпН роОройрпНро▒рпБ роЗро╕рпНро▓ро╛роорпН роЪрпКро▓рпНро╡родрпБ роЙрогрпНроорпИропро╛роХ роЗро░рпБроирпНродро╛ро▓рпН<cm> роорпБро╣роорпНроородрпБ роирокро┐роХрпНроХрпБ 11 рооройрпИро╡ро┐роХро│рпН<cm> роЕро╡ро░родрпБ роЪроорпВроХродрпНродрпБ роПройрпИроп роЖрогрпНроХро│рпБроХрпНроХрпБ 4 ро╡ро░рпИропро╛рой рооройрпИро╡ро┐роХро│рпН<cm> роорпЗро▓рпБроорпН ро╡ро░рпИропро▒рпИ роЗро▓рпНро▓ро╛род роОрогрпНрогро┐роХрпНроХрпИропро┐ро▓рпН рокро╛ро▓ро┐ропро▓рпН роЕроЯро┐роорпИроХро│рпН роОройрпНро▒рпБ ро╡рпИродрпНродрпБроХрпН роХрпКро│рпНро│ роЕро╡рпНро╡ро│ро╡рпБ рокрпЖро░рпБроорпН роОрогрпНрогро┐роХрпНроХрпИропро╛рой рокрпЖрогрпНроХро│рпН роОроЩрпНроХро┐ро░рпБроирпНродрпБ рокрпЖрогрпНроХро│рпН ро╡роирпНродро╛ро░рпНроХро│рпН? \n.\n.\n.\nроЗро╕рпНро▓ро╛родрпНродро┐ро▓рпН роЗрогрпИроирпНродрпБ роЗро╕рпНро▓ро╛родрпНродро┐ро▒рпНроХро╛роХро╡рпБроорпН<cm> роХрпКро│рпНро│рпИропроЯро┐рокрпНрокродро▒рпНроХро╛роХро╡рпБроорпН  рокрпЛро░ро╛роЯро┐ роХрпКро▓рпНро▓рокрпНрокроЯрпБро╡родрпИ роорпБро╣роорпНроородрпБ роирокро┐ роКроХрпНроХрпБро╡ро┐родрпНродро╛ро░рпН<cm> рооро░рогродрпНродро┐ройрпН рокро┐ройрпН роЪрпЖроХрпНро╕рпН роЪрпЖропрпНро╡родро▒рпНроХро╛роХ рооро╛ро░рпНрокрпБ рокро░рпБродрпНрод роХройрпНройро┐рокрпН рокрпЖрогрпНроХро│рпИ роЪрокрпНро│рпИ роЪрпЖропрпНро╡родро╛роХроХрпН роХрпВро▒ро┐ роЖро│рпН роЪрпЗро░рпНродрпНродро╛ро░рпН. роЗро╕рпНро▓ро╛родрпНродро┐ро▒рпНроХрпБ роорпБроирпНродрпИроп роЬро╛ро╣ро┐ро▓ро┐ропро╛роХрпН роХро╛ро▓родрпНродро┐ро▓рпН ро╡ро╛ро┤рпНроирпНрод роОроирпНрод роТро░рпБ роЕро░рпЗрокро┐роп роХрпЛродрпНродро┐ро░родрпН родро▓рпИро╡ро░ро╛ро╡родрпБ роОродрпИропро╛ро╡родрпБ роЪро╛родро┐родрпНродрпБроХрпН роХрпКро│рпНро│ 72 роХройрпНройро┐рокрпН рокрпЖрогрпНроХро│рпИ роЪрокрпНро│рпИ роЪрпЖропрпНро╡родро╛роХ ро╡ро╛роХрпНроХро│ро┐родрпНродродро▒рпНроХрпБ роЖродро╛ро░роорпН роЙро│рпНро│родро╛?\n.\n.\n.\nроорпЗро▓рпЗ роХрпЗроЯрпНроХрокрпНрокроЯрпНроЯрпБро│рпНро│ 5 роХрпЗро│рпНро╡ро┐роХро│рпБроХрпНроХрпБроорпН роЖродро╛ро░рокрпВро░рпНро╡рооро╛роХрокрпН рокродро┐ро▓рпН роХро┐роЯрпИроХрпНроХрпБрооро╛?\n.\n.\nроЙрогрпНроорпИропро╛рой роЬро╛ро╣ро┐ро▓ро┐ропродрпН<cm> роЕро▒ро┐ропро╛роорпИ<cm> роороЯроорпИ<cm> роПрооро╛ро▒рпНро▒рпБ роОродрпБ<cm> роЕродройрпИ роЙро░рпБро╡ро╛роХрпНроХро┐ропродрпБ ропро╛ро░рпН роОройрпНрокродрпИ роЪро┐роирпНродро┐ропрпБроЩрпНроХро│рпН.,religion
роЙроЩрпНроХро│рпИ роОройрпНройро╡рпЛ роОройрпНро▒рпБ роиро┐ройрпИродрпНродрпЛроорпН.... роЗро▒рпБродро┐ропро┐ро▓рпН роирпАроЩрпНроХро│рпБроо....,politics
роЕроЯрпЗ роЗроирпНрод рокро┐ро░роЪрпНроЪройрпИроХрпНроХрпБ ро▒рпН роородроорпН родрпЗро╡рпИропро╛.,ethnicity
роЪро┐роЩрпНроХро┤ро╡ро░рпНроХро│рпЗ роЕроЯрпБродрпНрод роЖрокрпНрокрпБродрооро┐ро┤ро░рпНроХро│рпНроЕро┤рпНро┤,ethnicity
рокрпБродрпНрод рокро┐роХрпНроХрпБроХро│рпН родро┐рооро┐ро░рпН рокро┐роЯро┐родрпНродро╡ройрпН,ethnicity
Islamian only support gotta give support 21. All drama. We are  gabeer. Moodaiyankal,ethnicity
Aadiya aattameenna,politics
Annada bye Kati anupuringa,politics
Two years  not enough... life long ulla  thallanum  vesiya.  Enna  aaddam  poddazh  vesi.,politics
роЕроЯрпБродрпНрод родрпЗро░рпНродро▓ро┐ро▓рпН ро╡рпЗроЯрпНрокро╛ро│ро░рпН,politics
роХро│рпНро│ роХрпВроЯрпНроЯроорпН,politics
роЗродрпБ роороЯрпНроЯрпБрооро▓рпНро▓ роЗройрпНройрпБроорпН роЕройрпБрокро╡ро┐рокрпНрокро╛ройрпН.,politics
роЙроЩрпНроХро│рпН роЪрпЗрогро▓рпИрокрпНрокро╛ро░рпНродрпНродро╛ро│рпН роЯрокрпНрокройрокройроорпНроЕрогрпБрокрпНрокрпБроЩрпНроХро│рпНроороЯрпНроЯрпБроорпНродро╛ройрпН ро╡ро┐ро┤роЩрпНроХрпБродрпБ родро┤ро┐ро┤роХрпЗро╡ро┤рокрпНрокроЯрпБродрпНродро╛родро┐ро░рпНроХро│рпН,ethnicity
роорпБро╣роорпНроородрпБ роирокро┐ропро┐роЯроорпН роЕро┤роХро┐роп роорпБройрпНрооро╛родро┐ро░ро┐ роЗро░рпБрокрпНрокродрпБ роЙрогрпНроорпИ роОройрпНро▒ро╛ро▓рпН 6 ро╡ропродрпБ роХрпБро┤роирпНродрпИропрпИродрпН родро┐ро░рпБроорогроорпН роЪрпЖропрпНродродрпБроорпН роЕро┤роХро┐роп роорпБройрпНрооро╛родро┐ро░ро┐ропро╛?,religion
роЗро╡ройрпН ропро╛ро░ро╕рпВро▓рпБро▓рпНро▓ро╛ро╣рпНро╡рпИ рокро┐рогроорпН роОройрпНро▒рпБ роЪрпКройрпНрой роиро╛ропрпН ЁЯдмЁЯдмЁЯдмЁЯдмЁЯдм,religion
роЗро╡ройрпН рокрпКройрпНрокрпБроЯро┐ропройрпН рокрпКройрпНро╕рпН роЕродрпНродрпБро▓рпН ро╣роорпАродрпН ро╖ро░ропро┐ ЁЯШб,religion
Haraami seithaan kitta poi vilakkam kayttaal eppady than solluwaan .....genetically corrupted  haraami number one ....,religion
Ponnayan,religion
Yaarda vahhabi naaya arijarhal,religion
рокропрокрпБро│рпНро│ роЪрпКро░рпНроХродрпНродрпБроЯрпИроп роироорпНрокро░ роОро▓рпНро▓ро╛роорпН роХрогрпНроЯрпБ рокрпБроЯрпБроЪрпНроЪрпБ рокрпЗроЪро┐ роЗро░рпБроХрпНроХро╛ройрпЗ,religion
роХрпЗро╡ро▓рооро╛рой рооройро┐родройро┐роЯроорпН роХрпЗро╡ро▓рооро╛рой роорпБройрпНрооро╛родро┐ро░ро┐ропрпЗ роЗро░рпБроХрпНроХрпБроорпН.,religion
роЗро╡ройрпН рокрпЖропро░рпН рокропро╛ро╕рпН роЗро╡ройрпН роТро░рпБ рокрпКроЯро┐ропройрпН рооро╛ро╕рпНроЯрпНроЯро░рпН роЗро╡ройрпН роорпБроХроирпВро▓рпН роКроЯро╛роХ ро╡роЯро┐ро╡ро╛рой рокрпКроЯро┐ропрооро╛ро░ рокро╛родрпНродрпБ роорпЖроЪроЮрпНроЪро░рпНро▓ рокрпЛропрпН роЯрпЛроХрпН рокрпЛроЯрпНроЯрпБ родройрпНро╡роЪрокрпНрокроЯрпБродрпНродро┐ ро▒рпВроорпН рокрпЛроЯрпБроХро┐ройрпНро▒ро╛ройрпН..роЗро╡ройрпИ рокрпКро▓ро┐ро╕рпН роиро┐ро▓рпИропродрпНродро┐ро▓рпБроорпН роорпБро▒рпИрокрпНрокро╛роЯрпБ роЪрпЖропрпНропрокрпНрокроЯрпБроЯрпНроЯрпБ роЗро░рпБроХрпНроХро┐ройрпНро▒родрпБ. роЗроирпНрод роХро│ро┐роЪро▒рпИ рокро▒рпНро▒ро┐роп роорпЗро▓родро┐роХ ро╡ро┐рокро░роЩрпНроХро│рпН  рокро┐ройрпНройро░рпН роЕро▒ро┐ро╡ро┐роХрпНроХрокрпНрокроЯрпБроорпН,gender
роЗро╡ро░рпБ рокрпКроЯро┐ропройро╛ роЗро░рпБроирпНродрпБ рооро╛ро╕рпНроЯро░рпН роЖройрпИропро╛ роЗро▓рпНро▓ роЯрпЖро░рпЖроХрпНроЯро╛ рооро╛ро╕рпНроЯро░рпН роЖроХро┐ройропро╛ родроорпНрокро┐..ЁЯШВ,gender
Ali bai,gender
роЗродрпБ роОройрпНройрпЗ рокрпКро┤рокрпНрокрпБроЯ роЗродрпБроХрпБ рокрпЗроЪро╛роо рокрпА ропро╛ роЕро│рпНро│ро┐ родро┐рогрпНрогро▓ро╛ роорпЗ,gender
роХро╛роХрпНроХро╛ роЗройрпНро▒рпБ роорпЗ 17 роЪро░рпНро╡родрпЗроЪ ро░рпАродро┐ропро╛роХ роЗроирпНрод  9роорпН роирпКроорпНрокро░рпН роЖроЯрпНроХро│рпБроХрпНроХрпБ роТродрпБроХрпНроХрокрпНрокроЯрпНроЯ роЪро░рпНро╡родрпЗроЪ родро┐ройроорпН  роРроХрпНроХро┐роп роиро╛роЯрпБроХро│рпН роЪрокрпИропрпЗ роЕро▒ро┐ро╡ро┐родрпНродрпБ роЙро│рпНро│родрпБ роОродрпБроХрпНроХрпБроорпН рокро╛ро░рпНродрпНродрпБ роЪрпЖропрпНропрпБроЩрпНроХ,gender
Veru muraikalil anukalam \nOruvarutaiye  kuraikalai allah veli patuthe solle villai,gender
Kaaka kavenem ungede alehe paarthu ungeliyum koopudruvaan ЁЯШДЁЯШВ,gender
роХро╛рооро╡рпЖро▒ро┐ропройрпИ роХро░рпНрооро╡рпАро░ройро╛роХ роирпЗроЪро┐роХрпНроХрпБроорпН роородро╡рпЖро▒ро┐,religion
роЕро▒рпИ ро╡рпЖроХрпНроХро╛роЯрпБ ро▓рпВроЪрпБ рокрпЖрогрпН,religion
9,gender
She s looking like MOMO,gender
I thought her aunty,gender
Embam body,gender
рокро╛ро░рпНроХрпНроХрпБро▒родрпНродрпБроХрпНроХрпБ роЕрокрпНрокроЯро┐ропрпЛ роОроЩрпНроХ роПро░ро┐ропро╛рокрпКроЯрпНроЯ роиро╛ропрпНрооро╛родро┐ро░ро┐ропрпЗ роЗро░рпБроХрпНроХро╛ропрпЗроЯро┐ЁЯдгЁЯдгЁЯдг,gender
Alaskan camel,gender
роЗродрпБ ро░рпЖро╛роорпНрок роорпБроХрпНроХро┐ропроорпН ЁЯджЁЯП╗тАНтЩВя╕ПЁЯджЁЯП╗тАНтЩВя╕ПЁЯджЁЯП╗тАНтЩВя╕П,gender
роХро╛роЮрпНроЪройро╛ рокрпЗропрпН,gender
9 роЗройрпНройрпБроорпН роЕро┤роХро╛роХ роЗро░рпБроХрпНроХрпБроорпН.,gender
Paithiyam,gender
thahara dappa,gender
200  rs  pothum ituku,gender
EeeeyaЁЯШнЁЯШнЁЯШнЁЯШнЁЯШн,gender
родро╛ропрпНро▓ро╛роирпНродрпБ рокроЯрпБ,gender
роЪро╡роорпН ЁЯШБ,gender
роХрпКро┤рпБроорпНрокрпБ рокро┐роЯроХрпКроЯрпНроЯрпБро╡рпЗ роРроЯроорпН,gender
1400 ро╡ро░рпБроЯроЩрпНроХро│рпБроХрпНроХрпБ роорпБройрпНройро░рпН роЕро░рпЗрокро┐ропро╛ро╡ро┐ро▓рпН роТро░рпБ роЖропро┐ро╖ро╛<cm> родро▒рпНрокрпЛродрпБ роЕроЯрпНроЯрпБро│рпБроХрооро╡ро┐ро▓рпН роЗройрпНройрпКро░рпБ роЖропро┐ро╖ро╛<cm> роЗроЯрпИропро┐ро▓рпЗ рооро┐ро▓рпНро▓ро┐ропройрпН роХрогроХрпНроХро╛рой роЖропро┐ро╖ро╛роХрпНроХро│рпН. роЪро┐ро▒рпБрооро┐роХро│рпИ роЪро┐ро▒рпБрооро┐роХро│ро╛роХ ро╡ро╛ро┤ ро╡ро┐роЯрпБ роХро╛роорпБроХройрпЗ!,religion
роЕро▓рпНро▓ро╛ро╣рпН ро╡ро╛?! роЗро▓рпНро▓ рооро╛рооро╛ ро╡ро╛?! роТро░рпБ роиро╛роХро░ро┐роХроорпН ро╡рпЗрогрпНроЯро╛рооро╛ роХрпЗроХрпНроХрпБро▒родрпБро▓?! роОройроХрпНроХрпБроорпН роЪрпЗро░рпНродрпНродрпБ роХрпЗро│рпН роЕрогрпНрогро╛..,religion
роЕродрпБродро╛ройрпЗ родрпКро┤ро┐ро▓рпЗ,religion
роирпАроЩрпНроХ рокрогрпНрогрпБрой роЬро┐роХро╛родро┐роп роХрпКро▓рпИроХро│рпИ рокрпКро▒рпБродрпНродрпБ !! ро╡ро╛ропрпНрокро┐ро░рпБроХрпНроХрпБ рокро╛ро╕рпН,religion
роЕро▓рпНро▓ро╛ро╣рпНроХрпНроХрпБ роЗродрпБродро╛ройрпН ро╡рпЗро▓рпИропро╛?,religion
Ivanum ice pavichi irkan pola,other
Loosu,other
ро▓рпВроЪрпБ роЗрокрпНрокрпЛ роОродрпБроХрпНроХрпБ роЪро░ро┐родрпНродро┐ро░ рокро╛роЯроорпН.рокро┐ро│рпНро│рпИропрпИ роХрпКройрпНро▒ро╡ройрпИ роХрогрпНроЯрпБ роЕро╡ройрпИ роКро░ро╡ро┐роЯрпНроЯрпЗ родрпБро░родрпНродрпБро░род ро╡ро┐роЯрпНроЯрпБ.,other
роорпБро╕рпНро▓рпАроорпН роородроорпН роЪрпКро▓рпНро▓рпБродро╛роорпН роородрпБ рооро╛родрпБ роХро░ро╛роорпН роОройрпНроЯрпБ роЕрокрпНрокрпЛ роЗро╡ро░рпБроХрпНроХрпБ роОрокрпНрокро┐роЯро┐ роЗроирпНрод рокрпКро░рпБро│рпН роХро┐роЯроЪрпНроЪ роЖроЖроЖ роиро▓рпНро▓ро╡ройро╛ роЗро░рпБроЩрпНроХ роЯро╛ роЖройро╛ роироЯро┐рокрпНрокрпБроХрпНроХро╛роХ роЗро░рпБроХрпНроХро╛родроЩрпНроХ,religion
ро▓рпВро╕рпНрооро╛родро┐ро░ро┐ рокрпЗроЪрпБро▒ рооро╛родро┐ро░ро┐ родрпЖро░ро┐ропрпБродрпЗ?,other
Hey loosu.. ayeshada appa ice kudikirathukum awrda magal seththadukum enna sambadam mental.,other
Iwan ye IPO ice ku promotion kudukran? ЁЯШВЁЯдг,other
Thotathu makkala muttalakiya sanniyan,politics
рооройроиро▓роХрпН роХрпЛро│ро╛ро▒рпБ роЙро│рпНро│ро╡ро░рпНроХро│рпИ роЖродро░ро┐рокрпНрокродрпБ роород роЕроЯро┐рокрпНрокроЯрпИро╡ро╛родро┐роХро│рпИ роЖродро░ро┐рокрпНрокродро▒рпНроХрпБ роЪроорооро╛роХроХрпН роХро░рпБродрпБроХро┐ро▒рпЗройрпН родро▓....,gender
роЗро╕рпНро▓ро╛родрпНродро┐ройрпН роЗро░рогрпНроЯро╛ро╡родрпБ роХро▓рпАрокрпН роТрооро░рпН роХрпВроЯ  роУро░ро┐ройроЪрпНроЪрпЗро░рпНроХрпНроХрпИропро╛ро│ро░рпН роОройрпНрокродрпБ роЗроЩрпНроХрпЗ роОродрпНродройрпИ рокрпЗро░рпБроХрпНроХрпБ родрпЖро░ро┐ропрпБроорпН,religion
Congratulations роородроорпН роХроЯро╡рпБро│рпН роОро▓рпНро▓ро╛ рокрпБ...роЯрпИропрпБроорпН рокрпКропрпНродрпНродро┐ройро┐рокрпНрокрпБ роХроЯро╡рпБро│рпБроорпН роЗро▓рпНро▓ роородроорпБроорпН роЗро▓рпНро▓...,religion
роЕроЯроЪрпНроЪрпА<cm> роЕро╡ройро╛ роирпАропро┐,gender
роХро┤рпБродрпНрод рокро┐роЯро┐роЪрпНроЪро┐ ро╡ро╛ропрпНро▓ ро░рогрпНроЯрпБ ЁЯСК рокрпЛроЯрпНроЯро╛ роЕроирпНродро╛ ро╡ро╛ропрпН роЕроорпИродро┐ропро╛роХрпБроорпНЁЯШЫ роЗро▓рпНро▓ройро╛ роиро▓рпНро▓ рокро┤рпБродрпНрод ЁЯМ╢ ро╡ро╛ропрпНро▓ ро╡роЪрпНроЪрпБ родрпЗропрпНроХройрпБроорпНЁЯШе\n\nЁЯШЫ,other
рокроЯро┐роЪрпНроЪ роХрпВроЯро┐ ЁЯдгЁЯдгЁЯдг,other
Yaruda ithu thirunangaya 9,gender
роХро┐ро┤ро╡ро┐,gender
рооройро┐родройрпБроХрпНроХрпБ роЙро│рпНро│рпЗ роОройрпНрой роЗро░рпБроХрпНроХрпБ роОройрпНро▒рпБ родрпЖро░ро┐ропро╛родрпБ.  рокрпКро▒рпБродрпНродрпБ роЗро░рпБроЩрпНроХро│рпН ро╡ро┐ро│роЩрпНроХрпБроорпН.,ethnicity
. роорпБродро▓ро┐ро▓рпН. рокрпВроЪро╛ро░ро┐роХрпНроХрпБроо роХрпЛро╡ро┐ро▓рпН роХрпБро░рпБроХрпНроХро▓рпБроХрпНроХрпБроо ро╡ро┐родрпНродро┐ропро╛роЪроорпН родрпЖро░ро┐роирпНродрпБ роХрпКро▓рпНро▓рпБроЩрпНроХро│рпН,ethnicity
роорпБродро▓рпН родрпБро╡рпЗроЪрооро╛роХ роЗро░рпБроирпНродро╛роЩрпНроХро▓рпН.  роЕро╡роЩрпНроХ ро│рпИро╡ро┐роЯрпНроЯропро╛ро░рпБроорпЗроЗро▓рпНро▓рпИроОройрпНро▒рпБроЗро░рпБроирпНродро╛роЩрпНроХро│рпН. роХро╡ройроорпН. роирпАроЩрпНроХ роОро▓рпНро▓ро╛ро░рпБроорпН роХро╛рокрпАро░рпН,ethnicity
роирпАроЩрпНроХро│рпН ро╡ро░рпИрокрпИ роорпБройрпНро╡рпИродрпНродро┐ро░рпБроирпНродро╛ро▓рпН роХро╛родрпНродро┐ро░рооро╛рой родро┐ро░рпБродрпНродрооро╛роХ роЗро░рпБроирпНродро┐ро░рпБроХрпНроХрпБроорпН роОрой? роХро╛роорпЖроЯро┐ родро╛ройрпН рокрпЛ... роЖрогро┐роп рокрпБроЯрпБроЩрпНроХ родрпЗро╡ро▓рпНро▓,politics
Anna poliyanathakkandu emarathenka(anna pirabakaran annava niniththupparunka)ithukala parththa aruvaruppa irukkuthu.,politics
роЬропро╛ роирпАроЩрпНроХ рокрпЛро▒ рокро╛родрпИ роиро▓рпНро▓ро╛ ро╡ро┐ро│роЩрпНроХрпБродрпБ  . роЕроЯрпБродрпНрод роорпБро▒рпИ родрпЖройрпНройро┐ро▓роЩрпНроХрпИропро┐ро▓ рокрпЛропрпН ро╡ро╛роХрпНроХрпБ роХрпЗро│рпБроЩрпНроХ .....\n\nро╡ро╛ро▒родрпБ рокрпЛро▒родрпБ роОро▓рпНро▓ро╛роорпН родрооро┐ро┤рой  рокрпИродрпНродро┐роп роХро╛ро░ройро╛ро╡рпЗ роиро┐ройрпИроЪрпНроЪро┐роЯрпНроЯро┐ро░рпБроХрпНроХро┐роЩрпНроХ роОрой,politics
роОройрпНрой рокрпБройрпНроЯ роЪрпЖропрпНродро┐ роЗродрпБ,ethnicity
Aunty ila patti ЁЯдг,gender
роЪрпЖродрпНродрпБ рокрпЛропрпНроЯро╛ ЁЯШЬ,politics
роорпБро╕рпНро▓рпАроорпН роЬрпВро╕рпН роХрпБроЯро┐роХрпНроХро╛роо роЪро┐ро▓ рокрпЗро░ро╛ро▓ роЗро░рпБроХрпНроХ роорпБроЯро┐ропро▓ рокрпЛро▓!,ethnicity
роЗро╡рпНро╡ро│ро╡рпБ родроЯро┐ропройрпН роХро│рпБроорпН роЪрпЗро░рпНроирпНродрпБ роЕроирпНрод роХрпБроЯрпБроорпНрокро┐ропройрпИ родройрпНрогрпАро░ро┐ро▓рпН роорпБроХрпНроХро┐ роОроЯрпБроХрпНроХ роорпБроЯро┐ропро╛родро╛?,religion
роЬро╛родро┐ ро╡рпЖро▒ро┐ рокро┐роЯро┐родрпНрод рокро┐ро░ро╛роорог ро╡рпЖро▒ро┐роиро╛ропрпНроХро│рпН,religion
\nроЕро╡ро░рпНроХро│рпН родрпЖро│ро┐ро╡ро╛роХ роорпБроЯро┐ро╡рпЖроЯрпБродрпНродрпБро│рпНро│ро╛ро░рпНроХро│рпН! \n\nрокродро┐ро╡рпБ рокрпЛроЯрпНроЯ роХрпВроорпБроЯрпНроЯрпИ роХрпЗройропройро┐ройрпН роЙро│ро▒ро▓рпБроХрпНроХрпБ роиро╛роорпН роПройрпН рокродро┐ро▓рпН родро░ройрпБроорпН,religion
роЙройроХрпНроХрпБ  роиро░роХ роирпЖро░рпБрокрпНрокрпБ  роХро╛родрпНродро┐ро░рпБроХрпНроХро┐ро▒родрпБ  роиро╛ропрпЗ,religion
роирпАроЩрпНроХро│рпН роЕройрпИродрпНродрпБ роХрпБро▒рпНро▒роЩрпНроХро│рпИропрпБроорпН роТро┤ро┐роХрпНроХ<cm> родроЯрпБроХрпНроХ<cm> роХрпБро▒рпИроХрпНроХ. роиро▓рпНро▓ роЪроЯрпНроЯроорпН роЪрпКро▓рпНро▓рпБроЩрпНроХ.  рокроХрпБродрпНродро▒ро┐ро╡рпБ роХрокрпЛродро┐роХро│рпЗ.,religion
роЗро▒рпИро╡ройро┐ройрпН родрпВродро░рпБроХрпНроХрпБ роЖро▒рпБ ро╡ропродрпБ рокрпЖрогрпН роХрпБро┤роирпНродрпИропрпИ 56 ро╡ропродрпБ рокрпБрогро░рпНро╡родрпБ родро╡ро▒рпБ роОройрпНро▒рпБ родрпЖро░ро┐ропро╡ро┐ро▓рпНро▓рпИ. роЗро╡ро░рпН роЗро▒рпИродрпНродрпВродро░рпН.\nроЗро▒рпИро╡ройрпН роЕро╡ро░рпБроХрпНроХрпБ роЕройрпБроородро┐ роЕро│ро┐родрпНродрпБро│рпНро│ро╛ро░рпН.\nроЕроирпНрод роЗро▒рпИро╡ройрпН роОро╡рпНро╡ро│ро╡рпБ рокрпЖро░ро┐роп роЕропрпЛроХрпНроХро┐ропройрпН рокро╛ро░рпБроЩрпНроХро│рпН,religion
роорпБро▒рпИ родро╡ро▒ро┐роп рокро╛ро▓рпБрогро░рпНро╡рпБ роЗройрпНрокроорпН роХро╛родро▓ро╛..? роЗро╡ро░рпНроХро│рпБроЯрпИроп рокрпЖро▒рпНро▒рпЛро░рпНроХро│рпН роЗроирпНрод ро╡ро┤ро┐ропро┐ро▓рпН роЪрпЖройрпНро▒ро┐ро░рпБроирпНродро╛ро▓рпН роЗро╡ро░рпНроХро│рпН рокро┐ро▒роирпНродро┐ро░рпБроХрпНроХ роорпБроЯро┐ропрпБрооро╛? роЖрогрпН рокрпЖрогрпН  родро┐ро░рпБроорогроорпН роХро╛родро▓рпН роХро╛роороорпН роЙропро┐ро░рпНроХро│рпН роЙро▒рпНрокродрпНродро┐ропрпЗ роЪро░ро┐ропро╛ройродрпБ......,gender
роЕрогрпНрогро╛ роЕроирпНродрокрпН рокрпИропройрпН ( роЙроЩрпНроХ рокрпЖрогрпНроЯро╛роЯрпНроЯро┐) роиро▓рпНро▓ро╛ роЗро░рпБроХрпНроХро╛роЩрпНроХро│ро╛ роЕрогрпНрогро╛ ро╡ро╛ро┤рпНродрпНродрпБроХрпНроХро│рпН роЙроЩрпНроХро│рпН родро┐ро░рпБроорог ро╡ро╛ро┤рпНроХрпНроХрпИ роЗройро┐родрпЗ ро╡ро╛ро┤ ро╡ро╛ро┤рпНродрпНродрпБроХро┐ро▒рпЗройрпН,gender
роЗро╕рпНро▓ро╛роорпН родроЯрпБродрпНродрпБро│рпНро│ роУро░ро┐ройроЪрпНроЪрпЗро░рпНроХрпНроХрпИ родро┐ро░рпБроорогродрпНродрпИ(!) роЗро░рогрпНроЯрпБ роЗро╕рпНро▓ро╛рооро┐роп рокрпЖропро░рпНродро╛роЩрпНроХро┐роп рокрпЖрогрпНроХро│рпН роЪрпЖропрпНроп ро╡ро┐ро░рпБроорпНрокро┐ройро╛ро▓рпН роЕродрпИ роЕроЩрпНроХрпАроХро░ро┐роХрпНроХрпБроорпН роирпАродро┐рооро╛ройрпНроХро│рпН(!)<cm> роЗро╕рпНро▓ро╛роорпН ро╡ро▓ро┐ропрпБро▒рпБродрпНродрпБроорпН ро╣ро┐роЬро╛рокрпБроХрпНроХро╛роХ роХрпЛро░рпНроЯрпН роЪрпЖройрпНро▒ро╛ро▓рпН ро╣ро┐роЬро╛рокрпБроХрпНроХрпБ роОродро┐ро░ро╛роХ родрпАро░рпНрокрпНрокро│ро┐роХрпНроХро┐ро▒ро╛ро░рпНроХро│рпН.\n\nроЗройрпНройрпБроорпН роЖроЯрпБроЩрпНроХро│рпН. роЙроЩрпНроХро│рпН роЕродро┐роХро╛ро░роорпН роОро▓рпНро▓ро╛роорпН роЗроирпНрод роЙро▓роХро┐ро▓рпН роороЯрпНроЯрпБроорпНродро╛ройрпЗ.\n\n роХрпБро▒ро┐рокрпНрокрпБ:  роЗро╕рпНро▓ро╛родрпНродро┐ро▒рпНроХрпБроорпН роЕро╡ройро│рпБроХрпНроХрпБроорпН роОроирпНрод роЪроорпНрокроирпНродроорпБроорпН роЗро▓рпНро▓рпИ,gender
роЙройрпН роЖродрпНродро╛ро▓ роЪропройро┐родрпНродродрпБ роиро╛ройрпН родро╛ройрпН,other
Athuku per lesbi\n\nЁЯдгЁЯдг horman prob,gender
Enna oru paithiyakara thanamЁЯдг\nIthu onum mathavanga pola normal illa..\nIthu oru samooga seer keedu ... \n\nWestern country la accept panitanga who la accept panitanga nu solreengala athala eatpatra problam pathiyim solli irkanga neega parkalaya hiv ku main reason orina serkai avanga ivanga accept panitanu solreeengale modhlla neega follow panura islathula ithu perum kutram nu solranga drink smoke panuratha vida periya paaavamnu solranga \n\n<cm><cm>ро▓рпВродрпНродрпИропрпБроорпН (роЕройрпБрокрпНрокро┐ройрпЛроорпН). тАЬроирпАроЩрпНроХро│рпН ро╡рпЖроЯрпНроХроХрпНроХрпЗроЯро╛рой роЪрпЖропро▓рпИроЪрпН роЪрпЖропрпНроХро┐ро▒рпАро░рпНроХро│рпН! роЕроХро┐ро▓родрпНродро╛ро░ро┐ро▓рпН роЙроЩрпНроХро│рпБроХрпНроХрпБ роорпБройрпН ропро╛ро░рпБроорпН роЗродрпИроЪрпН роЪрпЖропрпНродродро┐llai,gender
роорпКроХрпНроХрпБ рокрпЗропройрпБроХро│рпН....,politics
Othalaa thiyaaganda,politics
5000 venam nadu kadana mudi 1st paithiyakaranuhal,politics
роЗро╡роЩрпНроХ роПро┤рпИропро╛? роЕрод роирпА рокро╛ро░рпНродрпНродрпЗ? \n\nроЗро╡роЩрпНроХро│рпБроХрпНроХрпБ роирпА родро╛ро░ро╛ро│рооро╛роХ роХрпКроЯрпБрокрпНрокро┐ропро╛? роЯрпЗропрпН<cm> роирпАропрпЗ роТро░рпБ Pitch i роХрпНроХро╛ро░рокрпНрокропро▓рпН<cm> родро╛ро╡ро╛ рокрогрпНро▒рпЗройрпНройрпБ роХро╛роЯрпНроЯро┐ Pitch i ро╡ро╛роЩрпНроХро┐ рокрогроХрпНроХро╛ро░ройрпН роЖроХро▓ро╛роорпНройрпБ рокро╛роХрпНроХрпБро▒ро╡ройрпН<cm> роорпКродро▓рпНро▓ роирпА Pitch i роОроЯрпБроХрпНроХрпБро▒родрпИ роиро┐ро▒рпБродрпНродро┐роЯрпНроЯрпБ роЙроЯроорпНрокрпИ ро╡ро│рпИроЪрпНроЪрпБ роЪрпКроирпНродрооро╛ роЙро┤рпИроЪрпНроЪрпБ ро░рпЖрогрпНроЯрпБ ро╡рпЗро│рпИропро╛ро╡родрпБ роТро┤рпБроЩрпНроХро╛ роЪро╛рокрпНрокро┐роЯ ро╡ро┤ро┐ропрокрпН рокро╛ро░рпБ.,other
Made in Queue lanka ЁЯШВ,politics
Today Q tomorrow black market\nQ Lankan style,politics
Most ppl buying to sell in black market\nChangeMyMind,politics
Black market,politics
роКро░рпЗ роХро▓ро╡ро░рооро╛ роЗро░рпБроирпНродро╛ро▓рпБроорпН \n\nроТро░рпБ роХро┐ро┤рпБ роХро┐ро┤рпБрокрпНрокрпБроорпН роЗро░рпБроХрпНроХрпБродрпБ.....,politics
Immediately arast member of parliament sumanthiran.,politics
A lot of Hamadurus are also lamenting like this.,ethnicity
рокрпЗропройрооро╛родро┐ро░ро┐ роиро╛ро▒рпНроЪроирпНродро┐ройрпНроЯрпБроорпН рокро╛роХрпНроХро╛роо роирпЗро░рпНрокро╛родрпИропро┐ро▓рпН ро╡ро░рпБроорпН ро╡ро╛роХройроЩрпНроХро│рпБроЯройрпН роорпЛродрпБро░ро╛ройрпЗ.....,other
роЗро╡рпНро╡ро╛ро▒ро╛рой роЕро╡родро╛ройрооро┐ройрпНро▒ро┐ роХро╡ройропрпАройрооро╛роХ ро╡ро╛роХрогроорпН роЪрпЖро▓рпБродрпНродрпБроорпН роХрпЗроЯрпБроХрпЖроЯрпНроЯ роиро╛ропрпНроХро│рпБроХрпНроХрпБ роОродро┐ро░ро╛роХ рооро┐роХроХрпН роХроЯрпБроорпИропро╛рой роироЯро╡роЯро┐роХрпНроХрпИ роОроЯрпБроХрпНроХ ро╡рпЗрогрпНроЯрпБроорпН.,other
роЪрпЗро░рпН рокрогрпНроЯро┐рокрпН рокрпБройро╛роЯ роОройрпНро▒ро╛ро▓рпН роОройрпНрой роЪрпЗро░рпН роЕродрпБ,other
Yaru.sr.ivan,other
роорпБродро▓ро┐ро▓рпН роЗродро▒рпНроХрпБ ро╡ро░ро┐ропрпИропрпБроорпН ро╡ро┐ро▓рпИропрпБроорпН роЕродро┐роХро░ро┐роХрпНроХ ро╡рпЗрогрпНроЯрпБроорпН,politics
роЗродро┐ро▓рпН роЗро░рпБроирпНродрпБ роОройрпНрой родрпЗро░ро┐ропрпБродрпБ роОройрпНро▒ро╛ро▓рпН роЗроирпНрод рокрпЖрокро╛родрпНродрпИроХро│рпБроХрпНроХрпБ роЗродрпБ рокрпЛродродрпБ роЗройрпНройрпБроорпН ро╡рпЗрогрпНроЯрпБроорпН роОройрпНро▒рпБ.,politics
роХрпВро┤рпН роорпБроЯрпНроЯрпИ роХро│рпН......,politics
роЪро▓рпНро▓ро┐ роЗро░рпБроХрпНроХро╛,politics
роЗро▓роЩрпНроХрпИропро┐ро▓рпН рокрпАропрпИ роХро╛ропро╡рпЖроЪрпНроЪрпБ ро╡ро┐родрпНродро╛ро▓рпБроорпН ро▓рпИройро┐ро▓родро╛ройрпН роиро┐рокрпНрокро╛ройрпБроХро│рпН,politics
Ranakalathulayum oru kuthu kalam kekkuthu,politics
роЪро╛рокрпНрокро╛роЯрпНроЯрпБроХрпНроХрпБ роХро╖рпНроЯрокроЯро░ роиро╛роЯрпБ рооро╛родро┐ро░ро┐ родрпЖро░ро┐ропро▓рпИропрпЗ.,politics
роПройрпН роЯро╛ роТро░рпБро╡ройрпБроХрпНроХрпБ 3 роирпЗро░ роХроЮрпНроЪро┐роХрпНроХрпЗ роЗро▓рпНро▓рпИропро╛роорпН роОро┤рпБроирпНродрпБ роиро┐ро▒рпНроХро╡рпЗ ро╡роХрпНроХро┐ро▓рпНро▓рпИропро╛роорпН роЗродро┐ро▓ bat родрпВроХрпНроХро┐ роХро┐ро░ро┐роХрпНроХроЯрпН роЖроЯрокрпНрокрпЛро▒ро╛ройро╛роорпН. роЗродрпИ рокро╛ро░рпНроХрпНроХ роТро░рпБ роХрпВроЯрпНроЯроорпН родрпВ,politics
ро░рпЛроЪроЮрпН роЪрпВроЯрпБ роЪрпКро░рогрпИропро┐ро▓рпНро▓ро╛род\nроХрпЗроЯрпБроХрпЖроЯрпНроЯ роХро│ро┐ропро╛роЯрпНроЯроХрпН роХрпВроЯрпНроЯроорпН роЗро░рпБроХрпНроХрпБроорпНро╡ро░рпИ роиро╛роЯрпБ роЙро░рпБрокрпНрокроЯро╛родрпБ.,politics
роКрогроорпБро▒рпНро▒родрпВроХро│рпН,politics
роиро╛роЯрпНро▓ рокроЮрпНроЪроорпЖройрпНро▒рпБ роЪрпКройрпНройродрпБ ропро╛ро░рпБ ЁЯШВ,politics
роЗрокрпНрок ропрпЛроЪро┐роЪрпНроЪрпБ ро╡рпЗро▓рпИ роЗро▓рпНро▓рпИ роУроЯрпНроЯрпБрокрпН рокрпЛроЯроХрпНроХ рокрпБродрпНродро┐ роОро▓рпНро▓ро╛роорпН роОроЩрпНроХ рокрпЛроЪрпНроЪрпБ  роХрогрпН роХрпЖроЯрпНроЯ рокро┐ройрпН роЪрпВро░ро┐роп роирооро╕рпНроХро╛ро░роорпН роЖроорпНроорпНроорпНроо,politics
роЗро▒рокрпНрокродрпБ ро╡ро┐роЯ ро╡рпЗро▒рпБ ро╡ро┤ро┐ропро┐ро▓рпНро▓рпИ,politics
роОройрпНройродро╛ройрпН роХро╛роЪрпБ роЗро░рпБроирпНродро╛ро▓рпБроорпН роХроЮрпНроЪро┐ ро╡ро┐ро╡роЪро╛ропро┐родро╛ройрпН роКродрпНрод ро╡рпЗрогрпНроЯрпБроорпН роирогрпНрокро░рпНроХро│рпЗ,politics
Unakkennapa,politics
Ithukku apparamum intha nattula erukkanumah?,politics
роЗройро┐ роЗро▓роЩрпНроХрпИропро┐ро▓рпН ро╡роЪро┐роХрпНроХ роорпБроЯро┐ропро╛родрпБ рокрпЛро▓рпН роЙро│рпНро│родрпБ роЪро┐роЩрпНроХро│ роородро╡рпЖро▒ро┐ропро░рпНроХро│рпН родрооро┐ро┤ройрпИ роХрпКройрпНро▒рокрпЛродрпЗ роирпЗро░роорпН роХрпЖроЯрпНроЯрпБро╡ро┐роЯрпНроЯродрпБ....,ethnicity
роОрокрпНрокроЯро┐ роТро░рпБ роХрогрпНроЯрпБрокрпНрокро┐роЯро┐рокрпНрокрпБ  ропро╛ро░рпБроХрпНроХрпБроорпЗ родрпЖро▒ро┐ропро╛родрпБ,politics
ро▓ро╛рокроорпН,politics
5 veg 1 nerum sapuduwingala ЁЯднЁЯднЁЯдн,other
роиро╛роЪрооро╛ рокрпЛро╡ро╛ройрпБроХ,politics
Enjoying and dating with his x,politics
Thank you STARS for putting up with  a clown frog\n\nIn search of a cast crew for his famous movie Easter with SARAH,politics
To promot or ЁЯШГЁЯШГЁЯШГЁЯШГ,politics
donтАЩt show offтАж I am sure you would have invited to womanize ЁЯШВЁЯШВ,politics
Dating contract,politics
рокро╛ро░рпНроХрпНроХрокрпН рокрпЛройро╛ройрпЛ роЗро▓рпНро▓ _________  рокрпЛройро╛ройрпЛ родрпЖро░ро┐ропро╛...,politics
Punda,politics
Sinna fun ondu,politics
He was sick all these days,politics
Wow begging for votes,politics
These Politicians never changeЁЯджтАНтЩВя╕П,politics
He will need a brace.,politics
All are good actors no one doing proper job basterds,politics
роЗро╡роЩрпНроХро│рпН роЗройрпНройрпБроорпН родро┐ро░рпБроирпНродро▓... роОроЩрпНроХроЯропро│рпНродро╛ройрпН роХро╛ро▓ро┐роорпБроХродрпНродро┐роЯро▓рпНро▓ рокрпЛропрпН рокро▓рпНро▓роХрпНроХро╛роЯрпНроЯро┐роХрпНроХрпКрогрпНроЯрпБ роиро┐ро▒рпНроХрпБродрпБроХро│рпН...,politics
роХро╛роЯрпНроЯрпБро╡ро╛роЪро┐роХро│рпИ рокрпКро▓ро┐ро╕рпН ро╡рпЗро▓рпИроХрпНроХрпБ роОроЯрпБродрпНродро╛ро▓рпН роЗрокрпНрокроЯро┐ родро╛ройрпН роиро╛роХро░рпАроХроорпН родрпЖро░ро┐ропро╛рооро▓рпБроорпН роЪроЯрпНроЯроорпН родрпЖро░ро┐ропро╛рооро▓рпБроорпН роЪрпЖропро▓рпН рокроЯрпБро╡ро╛ро░рпНроХро│рпН,ethnicity
роЕрогрпНрогро╛ рокро╛роХрпНроХро╡рпЗ роЪрпЖроорпНроорпИропро╛ роЗро░рпБроХрпНроХрпБ роЗро╡ройрпБроЩрпНроХро│ ро╡ро┐роЯ роХрпВроЯро╛родрпБ роХрпИ ро╡роЪрпНроЪро╛ роЕроЯро┐ рокрпЛроЯрпБроЩрпНроХ,politics
роиро╛роЯрпНроЯро┐ро▓рпН роОройрпНрой роироЯроирпНродро╛ро▓рпБроорпН роОрокрпНрокро╡рпБроорпЗ родрооро┐ро┤ройрпИ роЕроЯро┐роорпИропро╛роХ рокро╛ро░рпНрокрпНрокродро┐ро▓рпН роЗро╡ро░рпНроХро│рпН роЪро┐ро▒роирпНродро╡ро░рпНроХро│рпН,ethnicity
роЪрпЖро░рпБрокрпНрокрпБ роЕроЯро┐,ethnicity
роЗро╡ройрпБроХро│рпБроХрпНроХрпБ роиро▓рпНро▓ рокро╛роЯрооро╛ роЗро░рпБроХрпНроХрогрпБроорпН роЗродрпБ,ethnicity
роЕроирпНрод  blue роЪроЯрпНроЯ роЖро░рпН\nроиро╛роп роЪрпЖро░рпБрокрпНрокро╛ро▓ роЕроЯро┐роХрпНроХройрпБроорпН\nSuper bro mass kaaddunga,ethnicity
Policesukku esina avan veera thamilana,ethnicity
роТро░рпБроХро╛ро▓родрпНродро┐ро▓рпН роЪро┐роЩрпНроХро│ рокрпКро▓ро┐роЪро╛ро░рпН роЪро┐роЩрпНроХро│ роЗро░ро╛рогрпБро╡роорпН роОройрпНро▒рпБ роЕро▓ро▒ро┐роп рокро┐ро░родрпЗроЪроорпН рокро┐ро░родрпЗроЪро╡ро╛роЪро┐роХро│ро╛рой роЪро┐ро▒ро┐ро▓роЩрпНроХро╛ рокрпКро▓ро┐роЪро╛ро░ро╛ро▓рпН роирпИропро╛рогрпНроЯро┐рокрпНрокроЯрпБродрпНродрокрпНрокроЯрпБроорпН роиро┐ро▓рпИ роРропрпЛ рокро╛ро╡роорпН,ethnicity
роорпБроЯро┐роирпНродро╛ро▓рпН роЗродрпЗ роХро╛ро╡ро▓рпНродрпБро▒рпИ роХрпЛроЯрпНроЯро╛роХрпЛроХрооро╡ро┐ро▓рпН роЙро│рпНро│ роКроЯроХро╡ро┐ропро▓ро╛ро│ро░рпНроХро│ро┐роЯроорпН роЪрпЗроЯрпНроЯрпИ ро╡ро┐роЯроЯрпНроЯрпБроорпН рокро╛рокрпНрокроорпН,politics
Adiugkada polisc naukku,ethnicity
Mister 20% роОройрпБроорпН 6роЖроорпН роирпВро▒рпНро▒ро╛рогрпНроЯрпБрокрпН рокро╛ро▓рпИро╡ройроХрпН роХрпКро│рпНро│рпИроХрпНроХро╛ро░ройрпИ <sq>роЕро┤роХро┐роп роорпБройрпНрооро╛родро┐ро░ро┐<sq> роОройрпНро▒рпБ роЗройрпНро▒рпБроорпН рокро┐ройрпНрокро▒рпНро▒рпБро╡родрпБ роХрпЗро╡ро▓рооро╛ройродрпБ. роХрпКро│рпНро│рпИроХрпНроХро╛ро░ройрпИрокрпН рокрпБроХро┤рпНро╡родрпИ роиро┐ро▒рпБродрпНродрпБроЩрпНроХро│рпН.,religion
роЗройро┐ропро╛ро╡родрпБ роОроЩрпНроХро│рпН родрпВродро░рпН рооройро┐родро░ро┐ро▓рпН рооро╛рогро┐роХрпНроХродрпНродрпИрокрпН рокро▒рпНро▒ро┐роп ро╡ро┐рокро░роЩрпНроХро│рпИ ро╡рпЖро│ро┐ропро┐роЯрпБро╡родрпИ роиро┐ро▒рпБродрпНродрпБроЩрпНроХро│рпН. роЗро▓рпНро▓ро╛ро╡ро┐роЯрпНроЯро╛ро▓рпН роЕро░ро╛рокро┐роп роиро╛роЯрпБроХро│рпН<cm> роЗро╕рпНро▓ро╛рооро┐роп роЙро▓роХ роТройрпНро▒ро┐ропроорпН роОро▓рпНро▓ро╛роорпН роЪрпЗро░рпНроирпНродрпБ роЙроЩрпНроХро│рпИроХрпН роХрогрпНроЯро┐роХрпНроХрпБроорпН роиро┐ро▓рпИроорпИ ро╡ро░рпБроорпН роОройрпНро▒рпБ роОроЪрпНроЪро░ро┐роХрпНроХро┐ро▒рпЗройрпН!,religion
роЕроЯроЩрпНроХрпЛродрпНродро╛ ЁЯШБ,politics
Nengala Sir Kasi kudukka poringa,other
Unta pondaddydda viraku vendi kodu da lusu,politics
роирпА рооройро┐роЪройрпЗ роЗро▓рпНро▓роЯро╛.,politics
роЕрокрпНрок роирпА ро╡рпАро▒роХрпБро│ роЪроо роОроЩрпНро│рпБроХрпНроХрпБ роХро╕рпН родро╛,politics
роЕро╡ро░рпБроЯ рооройрпИро╡ро┐роп \nро╡ро┐ро▒роХро┐ро▓ роЪроорпИроХрпНроХ роЪрпКро▓рпНро▓ро╡рпБроорпН рокро░родрпЗроЪро┐ ЁЯШбЁЯШбЁЯШб,politics
роЙроЩрпНроХ рокрпКрогрпНроЯро╛роЯрпНроЯро┐ ро╡ро┐ро▒роХрпБ роЕроЯрпБрокрпНрокрпБро▓ропро╛роЩрпНроХрпЛ роЪроорпИроХрпНроХро┐ро▒ро╡?,politics
роОройрпНройрпЖройрпНрой роЪрпКро▓рпНро▒ро╛ройрпН рокро╛ро░рпБроЩрпНроХ ЁЯЩД,politics
роЙройроХрпНроХрпБ роОро▓рпНро▓ро╛роорпН vote рокрпЛроЯрпНроЯрпБ..69..роЖроХрпНроХро▓рпН роироорпНрокро┐роХрпНроХрпИ,politics
роЖрогрпНроЯро╡ройрпН роОро▓рпНро▓рпЛро░рпБроХрпНроХрпБроорпН роЕро▒ро┐ро╡рпИ роХрпКроЯрпБродрпНродро╛ройрпН рокро╛ро╡роорпН роорпБро╕рпНро▓рпАроорпН роХро▓рпБроХрпНроХрпБ роороЯрпНроЯрпБроорпН роХрпКроЯрпБроХрпНроХ рооро▒роирпНродрпБроЯрпНроЯро╛ройрпН роЕродро╛ройрпН роОро▓рпНро▓ро╛родрпНродрпИропрпБроорпН ро╡рпЖро│рпНро│ роХро╛ро░ройрпЗ роХрогрпНроЯрпБрокрпБроЯро┐роХрпНроХро┐ро▒ро╛ройрпН роЗродрпНродройрпИ ро╡ро░рпБро╖рпНрооро╛ рокрпВроЯрпНроЯро┐ ро╡рпИродрпНрод роЕро▒ро┐ро╡рпИ роЗро░рпБрокродро╛роорпН роирпВро▒рпНро▒ро╛ройрпН роЯро┐ро▓рпН родро╛ройрпН родро┐ро▒роирпНродрпБ ро╡ро┐роЯрпНроЯро╛ройрпН .роорпБродро▓рпНро▓ роирпАроЩрпНроХ роХрогрпНрогрпИ родро┐ро▒роирпНродрпБ роОро▓рпНро▓ро╛родрпНродрпИропрпБроорпН рокро╛ро░рпБроЩрпНроХ,ethnicity
р╢Хр╖Др╖К... р╢▒р╖Щр╢пр╖Кр╢п,politics
He surely doesn<sq>t have bola! ЁЯШБ,politics
He misleaded questions while joking. Same did for the country.,politics
Marbles<cm> I think<cm> Rajah.,politics
Thia fellow cannot speak any langue.,politics
Shows his quality,politics
Me too no have a ball hahaha,politics
This just shows he has no brains or bola ЁЯдгЁЯдг,politics
He asking about ur nutsЁЯШЭ,politics
He<sq>s right i agree kaputa doesn<sq>t have bols ЁЯдгЁЯдгЁЯдг,politics
No boll,politics
No ball ЁЯЩГ So funny another foolish talk .,politics
He doesn<sq>t have a ball? That<sq>s questionable ЁЯЩВ,politics
At the moment his bowl,politics
ЁЯШВЁЯШВЁЯШВЁЯШВроЕро╡ро░рпБроХрпНроХрпБ рокрпЛро▓рпНро╕рпН роЗро▓рпНро▓рпИропро╛роорпНЁЯШЖЁЯШВЁЯдгЁЯдг,politics
Ane appiwa bereagana kowruthnado,politics
Man of the match ЁЯдг,politics
р╢╢р╖Эр╢╜р╖Щ left ЁЯдТЁЯШВ,politics
69 lakchs people<sq>s fault,politics
Aiyo...69 ...ЁЯдгЁЯдгЁЯдг,politics
Its funny when he talksЁЯШВ,politics
He dosen<sq>t have bolaЁЯдг,politics
ЁЯЦХ,politics
роорпБродро▓рпНро▓ роЙрогроХрпНроХрпБ ропро╛ро░ро╡родрпБ роУроЯрпНроЯрпБ рокрпЛроЯрпНроЯро╛ройрпНроХро▓ро╛ роороЩрпНроХрпБроЪрпН рооройрпНроЯропро╛,politics
Enna karmam ethu ellam,other
роЪройро┐ропройрпБроЩрпНроХро│ро╛,other
<dq>Manasatchi illadha annachi<dq>,other
роХро╛ро▓роХрпНроХрпЖроЯрпБроорпИ,other
Kelattu mundam,gender
роОро╡рпНро╡ро│ро╡рпБ роорогрпНроЯ роХрогроорпН,other
ропроорпНрооро╛ роорпБроЯрпНроЯро╛ро│рпН роХрпВроЯродрпНродро┐ро▓ро┐ро░рпБроирпНродрпБ ро╡рпЖро│ро┐ ро╡роирпНродрпБроЯрпБ.,gender
рокро░ро┐родро╛рокроорпН роХрпКро│рпНро│ ро╡рпЗрогрпНроЯро┐роп роЙроЩрпНроХ роорпЗро▓ роХроЯрпБрокрпНрокрпБродро╛ройрпН ро╡ро░рпБродрпБ.,politics
Both are female. Don<sq>t throw shaming. It will hurt her.,gender
Both are beautiful... Shame on those people who laugh seeing Admins bullshit post,gender
роЪрпЖродрпНродрпБ роТро▓ро┐роЯро┐,other
роЪроХро┐роХрпНроХро▓.,other
роОройрпНройроЯро╛ роорпВроЮрпНроЪро┐ роЗродрпБ,gender
Ithu pakka irritatting aah irukku. роХрпЖроороЯрпНроЯро┐роХрпНроХро┐ ро╡ро░рпБродрпБ,gender
роЗроирпНрод роХрогрпНро▒ро╛ро╡ро┐роХрпНроХрпБ роиро╛роЩрпНроХ wait рокрогрпНрогройрпБрооро╛,gender
роЗродрпБроХрпНроХрпБ роорпЗро▓ рокрпЖрогрпНроХро│рпН роХрпЗро╡ро▓ рокроЯрпБродрпНрод роорпБроЯро┐ропро╛родрпБ..,gender
роХро░рпБроороорпН,other
Over acting,other
рокрпЛроЯро┐ рокрпИродрпНродро┐роп роХро▒ро┐,gender
bethi vantu sagamattanungala,other
romba kevalama iruku,gender
Ennada pudengi sereiyal,politics
роОройрпНройтАж роЯро┐ро░ро╛рооро╛ рокрогрпНрогро┐роЯрпНроЯрпБродрпН родро┐ро░ро┐ропрпБро▒рпАроЩрпНроХро│ро╛тАж,politics
роЕроЯрпЗропрпН роироХрпНроХро▓рпНроиро╛ропрпЗ роЪрпЖро▓рпНро╡ро╛.роЙройроХрпНроХрпБ ро╡ро┐ро│роЩрпНроХрпБродро╛ роОроородрпБроЪроорпВроХродрпНродро┐ро▒рпНроХрпБ роЗройрпНройроорпБроорпН родрпЗро╡рпИ роЗроХрпБроХрпНроХрпБродрпЖройрпНро▒рпБ...,politics
роЕро▒ро┐ро╡ро╛ роОро┤рпБродрпБроЯро╛ роорпКроХрпНроХрпБ рооройрпНроЯрпИропро╛.,other
ро▓ро╛ро╡рогрпНрог роорогрпНроЯрпИропройрпН,other
ро▓рпВроЪройрпБроХрпНроХрпБ роТро░рпБ роорогрпНрогро╛роЩрпНроХроЯрпНроЯро┐ропрпБроорпН ро╡ро┐ро│роЩрпНроХро┐ро▒ропро┐ро▓рпНро▓рпИ,other
рокродро┐ро╡рокрпНрокро╛родрпНродрпБ роЗрокрпНрок роорпБро┤рпБроЪрпБро╡ро╛ройрпН роХро▓рпНро▓рпБро▓ рокрпЗрогрпНроЯ рокрпВройрокрпЛро▓,other
роЗро╡ройрпН роТро░рпБ роЕро░рпИ ро▓рпВроЪройрпН,other
роХро▓рпНро╡ро╛роЯро┐роХрпНроХро╛ро▒ройрпН,other
роЕроирпНродро│ро╡рпБ роорпЛроЯрпНроЯрпБрокрпНрокропро▓рпН...,other
роорпКроЯрпНроЯрпБ роХроЯрпНроЪро┐роХрпНроХ роЗро░рпБроирпНродрпБ роорпКроХрпНроХро╛роЯрпНроЯ роХро┤роЯрпНроЯро┐родрпНродрпБ ро╡рпЖроЯрпНроЯроХрпНроХро▒роорпНрокрпБ,politics
роЗродрпБ роиро╛ро▒ ро╡ро╛ропрпН,other
роЖро░рпНро░ро╛ роирпА<cm> роХро░рогрпНроЯрпБ роХроорпНрокро┐ро▓ роЕроЯро┐рокроЯрпНроЯ роХро╛роХрпНроХро╛ рокрпЛро▓,other
роЕроЯро┐роЩрпН роХрпКропрпНропро╛ро▓.....,other
роиро╛роЪрооро╛ рокрпЛройро╡ройрпН роЪрпЖродрпНродрпБ родрпЖро▓рпИропро┐ро░ро╛ройрпБроорпН роЗро▓рпНро▓рпИ,other
роЪрпКрогроХрпЖроЯрпНроЯро╡ройрпБроХро│рпН,other
роХрпВродрпНродроорпИрокрпНрокро┐ройро░рпН роиро▓рпНро▓ро╛ роХроХрпНроХрпВро╕рпН роХро┤рпБро╡рпБро▒ро╛роЩрпНроХ рокрпЛро▓ роОрой роЪрпЗро░рпН,politics
роЗродрпЖройрпНрой роЪроЩрпНроХ роХрпКро▒роЪро▓рпН ро╡ро╛рокрпНрокро╛,other
роЖро│рпНрооро╛ро▒рпБ роХро╛родрпНродрпБро╡ро┐ро│роЯрпНроЯрпБроорпН,other
роЗро╡ройрпН роТро░рпБ роЙродро╡ро╛роХрпНроХро░,other
рокрпЖро░рпБроорпНрокро╛ройрпНроорпИропро┐ройро░ро┐ройрпН роороЪро┐ро░рпИрокрпН рокрпБроЯрпБроЩрпНроХро▓ро╛рооро╛?,politics
роиро╛роЪрооро╛роХ рокрпЛроХро╡рпЗрогрпНроЯрпБроорпН,other
роЗроирпНрод родрпЗро╡роЯро┐ропро╛ рооро╡рогрпБроХрпНроХрпБ рооро┐роХ рооро┐роХ роЪроирпНродрпЛроЪродрпНродрпИ родрпЖро░ро┐ро╡ро┐родрпНродрпБ роХрпКро│рпНроХро┐ро▒рпЗройрпН,other
Palayag vesi,other
Podi paithiyakari,other
роТроЯрпНроЯрпБроорпКродрпНрод роХроЯро╡рпБро│рпБроорпН роОройрпНрой рооропро┐ро░ро╛ рокрпБроЯрпБроЩрпНроХро┐роЯрпНроЯрпБ роЗро░рпБроирпНродрпБродрпБроХро│рпН,religion
Idiotic ministers,politics
рокрпКроирпНродрпБ ро╡ро╛ропройрпН..,other
роЕроЩрпНроХрпЛроЯрпИ ро╡ро╛роХройроорпН роЗро╡ро░рпБроХрпНроХрпБ роЪро┐ро▒роирпНродродрпБ.,other
роХро┐ро┤ро┐роЪрпНроЪро┐родрпБ ро▓роорпНрокро╛роЯро┐ ро▓рпБроЩрпНроХро┐,other
роЕроЯ роорпЛроЯрпИропро╛,other
роЗро╡ро░рпНроХро│рпН роорпБродрпБроХрпБ роОро▓рпБроорпНрокрпБ роЗро▓рпНро▓ро╛род рокро┐рогрпНроЯроЩрпНроХро│рпН роЕро░рпБро╡ро░рпБрокрпНрокро╛ройро╡ро░рпНроХро│рпН рокройроорпН рокродро╡ро┐роХро│рпБроХрпНроХрпБ ро╡ро┐ро▓рпИ рокрпЛроХрпБроорпН ро╡ро┐ро▓рпИрооро╛роирпНродро░рпНроХро│рпН,politics
роОро░рпБроо рооро╛роЯрпНроЯрпБ роЕроорпИроЪрпНроЪрпБ,politics
роЗроирпНрод роиро╛ропрпНроХро│рпН роОро▓рпБроорпНрокрпБроХро│рпБроХрпНроХрпБ роЕро▓рпИропрпБроорпН роХро╛ро╡ро╛ро▓ро┐ роХрпВроЯрпНроЯроорпН,other
роХро▓рокрпНрокроЯрооро┐ро▓рпНро▓ро╛род рокрпЗропройрпН,other
ро╡ро╛рокрпНрокро╛роЯ рокро╛ро╖рпИро▓ роЪрпКро▓рпНро▓ройрпБроорпНройро╛<cm>\nроороХройрпН роирпА роТро░рпБ <dq>рокро╛ро▓рпН рокрпЛродрпНродро▓рпН<dq>...,other
роХро▓рокрпНрокрпБ роЗро▓рпНро▓ро╛род ро▓рпВроЪро┐родро╛ройрпН роЗро╡ройрпН.,other
родро┐ро░рпБроЯройрпНроХро│ро┐ро▓рпН роТро░рпБ ро▓рпВроЪрпБ родро┐ро░рпБроЯройрпН,other
роОройрпНрой роЙро│ро▒рпБроХро┐ройрпНро▒ро╛ройрпН рокроЪрпНроЪ рокрпЗропройрпН,other
рокрпЛроЯро╛ роороЯрпИропройрпН рооро╛родро┐ро░ро┐ рокрпЗроЪро╛род ,other
роЕроирпНрод ро╡ро┤рпБроХрпНроХрпИ роорогрпНроЯрпИропро┐ро▓рпН роорпЗро▓рпЗропрпБроорпН роТройрпНро▒рпБроорпН роЗро▓рпНро▓рпИ роЙро│рпНро│рпБроХрпНроХрпБроорпН роТрогрпНроЯрпБроорпН роЗро▓рпНро▓,other
роОройрпНройро╡рпЛ рокрпЗроЪро╡роирпНродрпБ роЙрокрпНрокрпБ роЪрокрпНрокрпБ роЗро▓рпНро▓ро╛рооро▓рпН роХроЮрпНроЪро╛роЕроЯро┐родрпНродро╡ройрпНрокрпЛро▓рпН роЙро│ро▒рпБроХро┐ро▒ро╛ройрпН роЗро╡ройрпЖро▓рпНро▓ро╛роорпН,other
роХро│рпНро│ роХрпВроЯрпНроЯроорпН,other
рокрпЛроЯроТрокрпН рокрпИ,other
роТро░ро┐роЬро┐ройро▓рпН рокрпЗропройрпБроХро│рпН,other
рокро┤рпИропро╛ роХрпБродрпНродрпЛ роХрпЖро░ро┐ропро╛,other
Iwana pathale irritating a iku gamma kedaka,other
роороЯропройрпН рооро╛ропрпН рокрпЗроЪрокрпНрокроЯро╛,other
рокроЪрпНроЪ ро▓рпБроЪро┐ рокрпЗропройрпН,other
роорпЛроЯропройрпН,other
Ada lusu pun...,other
роЕроЯро┐рокрпНрокройрпН родрпВроЪро┐рой роХрпКрооройрпНроЯрпН роТройрпНроЯрпБ,other
роЗроирпНродро╛ро│рпБроХрпНроХрпБ рооро╛роЯрпНроЯрпБ роорпВродрпНродро┐ро░роорпН рокрпЖро░рпБроХрпНроХрпКрогрпБроорпН.роЕрокрпНрокродро╛ройрпН роиро▓рпНро▓ рокрпБродрпНродро┐ ро╡ро░рпБроорпН,other
рокрпЛроЯро╛ роУрокрпНрокро╛ропрпН роХроЮрпНроЪро╛ рооро╛ро╕рпНроЯро░рпН,other
рокро╛ро▓рпН роХро╛роЪрпНроЪро┐ роЙройрпН родро▓рпИро▓ роЙроКродрпНродройрпБроорпН роХрпЗрой рокропро▓рпЗ роХрпЗро╕рпН ро╡рпЖроЯро┐роХрпНроХрпБродрпБ,other
роЗродрпБ рокройрпНро▒ро┐роХрпНроХрпБ рокро┐ро▒роирпНрод роиро╛ропрпН,other
ро╡ро╛рокрпНрокро╛ рооро╣ро┐роирпНродро╡ роироХрпНроХрпБро▒ро╛ройрпН роороХройрпН роХрпЛроЯрпНроЯро╛ро╡ роироХрпНроХро┐ройро╛ройрпН роОройрпНрой родрпБрокрпНрокрпБ роХрпЖроЯрпНроЯ роХрпБроЯрпБроорпНрокроорпН.,politics
Avane moola ketta oru ara paytiyam,other
роХро╛ро▒рпА родрпБрокрпНрокро┐ роЗро░рпБроХрпНроХрогрпБроорпН родрогрпНрогро┐ роХро╛рогродрпБ роЕро╡ройрпН роТро░рпБ роиро╛ропрпН..,politics
роЗроирпНродрокрпНрокрпБро┤рпБродро┐роХрпНроХрпБрокрпНрокрпБро▒роирпНрод рокрпВро╖ройроорпН рокрпБроЯро┐родрпНродро╡ройроХрпНроХрпБ роОройрпНрой родрпЖро░ро┐ропрпБроорпН,other
роЗродрпИропрпЖро▓рпНро▓ро╛роорпН рооройрпБро╖ройрпБроЩрпНроХ ро▓ро┐ро╕рпНроЯрпНро▓ропрпЗ роЪрпЗро░рпНроХрпНроХ роХрпВроЯро╛родрпБ. рооро┐ро░рпБроХроЩрпНроХро│рпН ройро╛ роЕродрпБ рооро┐ро░рпБроХродрпНродрпБроХрпНроХрпБ роЕро╡рооро╛ройроорпН. роЗроирпНрод ро▓рпВроЪ роХрогроХрпНроХрпЖроЯрпБроХрпНроХ ро╡рпЗрогро╛роорпН роЖро│рпБроорпН роорпВроЮрпНроЪро┐ропрпБроорпН.,other
роЕроирпНрод роирпЖроЯрпНроЯрпБ родрпКрокрпНрокро┐роХрпНроХрпБ роирпЖроЯрпНроЯрпБ ро▓рпБро╕рпБ рокрпБроЯро┐роЪрпНроЪро┐ роЯрпИроЯрпНрокройрпНройро┐ро╡ро┐роЯрпБроЩрпНроХ,ethnicity
роЗро╡ро░рпН роТро░рпБ родро▓рпИ роХро▓рогрпНроЯ роХрпЗро╖рпН..,other
родрпВро╖рой роХрокрпНрокро▓рпН роХро▓рпНроорпБройрпИ родро╛роЪройрпН,other
роирпАропрпЗ роЕроЯрпНро░рпЖро╕рпН роЗро▓рпНро▓ро╛родро╡ройрпН,other
роЪрпЖроЯрпН рокройрпНройро┐ ро╡ро░ ро╡рпЖроЪрпНроЪро┐ роЪрпВ.... роХрпКроЪрпНроЪро┐роХрпНроХро╛родрпН родрпВро│рпН роЕроЯро┐роХрпНроХройрпБроорпН,other
Adi ulumndu payanduttan inda koo mutta,other
роЗро╡ройрпН роХро│рпНро│ройрпН роЪроорпВроХ родрпБро░рпЛроХро┐,other
роороЬро┐родрпН роирпАроЩрпНроХро╡ропроЪро┐роХрпНроХрпБро╡роирпНродро╛роОройрпНройро╡ро▒ро╛ро╡ро┐роЯрпНроЯро╛ро▓рпНроОройрпНрой,politics
рокро┐рог роЕро░роЪро┐ропро▓рпН роЪрпЖропрпБроорпН роХрпЗроЯрпБ роХрпЖроЯрпНроЯ рооро▓рпНро▓ро┐.,politics
роЕрокрпНрокрпЛ роЗро╡ройрпБроХро│рпН роОройрпНрой рооропро┐родрпНродрпБроХрпНроХрпБ,politics
роорогрпН рооро╛рокрпНрокро┐ропро╛ ро╡ро┐ропро╛ройрпН роХро│рпНро│рогрпН роОроородрпБ роороХрпНроХро│рпБроХрпНроХрпБ рокрпКропрпН ро╡ро╛роХрпНроХрпБро▒рпБродро┐ роЕро│ро┐родрпНрод роорпЖропрпНропройрпН,politics
роХро▒рпБрокрпНрокрпБроЪрпНроЪроЯрпНроЯрпИ роХро╛ро╡ро╛ро▓ро┐роХро│рпН.....,politics
Over ra thaan poranungq lusu pu...,other
роирпАродро╛ройрпНроЯро╛ родрпКрокрпНрокро┐ рокро┐ро░роЯрпНроЯро┐..,other
Poda loosu p............(nee oru.k.......o....pppp),other
Oogga palaiyan,other
Manam keddavane ithu ellam oru pilaippu poda poy thukku poddu sakuda,other
роЖроо ро╡ро╛ропро╛ро▓ роЕро│рпНро│ро┐ роЙроЯрпБро▒ро╛ройрпН ро╡ро╛родрпНродро┐!,politics
роЗродро▒рпНроХрпЖро▓рпНро▓ро╛роорпН роирпАропрпБроорпН роТро░рпБ роЖро┤рпНродро╛ройрпНроЯро╛ рокроЪрпНроЪрпИ ро╡рпЗроЪроЯ роороХройрпЗ,other
ро╡рпАрогро╛ропрпНрокрпЛройро╡ройрпЗ рокро░родрпЗроЪро┐ роЪрпЖроорпНрокрпБ родрпВроХрпНроХро┐ роОройроХрпНроХрпБ роТро░рпБ роЪроирпНродрпЗроХроорпН роЙройрпНройрпБроЯрпИроп роЕроорпНрооро╛ро╡ро┐роЯроорпН роХрпЗроЯрпНроХро╡рпЗрогрпНроЯрпБроорпН,other
рокрпЛроЯро╛ рокро░родрпНродрпЗроЪро┐ рокройрпНро▒ро┐,other
роЗро╡ройрпНроЯ.рпРро▓рокрпНрокрпБройрпНроЯ.рокрпЖро░ро┐роЪрпБ,other
роЪроХрпНроХро┐ро▓ро┐роп роиро╛ропрпНроХро│рпН родрпБро░рпЛроХро┐роХро│рпН,other
рокрпКрогрпНрог роЕро░роЪро┐ропро▓рпН ро╡ро╛родро┐,politics
роЪро╛рогроХрпНроХро┐ропройрпН роЪрпБроороирпНродро┐ро░ройрпИро╡ро┐роЯ роИродрпНродро░рпИ ро╡рпЗро▒рпБропро╛ро░ро╛ро╡родрпБ роЗро░рпБроХрпНроХро┐ро▒ро╛ро░рпНроХро│ро╛ роЕроирпНрод роИродрпНродро░рпИроХро│рпИ роХро╛ро╡ро┐родрпНродро┐ро░ро┐ропрпБроорпН роИродрпНродро░рпИ рокропро▓рпН рокрпЛро▓ роХрпВроЯрпНроЯродрпНродрпЛроЯрпБ роХрпВроЯрпНроЯрооро╛роХ роХрпЛроЪроорпНрокрпЛроЯрпБро▒ роЖро│рпН роЗро▓рпНро▓рпИ,politics
We ready sacrifice our lives for  and for the 225,other
рокрпКродрпБроороХрпНроХро│рпН роЪрпКро▒ро┐ропроХрпНроХрпКроЯрпБродрпНрод рооро╛роЯрпБроХро│рпН рокрпЛро▓рпН роЗро░рпБроХрпНроХрпБроорпНро╡ро░рпИ роЖроЯрпНроЪро┐ропро╛ро│ро░рпНроХро│рпН роЪрпКро▒ро┐роирпНродрпБроХрпКрогрпНроЯрпБродро╛ройрпН роЗро░рпБрокрпНрокро╛ро░рпНроХро│рпН -роЯрпКроЯрпН-,other
Poda keri naaaye,other
роУроЯрпНро▒ро╛ роУрокрпНрокро╛ропрпН,other
Congrts Gota. More to kill and divert the people. He can do it,gender
Seththa payale,other
Enna elavuda oppai,gender
роЗродрпБ роТроЩрпНроХрпБро│рпЛроЯ рокропроЩрпНроХро░ роорпБроЯрпНроЯрпБ,politics
рокроХрпНроЪро╛роХрпНроХро│рпИ ро╡рпАроЯрпНроЯрпБроХрпНроХрпБ роЕройрпБрокрпНрокрпБ,gender
родроЩрпНроХро│рпИ родро╛роЩрпНроХро│рпЗ роорпЗроЯрпНроЯрпБроХрпНроХрпБроЯро┐ роОройрпНро▒рпБ рокрпАродрпНродро┐родрпН родро┐ро░ро┐ропрпБроорпН роЗро╡роЩрпНроХро│ро┐роЯрпНроЯ роТро░рпБ рооропро┐ро░рпБроорпН роЗро▓рпНро▓рпИропрпЖрогрпНроЯрпБ роОродрпНродройрпИ рокрпЗро░рпБроХрпНроХрпБ родрпЖро░ро┐ропрпБроорпН,gender
ро╡роирпНродрпЗро▒ро┐роХро│рпН ро╡роЯрпБроХро░рпНроХро│рпН родро╛ройрпН рооро┐роЪройро▒ро┐роХро│ро┐ройрпН роХрпИроХрпВро▓ро┐роХро│рпН роЕро╡рпНро╡ро╛ро▒рпБродро╛ройрпН рокрпЗроЪрпБро╡ро╛ро░рпНроХро│рпН.,other
роорпБро┤рпБрокрпНрокрпИродрпНродро┐ропроорпН,other
роХроЯрпИроЪро┐ропро┐ро▓рпН роЪройрпН роХро┐ро│ро╛ро╕рпН роЗро▓рпНро▓рпИ. роЕродрпБ рокро░ро╡ро╛ропро┐ро▓рпНро▓рпИ. рокро░родрпЗроЪро┐ роЬроЯрпНроЯро┐ропрпБрооро┐ро▓рпНро▓рпИ.,gender
родрпЗро╡рпИропро╛роЯро╛ роорпВродрпЗро╡ро┐???,gender
Thesa thurogikal,gender
роЗрокрпНрокроЯро┐ ропро╛рой роорпЛроЯроЪрпНроЪро┐роЩрпНроХро│ро╡ройрпН роЗро░рпБроХрпНроХрпБроорпН роороЯрпНроЯрпБроорпН роиро╛роЯрпБ роЙро░рпБрокрпНрокроЯро╛родрпБ,gender
роХро╛ро╡ро▓рпН родрпБро▒рпИ роХрогрпНроорпБройрпНройрпЗ. роЕро░ро╛роЬроХроорпН ропро╛ро░рпБроХрпНроХро╛роХ роЗроирпНрод роХро╛ро╡ро▓рпН родрпБро▒рпИ,other
роХрпКро│рпНро│рпИ роЕроЯро┐роЪрпНроЪродрпБро▓ роЗро░рпБроХрпНроХрпБроорпНродро╛ройрпЗ роЗрокрпНрокроЯро┐ропро╛рой роОроЪрпНроЪрпИроХро│рпБроХрпНроХрпБ ро▓роЮрпНроЪроорпН роХрпБроЯрпБроХрпНроХ,other
ро╡роЪрпНроЪро┐роЯрпНроЯрпБ рокрпБроЯрпБроЩрпНроХрпБроЩрпНроХ роТро╡рпНро╡рпКро░рпБ роорпИро░ро╛,gender
Mahinthadatha suppura kuddam,other
Muttaal sinhalavangal,gender
Neengallam senthuthana makkalra kasa kollai adikkenga,politics
Kaaddu singalavan,politics
роЗро╡ройрпБроХ роЪрпЛродрпНродрпИ родро╛ройрпН родро┐ройрпНройрпБро▒ро╛ройрпБроХро│ро╛? роЗро▓рпНро▓рпИ ро▓родрпНродро┐ропрпИ родро┐ройрпНройрпБро▒ро╛ройрпБроХро│ро╛?,politics
роиро╛ропрпНроХро│рпН роироХрпНроХро┐ роЪро╛рокрпНрокро┐роЯрпБро╡родрпБ роЪро░ро┐ роЗро╡ро░рпНроХро│рпН роПройрпН роироХрпНроХрпБ роХро┐ро▒ро╛ро░рпНроХро│рпН,other
роороЮрпНроЪро▓рпН родрпБрогрпНроЯрпБроХрпНроХро╛роХ родро╛ропрпИ роХрпКройрпНро▒ роХрпВроЯрпНроЯроЩрпНроХро┤рпН,other
роОро▓рпНро▓ро╛ роХродро╡ропрпБроорпН рокрпВроЯрпНроЯро┐родрпБ роКродрпНродройрпБроорпН родрпАроХрпНроХрпБро│роорпНрок.... роЪройро┐ропройрпБроХро▓рпН,other
рокрпА родро┐ройрпНройро┐ роХрпВроЯрпНроЯроорпН,other
роорпВро│рпИроп родрпВроХрпНроХрпБ роХрпБрогрпН*ро▓ ро╡роЪрпНроЪро┐ро░рпБроХрпНроХро┐ро▒ team,other
роОройрпНрой рокрпБрогрпНроЯрпИропрпЛ роЕроЯро┐роЪрпНроЪро┐ роЪро╛роХрпБроЩрпНроХроЯро╛.,other
рокрпЛроЯро╛роЯрпЗропрпН роХрпЖро┤роЯрпНроЯрпБ роорпИройро╛,other
роЪрпКро▓рпНро▒ро╛ рокрпЖро░ро┐роп рооройрпБроЪро╛ ро▓рпВроЪрпБ рокрпБрогрпН..роЯрпИ,politics
ро╡рпАроЯрпНроЯропрпБроорпН роЙроЯрпИроХрпНроХрогрпБроорпН,other
ро╡рпЗроЪ рооро╡ройрпН,other
роиро╛ропрпН рокрпБрогрпНроЯрпИ роороХройрпН,other
роУродрпНродро╛ро░рпН роХройро╡рпБ роХройрпНроЯро╛ро░рпН,other
рокрпЛроЯро╛ роорогрпНрогро╛роЩрпНроХроЯрпНроЯро┐ роОроЩрпНроХро│рпН родро╛ропрпН родрооро┐ро┤рпН роороХрпНроХро│рпБроХрпНроХрпБ родрпЖро░ро┐ропрпБроорпНроЯро╛ роирпАро░рпН ропро╛ро░рпН роЙройрпН роХрпБроЯрпБроорпНрокроорпН роОройрпНрой роОройрпНро▒рпБ,other
роОройрпНройродро╛ройрпН роирпА родрооро┐ро┤рпН рокрпЗроЪро┐ройро╛ро▓рпБроорпН родро┤ро┐ро┤роХ роороХрпНроХро│рпБроХрпНроХрпБ роЪрпЖропрпНрод родрпБро░рпЛроХродрпНродрпИ рооро▒роХрпНроХ роХрпВроЯро╛родрпБ!,politics
роЕроЯрпЗропрпН ро╡ро╛роЪро▓ро┐ро▓рпН роиро╛ропрпН роХрпБро▓рпИроХрпНроХро┐родрпБ роЕроирпНрод роОро▓рпБроорпНрокрпБроХро│рпИ роОроЯрпБродрпНродрпБ роОро▒ро┐ропрпБроЩрпНроХро│рпН,other
роЙрогроХрпНроХрпБ роЪрпЖро░рпБрокрпНрокро╛ро▓рпНроЕроЯро┐роХрпНроХ ро╡рпЗрогрпБрпБ,other
punta Ni Anna avanukku suthu koduthiyo.atha nai ati vanguringa,other
роПройрпНроЯро╛ роорпВродро╡ро┐ роЕродрпБ роОройрпНройрпЛроЯ родройро┐рокрпНрокроЯрпНроЯ роХро░рпБродрпНродрпБ роорпБроЯро┐роЮрпНроЪро╛ рокро╛ро░рпБ роЗро▓рпНро▓рпИропро╛ роорпВроЯро┐роЯрпНроЯрпБ рооро╛ро▒рпБ,politics
роЯрпЗропрпН родрооро┐ро┤ро░рпИ роХрпКро▓рпИ роЪрпЖропрпНродро╛ропрпН роЗрокрпНрок родрооро┐ро┤рпИроХрпНроХрпКро▓рпИ роЪрпЖропрпНропро┐ро▒ро╛ропрпН роиро╛ропрпН<cm> роирпА роТро░рпБ роиро╛ро│рпИроХрпНроХрпБ роЪро░рпНро╡родрпЗроЪ ро╡ро┐роЪро╛ро░рогрпИропро┐ро▓рпН роЪро┐роХрпНроХро┐ роЙройроХрпНроХрпБ родрпВроХрпНроХрпБрокрпНрокрпЛроЯрпБро╡ро╛роЩрпНроХро│рпН рокрпКро▒рпБродрпНродро┐ро░рпБ роиро╛ропрпЗ,other
роирпАро░рпН роороЩрпНроХрпБройро┐ роЕроорпИроЪрпНроЪро░рпН роОройрпНрокродрпИ роорогро┐роХрпНроХрпКро░рпБроорпБро▒рпИ роХро╛роЯрпНроЯрпБроХро┐ройрпНро▒рпАро░рпН.роХ роХ рокрпЛ,other
рокрпКроЯро╛ роЪрпБрогрпНрогро┐,other
роорпБроХродрпНродро┐ро▓рпБроорпН роорпЗроХрпНроХрокрпН рокрпЗроЪрпНроЪро┐ро▓рпБроорпН роорпЗроХрпНроХрокрпН,other
Yaru unnaiya tamil pesa wechadu <cm><cm><cm><cm> koaiyala,religion
Thamse thamay okkama karala giye. Haraka,politics
роирпА роЗро░рпБрокрпНрокродро╛ро▓рпЗропрпЗ роХроЯро╡рпБро│рпН роЗро▓рпНро▓рпИ роОройрпНро▒рпБ роЙрогро░рпНроирпНродрпЗройрпН.,other
рокрпКроЯрпНроЯрокрпНрокроп,other
роЗро╡ройрпКро░рпБ рокропро┐родрпНродро┐ропроорпН роорпБродрпНродро┐роп ро╡ро┐роЪро▒ройрпН,other
ро╡ро░ро╡ро░ роЕро│роХройро╛роХрпБро▒ро╛ро░рпБ,other
Poda dvd paya,politics
sinhala ponnayan,politics
Ooooo Kamal marru,other
Dai innumada ivan kudumbattai nambureenka oddu motta siru paanmaiyum alijiduvaan,other
Ni pulukata punda,other
fuckoff,other
роиро╛роЪроорокрпН рокрпЛроХ,other